ISO-10303-21;
HEADER;
/* Generated by software containing ST-Developer
 * from STEP Tools, Inc. (www.steptools.com) 
 */

FILE_DESCRIPTION(
/* description */ (''),
/* implementation_level */ '2;1');

FILE_NAME(
/* name */ 'WK320_ENDSWITCH.step',
/* time_stamp */ '2023-07-12T23:53:22+02:00',
/* author */ (''),
/* organization */ (''),
/* preprocessor_version */ 'ST-DEVELOPER v19.2',
/* originating_system */ 'Autodesk Translation Framework v12.6.0.85',
/* authorisation */ '');

FILE_SCHEMA (('AUTOMOTIVE_DESIGN { 1 0 10303 214 3 1 1 }'));
ENDSEC;

DATA;
#10=MECHANICAL_DESIGN_GEOMETRIC_PRESENTATION_REPRESENTATION('',(#5090,#5091,
#5092,#5093,#5094,#5095,#5096,#5097,#5098,#5099,#5100,#5101,#5102,#5103,
#5104,#5105,#5106,#5107,#5108,#5109,#5110,#5111,#5112,#5113,#5114),#12686);
#11=ITEM_DEFINED_TRANSFORMATION($,$,#5452,#5721);
#12=ITEM_DEFINED_TRANSFORMATION($,$,#5537,#5722);
#13=ITEM_DEFINED_TRANSFORMATION($,$,#5672,#5723);
#14=ITEM_DEFINED_TRANSFORMATION($,$,#5684,#5724);
#15=(
REPRESENTATION_RELATIONSHIP($,$,#12706,#12705)
REPRESENTATION_RELATIONSHIP_WITH_TRANSFORMATION(#11)
SHAPE_REPRESENTATION_RELATIONSHIP()
);
#16=(
REPRESENTATION_RELATIONSHIP($,$,#12707,#12705)
REPRESENTATION_RELATIONSHIP_WITH_TRANSFORMATION(#12)
SHAPE_REPRESENTATION_RELATIONSHIP()
);
#17=(
REPRESENTATION_RELATIONSHIP($,$,#12708,#12705)
REPRESENTATION_RELATIONSHIP_WITH_TRANSFORMATION(#13)
SHAPE_REPRESENTATION_RELATIONSHIP()
);
#18=(
REPRESENTATION_RELATIONSHIP($,$,#12709,#12705)
REPRESENTATION_RELATIONSHIP_WITH_TRANSFORMATION(#14)
SHAPE_REPRESENTATION_RELATIONSHIP()
);
#19=CONTEXT_DEPENDENT_SHAPE_REPRESENTATION(#15,#12701);
#20=CONTEXT_DEPENDENT_SHAPE_REPRESENTATION(#16,#12702);
#21=CONTEXT_DEPENDENT_SHAPE_REPRESENTATION(#17,#12703);
#22=CONTEXT_DEPENDENT_SHAPE_REPRESENTATION(#18,#12704);
#23=NEXT_ASSEMBLY_USAGE_OCCURRENCE('PINS___ _________:1',
'PINS___ _________:1','PINS___ _________:1',#12711,#12712,
'PINS___ _________:1');
#24=NEXT_ASSEMBLY_USAGE_OCCURRENCE('High_Part___ _________:1',
'High_Part___ _________:1','High_Part___ _________:1',#12711,#12713,
'High_Part___ _________:1');
#25=NEXT_ASSEMBLY_USAGE_OCCURRENCE('Button___ _________:1',
'Button___ _________:1','Button___ _________:1',#12711,#12714,
'Button___ _________:1');
#26=NEXT_ASSEMBLY_USAGE_OCCURRENCE('Plate:1','Plate:1','Plate:1',#12711,
#12715,'Plate:1');
#27=B_SPLINE_SURFACE_WITH_KNOTS('',3,1,((#8540,#8541),(#8542,#8543),(#8544,
#8545),(#8546,#8547),(#8548,#8549),(#8550,#8551),(#8552,#8553),(#8554,#8555),
(#8556,#8557),(#8558,#8559),(#8560,#8561),(#8562,#8563),(#8564,#8565),(#8566,
#8567),(#8568,#8569),(#8570,#8571),(#8572,#8573),(#8574,#8575),(#8576,#8577)),
 .UNSPECIFIED.,.F.,.F.,.F.,(4,1,1,1,1,1,1,1,1,1,1,1,1,1,1,1,4),(2,2),(0.,
0.0633358805656862,0.125110758980212,0.184688411891715,0.243210443967865,
0.300888040413117,0.358370115531298,0.415761407703194,0.474386622989778,
0.533966264972407,0.594007564198808,0.655072407307679,0.718610042605139,
0.784374783051777,0.852991472212919,0.924900429297756,1.),(0.,0.012),
 .UNSPECIFIED.);
#28=B_SPLINE_SURFACE_WITH_KNOTS('',3,1,((#8601,#8602),(#8603,#8604),(#8605,
#8606),(#8607,#8608),(#8609,#8610),(#8611,#8612),(#8613,#8614),(#8615,#8616),
(#8617,#8618),(#8619,#8620),(#8621,#8622),(#8623,#8624),(#8625,#8626),(#8627,
#8628),(#8629,#8630),(#8631,#8632),(#8633,#8634),(#8635,#8636),(#8637,#8638),
(#8639,#8640),(#8641,#8642),(#8643,#8644),(#8645,#8646)),.UNSPECIFIED.,
 .F.,.F.,.F.,(4,1,1,1,1,1,1,1,1,1,1,1,1,1,1,1,1,1,1,1,4),(2,2),(0.,0.105343260998402,
0.20437546616543,0.298068661249065,0.387069938902977,0.429725727732517,
0.470901238953742,0.511121671027421,0.550178782470068,0.588354369896026,
0.626683010570897,0.664451685287477,0.702514853950157,0.740481171629403,
0.777618121594642,0.814716045066958,0.851526510015082,0.888098450837316,
0.925111675743715,0.96210369570715,1.),(0.,0.012),.UNSPECIFIED.);
#29=B_SPLINE_SURFACE_WITH_KNOTS('',3,1,((#8672,#8673),(#8674,#8675),(#8676,
#8677),(#8678,#8679),(#8680,#8681),(#8682,#8683),(#8684,#8685),(#8686,#8687),
(#8688,#8689),(#8690,#8691),(#8692,#8693),(#8694,#8695),(#8696,#8697),(#8698,
#8699),(#8700,#8701),(#8702,#8703),(#8704,#8705),(#8706,#8707),(#8708,#8709),
(#8710,#8711),(#8712,#8713),(#8714,#8715),(#8716,#8717)),.UNSPECIFIED.,
 .F.,.F.,.F.,(4,1,1,1,1,1,1,1,1,1,1,1,1,1,1,1,1,1,1,1,4),(2,2),(0.,0.0467628351215627,
0.0919686966072123,0.135804385380505,0.178231580183924,0.219441433226538,
0.260176943268593,0.300279606114032,0.340547641466616,0.380311190207669,
0.419641953569813,0.459017324098517,0.498181958889762,0.537670214562871,
0.577913331574361,0.618648841616416,0.660761602760318,0.74529917706318,
0.829744741690631,0.914602086609254,1.),(0.,0.012),.UNSPECIFIED.);
#30=B_SPLINE_SURFACE_WITH_KNOTS('',3,1,((#8743,#8744),(#8745,#8746),(#8747,
#8748),(#8749,#8750),(#8751,#8752),(#8753,#8754),(#8755,#8756),(#8757,#8758),
(#8759,#8760),(#8761,#8762),(#8763,#8764),(#8765,#8766),(#8767,#8768),(#8769,
#8770),(#8771,#8772),(#8773,#8774),(#8775,#8776),(#8777,#8778),(#8779,#8780)),
 .UNSPECIFIED.,.F.,.F.,.F.,(4,1,1,1,1,1,1,1,1,1,1,1,1,1,1,1,4),(2,2),(0.,
0.0772311103286301,0.151165179521725,0.220784705725399,0.28714951767777,
0.350632481295085,0.411306771507893,0.469964415137649,0.526707226683278,
0.582498333364128,0.638508727408025,0.694917981213909,0.752420352659154,
0.811250975415508,0.871856108990808,0.934644187852687,1.),(0.,0.012),
 .UNSPECIFIED.);
#31=B_SPLINE_SURFACE_WITH_KNOTS('',3,1,((#8806,#8807),(#8808,#8809),(#8810,
#8811),(#8812,#8813),(#8814,#8815),(#8816,#8817),(#8818,#8819),(#8820,#8821),
(#8822,#8823),(#8824,#8825),(#8826,#8827),(#8828,#8829),(#8830,#8831),(#8832,
#8833),(#8834,#8835),(#8836,#8837),(#8838,#8839),(#8840,#8841),(#8842,#8843)),
 .UNSPECIFIED.,.F.,.F.,.F.,(4,1,1,1,1,1,1,1,1,1,1,1,1,1,1,1,4),(2,2),(0.,
0.0686494919759958,0.134937373785155,0.198841898200612,0.26140932841831,
0.322516763706905,0.382376865698778,0.442470904753687,0.502227833479291,
0.562101433090857,0.62173160809488,0.681851312434415,0.742049167293959,
0.803908130474381,0.867162160246171,0.93236059793853,1.),(0.,0.012),
 .UNSPECIFIED.);
#32=B_SPLINE_SURFACE_WITH_KNOTS('',3,1,((#8865,#8866),(#8867,#8868),(#8869,
#8870),(#8871,#8872),(#8873,#8874),(#8875,#8876),(#8877,#8878),(#8879,#8880),
(#8881,#8882),(#8883,#8884),(#8885,#8886),(#8887,#8888),(#8889,#8890),(#8891,
#8892),(#8893,#8894),(#8895,#8896),(#8897,#8898),(#8899,#8900),(#8901,#8902),
(#8903,#8904),(#8905,#8906),(#8907,#8908),(#8909,#8910),(#8911,#8912),(#8913,
#8914),(#8915,#8916),(#8917,#8918)),.UNSPECIFIED.,.F.,.F.,.F.,(4,1,1,1,
1,1,1,1,1,1,1,1,1,1,1,1,1,1,1,1,1,1,1,1,4),(2,2),(0.,0.0494014326173353,
0.0976047534771124,0.144254705544543,0.189472143846675,0.233915005935092,
0.277237111150862,0.319858835564432,0.36195665443327,0.403485754226547,
0.443933636333855,0.483649175051375,0.522893283317272,0.561858384094737,
0.600794866898195,0.640104336189136,0.679643426826538,0.719399769190488,
0.758854192668097,0.798315464683075,0.837802408134366,0.877468586444409,
0.917682796942333,0.958392889853853,1.),(0.,0.012),.UNSPECIFIED.);
#33=B_SPLINE_SURFACE_WITH_KNOTS('',3,1,((#8948,#8949),(#8950,#8951),(#8952,
#8953),(#8954,#8955),(#8956,#8957),(#8958,#8959),(#8960,#8961),(#8962,#8963),
(#8964,#8965),(#8966,#8967),(#8968,#8969),(#8970,#8971),(#8972,#8973),(#8974,
#8975),(#8976,#8977),(#8978,#8979),(#8980,#8981),(#8982,#8983),(#8984,#8985),
(#8986,#8987),(#8988,#8989),(#8990,#8991),(#8992,#8993),(#8994,#8995),(#8996,
#8997),(#8998,#8999),(#9000,#9001)),.UNSPECIFIED.,.F.,.F.,.F.,(4,1,1,1,
1,1,1,1,1,1,1,1,1,1,1,1,1,1,1,1,1,1,1,1,4),(2,2),(0.,0.0491959188678574,
0.0962478839423328,0.141348630554565,0.18465611934875,0.226058682310063,
0.266173083638407,0.30528984139669,0.343245095104708,0.380877276086866,
0.418495793135026,0.4563187508918,0.494236737091876,0.533023528957667,0.572473194333944,
0.613078809089891,0.654934454610793,0.697396779504618,0.7398840686664,0.782194779819117,
0.825061534866703,0.867987465577405,0.911410543960078,0.955371945522814,
1.),(0.,0.012),.UNSPECIFIED.);
#34=B_SPLINE_SURFACE_WITH_KNOTS('',3,1,((#9031,#9032),(#9033,#9034),(#9035,
#9036),(#9037,#9038),(#9039,#9040),(#9041,#9042),(#9043,#9044),(#9045,#9046),
(#9047,#9048),(#9049,#9050),(#9051,#9052),(#9053,#9054),(#9055,#9056),(#9057,
#9058),(#9059,#9060),(#9061,#9062),(#9063,#9064),(#9065,#9066),(#9067,#9068)),
 .UNSPECIFIED.,.F.,.F.,.F.,(4,1,1,1,1,1,1,1,1,1,1,1,1,1,1,1,4),(2,2),(0.,
0.0715783870982365,0.140016209075355,0.206197439946981,0.270156103805654,
0.332001040268831,0.392755010928556,0.452579034490638,0.512252798847904,
0.57153225242856,0.630151752872219,0.688769169548556,0.74816390085036,0.808703372199651,
0.870256298480419,0.933900027507001,1.),(0.,0.012),.UNSPECIFIED.);
#35=B_SPLINE_SURFACE_WITH_KNOTS('',3,1,((#9327,#9328),(#9329,#9330),(#9331,
#9332),(#9333,#9334),(#9335,#9336),(#9337,#9338),(#9339,#9340),(#9341,#9342),
(#9343,#9344),(#9345,#9346),(#9347,#9348),(#9349,#9350),(#9351,#9352),(#9353,
#9354),(#9355,#9356),(#9357,#9358),(#9359,#9360),(#9361,#9362),(#9363,#9364),
(#9365,#9366),(#9367,#9368),(#9369,#9370),(#9371,#9372),(#9373,#9374),(#9375,
#9376),(#9377,#9378),(#9379,#9380)),.UNSPECIFIED.,.F.,.F.,.F.,(4,1,1,1,
1,1,1,1,1,1,1,1,1,1,1,1,1,1,1,1,1,1,1,1,4),(2,2),(0.,0.0446969998899167,
0.0885335629185875,0.131409133235227,0.173813942146778,0.215714533269445,
0.25724716032642,0.298847964179711,0.340604182714814,0.382029448109134,
0.422969750040485,0.463632229530619,0.504047543700394,0.544591205756457,
0.584963925169093,0.626265216268083,0.66797940050099,0.70994274720535,0.751381855085225,
0.792618564977964,0.833948435745821,0.875008050631104,0.916445530223275,
0.957906613728307,1.),(0.,0.012),.UNSPECIFIED.);
#36=B_SPLINE_SURFACE_WITH_KNOTS('',3,1,((#9383,#9384),(#9385,#9386),(#9387,
#9388),(#9389,#9390),(#9391,#9392),(#9393,#9394),(#9395,#9396),(#9397,#9398),
(#9399,#9400),(#9401,#9402),(#9403,#9404),(#9405,#9406),(#9407,#9408),(#9409,
#9410),(#9411,#9412),(#9413,#9414),(#9415,#9416),(#9417,#9418),(#9419,#9420),
(#9421,#9422),(#9423,#9424),(#9425,#9426),(#9427,#9428),(#9429,#9430),(#9431,
#9432),(#9433,#9434),(#9435,#9436)),.UNSPECIFIED.,.F.,.F.,.F.,(4,1,1,1,
1,1,1,1,1,1,1,1,1,1,1,1,1,1,1,1,1,1,1,1,4),(2,2),(0.,0.0475595569054262,
0.0939621052432106,0.139111533240822,0.183626310126904,0.227457028400493,
0.270702510551854,0.313610532115554,0.356260451084977,0.398366152955037,
0.43955651497928,0.48004538302142,0.519888495705012,0.559657750317197,0.599421254662741,
0.639207755088398,0.67966837498578,0.720019852512848,0.759858865562457,
0.79955988483238,0.839199144636439,0.878956076230279,0.918794269302466,
0.959083362843275,1.),(0.,0.012),.UNSPECIFIED.);
#37=B_SPLINE_SURFACE_WITH_KNOTS('',3,1,((#9438,#9439),(#9440,#9441),(#9442,
#9443),(#9444,#9445),(#9446,#9447),(#9448,#9449),(#9450,#9451),(#9452,#9453),
(#9454,#9455),(#9456,#9457),(#9458,#9459),(#9460,#9461),(#9462,#9463),(#9464,
#9465),(#9466,#9467),(#9468,#9469),(#9470,#9471),(#9472,#9473),(#9474,#9475),
(#9476,#9477),(#9478,#9479),(#9480,#9481),(#9482,#9483),(#9484,#9485),(#9486,
#9487),(#9488,#9489),(#9490,#9491)),.UNSPECIFIED.,.F.,.F.,.F.,(4,1,1,1,
1,1,1,1,1,1,1,1,1,1,1,1,1,1,1,1,1,1,1,1,4),(2,2),(0.,0.0430989705688967,
0.0855867603450734,0.126907665743639,0.167967485621521,0.208449558601065,
0.249025424641544,0.28928053417168,0.330009848982731,0.370597724099577,
0.4104659863327,0.450033215892948,0.489688209604248,0.529116423074191,0.569036807092509,
0.609703054235945,0.65075891749422,0.692509262406178,0.734219121370686,
0.776706911146862,0.819551840240322,0.863350728831333,0.907838525130061,
0.953333703612418,1.),(0.,0.012),.UNSPECIFIED.);
#38=B_SPLINE_SURFACE_WITH_KNOTS('',3,1,((#9493,#9494),(#9495,#9496),(#9497,
#9498),(#9499,#9500),(#9501,#9502),(#9503,#9504),(#9505,#9506),(#9507,#9508),
(#9509,#9510),(#9511,#9512),(#9513,#9514),(#9515,#9516),(#9517,#9518),(#9519,
#9520),(#9521,#9522),(#9523,#9524),(#9525,#9526),(#9527,#9528),(#9529,#9530)),
 .UNSPECIFIED.,.F.,.F.,.F.,(4,1,1,1,1,1,1,1,1,1,1,1,1,1,1,1,4),(2,2),(0.,
0.0752263466908985,0.146574721526852,0.214500251826475,0.279529971653023,
0.342402951588382,0.403496052728808,0.46376160650304,0.523864359079587,
0.583251724254966,0.641302039283135,0.698897774856489,0.756295243811309,
0.814627804812969,0.874324768339998,0.935783283862545,1.),(0.,0.012),
 .UNSPECIFIED.);
#39=B_SPLINE_SURFACE_WITH_KNOTS('',3,1,((#9531,#9532),(#9533,#9534),(#9535,
#9536),(#9537,#9538),(#9539,#9540),(#9541,#9542),(#9543,#9544),(#9545,#9546),
(#9547,#9548),(#9549,#9550),(#9551,#9552),(#9553,#9554),(#9555,#9556),(#9557,
#9558),(#9559,#9560),(#9561,#9562),(#9563,#9564),(#9565,#9566),(#9567,#9568)),
 .UNSPECIFIED.,.F.,.F.,.F.,(4,1,1,1,1,1,1,1,1,1,1,1,1,1,1,1,4),(2,2),(0.,
0.0559431333569188,0.110382035689841,0.164047858882849,0.216759477543587,
0.269601134614448,0.323008505190869,0.377581443672136,0.433449336708054,
0.490921858049894,0.550624770871326,0.613116872309818,0.679860746351851,
0.7513577440202,0.828261101258994,0.910795032065629,1.),(0.,0.012),
 .UNSPECIFIED.);
#40=B_SPLINE_SURFACE_WITH_KNOTS('',3,1,((#9592,#9593),(#9594,#9595),(#9596,
#9597),(#9598,#9599),(#9600,#9601),(#9602,#9603),(#9604,#9605),(#9606,#9607),
(#9608,#9609),(#9610,#9611),(#9612,#9613),(#9614,#9615),(#9616,#9617),(#9618,
#9619),(#9620,#9621),(#9622,#9623),(#9624,#9625),(#9626,#9627),(#9628,#9629)),
 .UNSPECIFIED.,.F.,.F.,.F.,(4,1,1,1,1,1,1,1,1,1,1,1,1,1,1,1,4),(2,2),(0.,
0.0759644026221998,0.148125223974872,0.217200611144603,0.283299909372361,
0.347201868136241,0.409299540705924,0.470425616107403,0.531588064052835,
0.59173917291737,0.650257744290573,0.707303039952286,0.764208464022915,
0.821147532010132,0.879118812155254,0.938422818393667,1.),(0.,0.012),
 .UNSPECIFIED.);
#41=B_SPLINE_SURFACE_WITH_KNOTS('',3,1,((#9651,#9652),(#9653,#9654),(#9655,
#9656),(#9657,#9658),(#9659,#9660),(#9661,#9662),(#9663,#9664),(#9665,#9666),
(#9667,#9668),(#9669,#9670),(#9671,#9672),(#9673,#9674),(#9675,#9676),(#9677,
#9678),(#9679,#9680),(#9681,#9682),(#9683,#9684),(#9685,#9686),(#9687,#9688)),
 .UNSPECIFIED.,.F.,.F.,.F.,(4,1,1,1,1,1,1,1,1,1,1,1,1,1,1,1,4),(2,2),(0.,
0.061054911743283,0.119545345084744,0.176806356245103,0.232956483031685,
0.288583489946503,0.344666661721301,0.401661510837446,0.460540097308277,
0.520477062322188,0.5812128653554,0.64343075972201,0.707960869521243,0.775370743533673,
0.84641367728133,0.921151887189369,1.),(0.,0.012),.UNSPECIFIED.);
#42=B_SPLINE_SURFACE_WITH_KNOTS('',3,1,((#9710,#9711),(#9712,#9713),(#9714,
#9715),(#9716,#9717),(#9718,#9719),(#9720,#9721),(#9722,#9723),(#9724,#9725),
(#9726,#9727),(#9728,#9729),(#9730,#9731),(#9732,#9733),(#9734,#9735),(#9736,
#9737),(#9738,#9739),(#9740,#9741),(#9742,#9743),(#9744,#9745),(#9746,#9747),
(#9748,#9749),(#9750,#9751),(#9752,#9753),(#9754,#9755),(#9756,#9757),(#9758,
#9759),(#9760,#9761),(#9762,#9763)),.UNSPECIFIED.,.F.,.F.,.F.,(4,1,1,1,
1,1,1,1,1,1,1,1,1,1,1,1,1,1,1,1,1,1,1,1,4),(2,2),(0.,0.050851615792284,
0.099752467809416,0.147437647776931,0.194085783932704,0.239170927084144,
0.283339822245434,0.326577149723843,0.368936281499902,0.410571872681449,
0.451050593494912,0.490876862992416,0.530044332484387,0.568936663310331,
0.607577862131133,0.646420096450513,0.685679351306394,0.724798584980197,
0.763513008404512,0.802172526378755,0.840740361572613,0.879649376900586,
0.919070612866341,0.959097862217225,1.),(0.,0.012),.UNSPECIFIED.);
#43=B_SPLINE_SURFACE_WITH_KNOTS('',3,1,((#9833,#9834),(#9835,#9836),(#9837,
#9838),(#9839,#9840),(#9841,#9842),(#9843,#9844),(#9845,#9846),(#9847,#9848),
(#9849,#9850),(#9851,#9852),(#9853,#9854),(#9855,#9856),(#9857,#9858),(#9859,
#9860),(#9861,#9862),(#9863,#9864),(#9865,#9866),(#9867,#9868),(#9869,#9870)),
 .UNSPECIFIED.,.F.,.F.,.F.,(4,1,1,1,1,1,1,1,1,1,1,1,1,1,1,1,4),(2,2),(0.,
0.0633358805656842,0.125110758980212,0.184688411891713,0.243210443967863,
0.300888040413115,0.358370115531299,0.415761407703194,0.474386622989777,
0.533966264972407,0.594007564198808,0.65507240730768,0.718610042605137,
0.784374783051776,0.852991472212919,0.924900429297756,1.),(0.,0.012),
 .UNSPECIFIED.);
#44=B_SPLINE_SURFACE_WITH_KNOTS('',3,1,((#9894,#9895),(#9896,#9897),(#9898,
#9899),(#9900,#9901),(#9902,#9903),(#9904,#9905),(#9906,#9907),(#9908,#9909),
(#9910,#9911),(#9912,#9913),(#9914,#9915),(#9916,#9917),(#9918,#9919),(#9920,
#9921),(#9922,#9923),(#9924,#9925),(#9926,#9927),(#9928,#9929),(#9930,#9931),
(#9932,#9933),(#9934,#9935),(#9936,#9937),(#9938,#9939)),.UNSPECIFIED.,
 .F.,.F.,.F.,(4,1,1,1,1,1,1,1,1,1,1,1,1,1,1,1,1,1,1,1,4),(2,2),(0.,0.105343260998402,
0.204375466165429,0.298068661249065,0.387069938902977,0.429725727732516,
0.470901238953741,0.511121671027421,0.550178782470068,0.588354369896026,
0.626683010570897,0.664451685287477,0.702514853950156,0.740481171629403,
0.77761812159464,0.814716045066957,0.85152651001508,0.888098450837315,0.925111675743715,
0.96210369570715,1.),(0.,0.012),.UNSPECIFIED.);
#45=B_SPLINE_SURFACE_WITH_KNOTS('',3,1,((#9965,#9966),(#9967,#9968),(#9969,
#9970),(#9971,#9972),(#9973,#9974),(#9975,#9976),(#9977,#9978),(#9979,#9980),
(#9981,#9982),(#9983,#9984),(#9985,#9986),(#9987,#9988),(#9989,#9990),(#9991,
#9992),(#9993,#9994),(#9995,#9996),(#9997,#9998),(#9999,#10000),(#10001,
#10002),(#10003,#10004),(#10005,#10006),(#10007,#10008),(#10009,#10010)),
 .UNSPECIFIED.,.F.,.F.,.F.,(4,1,1,1,1,1,1,1,1,1,1,1,1,1,1,1,1,1,1,1,4),
(2,2),(0.,0.0467628351215612,0.0919686966072125,0.135804385380505,0.178231580183923,
0.219441433226537,0.260176943268592,0.30027960611403,0.340547641466617,
0.380311190207667,0.419641953569811,0.459017324098516,0.498181958889762,
0.537670214562871,0.577913331574361,0.618648841616415,0.660761602760317,
0.745299177063179,0.829744741690631,0.914602086609253,1.),(0.,0.012),
 .UNSPECIFIED.);
#46=B_SPLINE_SURFACE_WITH_KNOTS('',3,1,((#10036,#10037),(#10038,#10039),
(#10040,#10041),(#10042,#10043),(#10044,#10045),(#10046,#10047),(#10048,
#10049),(#10050,#10051),(#10052,#10053),(#10054,#10055),(#10056,#10057),
(#10058,#10059),(#10060,#10061),(#10062,#10063),(#10064,#10065),(#10066,
#10067),(#10068,#10069),(#10070,#10071),(#10072,#10073)),.UNSPECIFIED.,
 .F.,.F.,.F.,(4,1,1,1,1,1,1,1,1,1,1,1,1,1,1,1,4),(2,2),(0.,0.0772311103286307,
0.151165179521725,0.2207847057254,0.287149517677769,0.350632481295084,0.411306771507892,
0.469964415137649,0.526707226683279,0.582498333364124,0.638508727408021,
0.694917981213905,0.752420352659152,0.811250975415506,0.871856108990803,
0.934644187852685,1.),(0.,0.012),.UNSPECIFIED.);
#47=B_SPLINE_SURFACE_WITH_KNOTS('',3,1,((#10099,#10100),(#10101,#10102),
(#10103,#10104),(#10105,#10106),(#10107,#10108),(#10109,#10110),(#10111,
#10112),(#10113,#10114),(#10115,#10116),(#10117,#10118),(#10119,#10120),
(#10121,#10122),(#10123,#10124),(#10125,#10126),(#10127,#10128),(#10129,
#10130),(#10131,#10132),(#10133,#10134),(#10135,#10136)),.UNSPECIFIED.,
 .F.,.F.,.F.,(4,1,1,1,1,1,1,1,1,1,1,1,1,1,1,1,4),(2,2),(0.,0.0686494919759974,
0.134937373785157,0.19884189820061,0.26140932841831,0.322516763706905,0.382376865698779,
0.442470904753687,0.502227833479291,0.562101433090858,0.621731608094879,
0.681851312434416,0.742049167293959,0.803908130474381,0.86716216024617,
0.93236059793853,1.),(0.,0.012),.UNSPECIFIED.);
#48=B_SPLINE_SURFACE_WITH_KNOTS('',3,1,((#10158,#10159),(#10160,#10161),
(#10162,#10163),(#10164,#10165),(#10166,#10167),(#10168,#10169),(#10170,
#10171),(#10172,#10173),(#10174,#10175),(#10176,#10177),(#10178,#10179),
(#10180,#10181),(#10182,#10183),(#10184,#10185),(#10186,#10187),(#10188,
#10189),(#10190,#10191),(#10192,#10193),(#10194,#10195),(#10196,#10197),
(#10198,#10199),(#10200,#10201),(#10202,#10203),(#10204,#10205),(#10206,
#10207),(#10208,#10209),(#10210,#10211)),.UNSPECIFIED.,.F.,.F.,.F.,(4,1,
1,1,1,1,1,1,1,1,1,1,1,1,1,1,1,1,1,1,1,1,1,1,4),(2,2),(0.,0.0494014326173354,
0.0976047534771125,0.144254705544543,0.189472143846675,0.233915005935092,
0.277237111150862,0.319858835564432,0.361956654433271,0.403485754226547,
0.443933636333855,0.483649175051376,0.522893283317271,0.561858384094738,
0.600794866898196,0.640104336189136,0.679643426826539,0.719399769190488,
0.758854192668099,0.798315464683076,0.837802408134366,0.877468586444409,
0.917682796942333,0.958392889853853,1.),(0.,0.012),.UNSPECIFIED.);
#49=B_SPLINE_SURFACE_WITH_KNOTS('',3,1,((#10241,#10242),(#10243,#10244),
(#10245,#10246),(#10247,#10248),(#10249,#10250),(#10251,#10252),(#10253,
#10254),(#10255,#10256),(#10257,#10258),(#10259,#10260),(#10261,#10262),
(#10263,#10264),(#10265,#10266),(#10267,#10268),(#10269,#10270),(#10271,
#10272),(#10273,#10274),(#10275,#10276),(#10277,#10278),(#10279,#10280),
(#10281,#10282),(#10283,#10284),(#10285,#10286),(#10287,#10288),(#10289,
#10290),(#10291,#10292),(#10293,#10294)),.UNSPECIFIED.,.F.,.F.,.F.,(4,1,
1,1,1,1,1,1,1,1,1,1,1,1,1,1,1,1,1,1,1,1,1,1,4),(2,2),(0.,0.0491959188678574,
0.0962478839423349,0.141348630554566,0.18465611934875,0.226058682310064,
0.266173083638407,0.305289841396691,0.343245095104708,0.380877276086866,
0.418495793135026,0.4563187508918,0.494236737091877,0.533023528957668,0.572473194333944,
0.613078809089891,0.654934454610793,0.697396779504618,0.7398840686664,0.782194779819118,
0.825061534866704,0.867987465577406,0.911410543960078,0.955371945522814,
1.),(0.,0.012),.UNSPECIFIED.);
#50=B_SPLINE_SURFACE_WITH_KNOTS('',3,1,((#10324,#10325),(#10326,#10327),
(#10328,#10329),(#10330,#10331),(#10332,#10333),(#10334,#10335),(#10336,
#10337),(#10338,#10339),(#10340,#10341),(#10342,#10343),(#10344,#10345),
(#10346,#10347),(#10348,#10349),(#10350,#10351),(#10352,#10353),(#10354,
#10355),(#10356,#10357),(#10358,#10359),(#10360,#10361)),.UNSPECIFIED.,
 .F.,.F.,.F.,(4,1,1,1,1,1,1,1,1,1,1,1,1,1,1,1,4),(2,2),(0.,0.0715783870982365,
0.140016209075356,0.206197439946981,0.270156103805654,0.332001040268831,
0.392755010928556,0.452579034490638,0.512252798847904,0.57153225242856,
0.630151752872219,0.688769169548558,0.748163900850362,0.808703372199651,
0.870256298480422,0.933900027507004,1.),(0.,0.012),.UNSPECIFIED.);
#51=B_SPLINE_SURFACE_WITH_KNOTS('',3,1,((#10396,#10397),(#10398,#10399),
(#10400,#10401),(#10402,#10403),(#10404,#10405),(#10406,#10407),(#10408,
#10409),(#10410,#10411),(#10412,#10413),(#10414,#10415),(#10416,#10417)),
 .UNSPECIFIED.,.F.,.F.,.F.,(4,1,1,1,1,1,1,1,4),(2,2),(0.,0.142657250700613,
0.281168993905443,0.416977192367974,0.550852492747556,0.678364170261811,
0.795032443007094,0.901998178347352,1.),(0.,0.012),.UNSPECIFIED.);
#52=B_SPLINE_SURFACE_WITH_KNOTS('',3,1,((#10435,#10436),(#10437,#10438),
(#10439,#10440),(#10441,#10442),(#10443,#10444),(#10445,#10446),(#10447,
#10448),(#10449,#10450),(#10451,#10452),(#10453,#10454),(#10455,#10456)),
 .UNSPECIFIED.,.F.,.F.,.F.,(4,1,1,1,1,1,1,1,4),(2,2),(0.,0.111670300101587,
0.232094480856017,0.362743459104553,0.502557509710884,0.64152510333128,
0.771098495299667,0.890161757373252,1.),(0.,0.012),.UNSPECIFIED.);
#53=B_SPLINE_SURFACE_WITH_KNOTS('',3,1,((#10550,#10551),(#10552,#10553),
(#10554,#10555),(#10556,#10557),(#10558,#10559),(#10560,#10561),(#10562,
#10563),(#10564,#10565),(#10566,#10567),(#10568,#10569),(#10570,#10571)),
 .UNSPECIFIED.,.F.,.F.,.F.,(4,1,1,1,1,1,1,1,4),(2,2),(0.,0.153148108592631,
0.299433468832906,0.43642635145675,0.565670572956357,0.686508310287873,
0.799268516063006,0.903394740801346,1.),(0.,0.012),.UNSPECIFIED.);
#54=B_SPLINE_SURFACE_WITH_KNOTS('',3,1,((#10585,#10586),(#10587,#10588),
(#10589,#10590),(#10591,#10592),(#10593,#10594),(#10595,#10596),(#10597,
#10598)),.UNSPECIFIED.,.F.,.F.,.F.,(4,1,1,1,4),(2,2),(0.,0.247294050035336,
0.495607770909051,0.746359172773196,1.),(0.,0.012),.UNSPECIFIED.);
#55=B_SPLINE_SURFACE_WITH_KNOTS('',3,1,((#10617,#10618),(#10619,#10620),
(#10621,#10622),(#10623,#10624),(#10625,#10626),(#10627,#10628),(#10629,
#10630),(#10631,#10632),(#10633,#10634),(#10635,#10636),(#10637,#10638)),
 .UNSPECIFIED.,.F.,.F.,.F.,(4,1,1,1,1,1,1,1,4),(2,2),(0.,0.142657250700613,
0.281168993905442,0.416977192367974,0.550852492747557,0.678364170261811,
0.795032443007094,0.901998178347352,1.),(0.,0.012),.UNSPECIFIED.);
#56=B_SPLINE_SURFACE_WITH_KNOTS('',3,1,((#10656,#10657),(#10658,#10659),
(#10660,#10661),(#10662,#10663),(#10664,#10665),(#10666,#10667),(#10668,
#10669),(#10670,#10671),(#10672,#10673),(#10674,#10675),(#10676,#10677)),
 .UNSPECIFIED.,.F.,.F.,.F.,(4,1,1,1,1,1,1,1,4),(2,2),(0.,0.111670300101586,
0.232094480856017,0.362743459104552,0.502557509710885,0.641525103331281,
0.771098495299668,0.890161757373252,1.),(0.,0.012),.UNSPECIFIED.);
#57=B_SPLINE_SURFACE_WITH_KNOTS('',3,1,((#10704,#10705),(#10706,#10707),
(#10708,#10709),(#10710,#10711),(#10712,#10713),(#10714,#10715),(#10716,
#10717),(#10718,#10719),(#10720,#10721),(#10722,#10723),(#10724,#10725),
(#10726,#10727),(#10728,#10729)),.UNSPECIFIED.,.F.,.F.,.F.,(4,1,1,1,1,1,
1,1,1,1,4),(2,2),(0.,0.124199672652486,0.236829658110026,0.339494985306282,
0.431253510031224,0.511454872119418,0.58122303662346,0.640495374864369,
0.688308204932018,0.850332973414688,1.),(0.,0.012),.UNSPECIFIED.);
#58=B_SPLINE_SURFACE_WITH_KNOTS('',3,1,((#10745,#10746),(#10747,#10748),
(#10749,#10750),(#10751,#10752),(#10753,#10754),(#10755,#10756),(#10757,
#10758),(#10759,#10760),(#10761,#10762),(#10763,#10764),(#10765,#10766),
(#10767,#10768),(#10769,#10770),(#10771,#10772),(#10773,#10774),(#10775,
#10776),(#10777,#10778),(#10779,#10780),(#10781,#10782)),.UNSPECIFIED.,
 .F.,.F.,.F.,(4,1,1,1,1,1,1,1,1,1,1,1,1,1,1,1,4),(2,2),(0.,0.0579448754623242,
0.116017625425681,0.17482578436384,0.23468309007937,0.296827030328914,0.364061335963787,
0.436192424049738,0.51426011954144,0.556975897165489,0.604855928383653,
0.657675201073488,0.715750584661932,0.778839799166455,0.847501189473864,
0.921228230946324,1.),(0.,0.012),.UNSPECIFIED.);
#59=B_SPLINE_SURFACE_WITH_KNOTS('',3,1,((#10804,#10805),(#10806,#10807),
(#10808,#10809),(#10810,#10811),(#10812,#10813),(#10814,#10815),(#10816,
#10817),(#10818,#10819),(#10820,#10821),(#10822,#10823),(#10824,#10825),
(#10826,#10827),(#10828,#10829),(#10830,#10831),(#10832,#10833),(#10834,
#10835),(#10836,#10837),(#10838,#10839),(#10840,#10841)),.UNSPECIFIED.,
 .F.,.F.,.F.,(4,1,1,1,1,1,1,1,1,1,1,1,1,1,1,1,4),(2,2),(0.,0.0747118903045012,
0.145539202374909,0.213339057250972,0.278615073538471,0.342094196941498,
0.403890075959195,0.46506335256552,0.526576736383485,0.587328334028767,
0.646380455703143,0.704345308375325,0.761671948999078,0.819417859046864,
0.87803939978168,0.937795509007053,1.),(0.,0.012),.UNSPECIFIED.);
#60=B_SPLINE_SURFACE_WITH_KNOTS('',3,1,((#10863,#10864),(#10865,#10866),
(#10867,#10868),(#10869,#10870),(#10871,#10872),(#10873,#10874),(#10875,
#10876),(#10877,#10878),(#10879,#10880),(#10881,#10882),(#10883,#10884),
(#10885,#10886),(#10887,#10888),(#10889,#10890),(#10891,#10892),(#10893,
#10894),(#10895,#10896),(#10897,#10898),(#10899,#10900)),.UNSPECIFIED.,
 .F.,.F.,.F.,(4,1,1,1,1,1,1,1,1,1,1,1,1,1,1,1,4),(2,2),(0.,0.0706752902033301,
0.137492693844125,0.201472825372306,0.262869321772291,0.322550086526157,
0.380737251338555,0.438219736856012,0.495487437060286,0.553483679695348,
0.611346206229429,0.670643738814156,0.731586948422713,0.794183193799938,
0.85944511193475,0.92820763539981,1.),(0.,0.012),.UNSPECIFIED.);
#61=B_SPLINE_SURFACE_WITH_KNOTS('',3,1,((#10926,#10927),(#10928,#10929),
(#10930,#10931),(#10932,#10933),(#10934,#10935),(#10936,#10937),(#10938,
#10939),(#10940,#10941),(#10942,#10943),(#10944,#10945),(#10946,#10947),
(#10948,#10949),(#10950,#10951),(#10952,#10953),(#10954,#10955),(#10956,
#10957),(#10958,#10959),(#10960,#10961),(#10962,#10963)),.UNSPECIFIED.,
 .F.,.F.,.F.,(4,1,1,1,1,1,1,1,1,1,1,1,1,1,1,1,4),(2,2),(0.,0.0706964833433759,
0.138358213203068,0.20336986825917,0.26570021334023,0.327255868197376,0.386512343329294,
0.445858297481949,0.505173143806938,0.56377976280702,0.622343064293438,
0.68082357961002,0.739795156810438,0.800801162988383,0.864239461576907,
0.930631098173451,1.),(0.,0.012),.UNSPECIFIED.);
#62=B_SPLINE_SURFACE_WITH_KNOTS('',3,1,((#10985,#10986),(#10987,#10988),
(#10989,#10990),(#10991,#10992),(#10993,#10994),(#10995,#10996),(#10997,
#10998),(#10999,#11000),(#11001,#11002),(#11003,#11004),(#11005,#11006),
(#11007,#11008),(#11009,#11010),(#11011,#11012),(#11013,#11014),(#11015,
#11016),(#11017,#11018),(#11019,#11020),(#11021,#11022)),.UNSPECIFIED.,
 .F.,.F.,.F.,(4,1,1,1,1,1,1,1,1,1,1,1,1,1,1,1,4),(2,2),(0.,0.0617621567680683,
0.121173992653629,0.179421406825315,0.236843434650275,0.294321795413398,
0.353190962794525,0.412720706416324,0.474522150703716,0.537056744142137,
0.599591337580556,0.662366979354306,0.725245644679491,0.790316446125079,
0.857724300954093,0.927231952378493,1.),(0.,0.012),.UNSPECIFIED.);
#63=B_SPLINE_SURFACE_WITH_KNOTS('',3,1,((#11044,#11045),(#11046,#11047),
(#11048,#11049),(#11050,#11051),(#11052,#11053),(#11054,#11055),(#11056,
#11057),(#11058,#11059),(#11060,#11061),(#11062,#11063),(#11064,#11065),
(#11066,#11067),(#11068,#11069),(#11070,#11071),(#11072,#11073),(#11074,
#11075),(#11076,#11077),(#11078,#11079),(#11080,#11081)),.UNSPECIFIED.,
 .F.,.F.,.F.,(4,1,1,1,1,1,1,1,1,1,1,1,1,1,1,1,4),(2,2),(0.,0.11140966004266,
0.214526367255801,0.309417225445833,0.396087190799031,0.474284216426246,
0.544373881639698,0.606419562810536,0.660581602374974,0.709793818064757,
0.756450648591829,0.800767325303931,0.843168287941334,0.884294868550048,
0.923884502055284,0.962358710139215,1.),(0.,0.012),.UNSPECIFIED.);
#64=B_SPLINE_SURFACE_WITH_KNOTS('',3,1,((#11103,#11104),(#11105,#11106),
(#11107,#11108),(#11109,#11110),(#11111,#11112),(#11113,#11114),(#11115,
#11116),(#11117,#11118),(#11119,#11120),(#11121,#11122),(#11123,#11124),
(#11125,#11126),(#11127,#11128),(#11129,#11130),(#11131,#11132)),
 .UNSPECIFIED.,.F.,.F.,.F.,(4,1,1,1,1,1,1,1,1,1,1,1,4),(2,2),(0.,0.100388143139711,
0.204406793037309,0.310686083094208,0.422157293882799,0.480685460770373,
0.543238154452669,0.609499504564565,0.679554608774224,0.753841222051176,
0.831640676489386,0.913812706809591,1.),(0.,0.012),.UNSPECIFIED.);
#65=B_SPLINE_SURFACE_WITH_KNOTS('',3,1,((#11150,#11151),(#11152,#11153),
(#11154,#11155),(#11156,#11157),(#11158,#11159),(#11160,#11161),(#11162,
#11163)),.UNSPECIFIED.,.F.,.F.,.F.,(4,1,1,1,4),(2,2),(0.,0.252643327583237,
0.504439852579988,0.750406804281458,1.),(0.,0.012),.UNSPECIFIED.);
#66=B_SPLINE_SURFACE_WITH_KNOTS('',3,1,((#11180,#11181),(#11182,#11183),
(#11184,#11185),(#11186,#11187),(#11188,#11189),(#11190,#11191),(#11192,
#11193),(#11194,#11195),(#11196,#11197),(#11198,#11199),(#11200,#11201),
(#11202,#11203),(#11204,#11205),(#11206,#11207),(#11208,#11209),(#11210,
#11211),(#11212,#11213),(#11214,#11215),(#11216,#11217)),.UNSPECIFIED.,
 .F.,.F.,.F.,(4,1,1,1,1,1,1,1,1,1,1,1,1,1,1,1,4),(2,2),(0.,0.0692980234597528,
0.135560844101282,0.199670955647057,0.261716238495609,0.322661929947103,
0.382906923778224,0.443032033072891,0.503500787350162,0.563724281017108,
0.623980022053474,0.683629386995523,0.74384827248573,0.805191846229511,
0.867648742959768,0.93277808423126,1.),(0.,0.012),.UNSPECIFIED.);
#67=B_SPLINE_SURFACE_WITH_KNOTS('',3,1,((#11241,#11242),(#11243,#11244),
(#11245,#11246),(#11247,#11248),(#11249,#11250),(#11251,#11252),(#11253,
#11254),(#11255,#11256),(#11257,#11258),(#11259,#11260),(#11261,#11262)),
 .UNSPECIFIED.,.F.,.F.,.F.,(4,1,1,1,1,1,1,1,4),(2,2),(0.,0.127892619465422,
0.251578513503857,0.372792819702304,0.492777698607854,0.613590069242571,
0.737808649280148,0.866179901539168,1.),(0.,0.012),.UNSPECIFIED.);
#68=B_SPLINE_SURFACE_WITH_KNOTS('',3,1,((#11276,#11277),(#11278,#11279),
(#11280,#11281),(#11282,#11283),(#11284,#11285),(#11286,#11287),(#11288,
#11289),(#11290,#11291),(#11292,#11293),(#11294,#11295),(#11296,#11297)),
 .UNSPECIFIED.,.F.,.F.,.F.,(4,1,1,1,1,1,1,1,4),(2,2),(0.,0.132461622242641,
0.261649501035492,0.387546698416367,0.510781629293349,0.632675360599711,
0.754660354138139,0.876522779802867,1.),(0.,0.012),.UNSPECIFIED.);
#69=B_SPLINE_SURFACE_WITH_KNOTS('',3,1,((#11311,#11312),(#11313,#11314),
(#11315,#11316),(#11317,#11318),(#11319,#11320),(#11321,#11322),(#11323,
#11324),(#11325,#11326),(#11327,#11328),(#11329,#11330),(#11331,#11332),
(#11333,#11334),(#11335,#11336),(#11337,#11338),(#11339,#11340),(#11341,
#11342),(#11343,#11344),(#11345,#11346),(#11347,#11348)),.UNSPECIFIED.,
 .F.,.F.,.F.,(4,1,1,1,1,1,1,1,1,1,1,1,1,1,1,1,4),(2,2),(0.,0.0619974190757224,
0.122087954082292,0.181375310787003,0.239508008395365,0.297835697896751,
0.356879970653117,0.417281825115428,0.479640409079816,0.542500067478356,
0.60496241964819,0.666991033078264,0.730216243010164,0.794172863251257,
0.860458143150262,0.928578179984783,1.),(0.,0.012),.UNSPECIFIED.);
#70=B_SPLINE_SURFACE_WITH_KNOTS('',3,1,((#11370,#11371),(#11372,#11373),
(#11374,#11375),(#11376,#11377),(#11378,#11379),(#11380,#11381),(#11382,
#11383),(#11384,#11385),(#11386,#11387),(#11388,#11389),(#11390,#11391)),
 .UNSPECIFIED.,.F.,.F.,.F.,(4,1,1,1,1,1,1,1,4),(2,2),(0.,0.136729401859573,
0.268514916790827,0.395529404684808,0.51999995356581,0.640496476841267,
0.76123610176253,0.88010671717595,1.),(0.,0.012),.UNSPECIFIED.);
#71=B_SPLINE_SURFACE_WITH_KNOTS('',3,1,((#11429,#11430),(#11431,#11432),
(#11433,#11434),(#11435,#11436),(#11437,#11438),(#11439,#11440),(#11441,
#11442),(#11443,#11444),(#11445,#11446),(#11447,#11448),(#11449,#11450)),
 .UNSPECIFIED.,.F.,.F.,.F.,(4,1,1,1,1,1,1,1,4),(2,2),(0.,0.147859636731251,
0.283561321939548,0.41236939613853,0.534236355887944,0.652691629311982,
0.768663059498123,0.883652401860402,1.),(0.,0.012),.UNSPECIFIED.);
#72=B_SPLINE_SURFACE_WITH_KNOTS('',3,1,((#11464,#11465),(#11466,#11467),
(#11468,#11469),(#11470,#11471),(#11472,#11473),(#11474,#11475),(#11476,
#11477),(#11478,#11479),(#11480,#11481),(#11482,#11483),(#11484,#11485),
(#11486,#11487),(#11488,#11489),(#11490,#11491),(#11492,#11493),(#11494,
#11495),(#11496,#11497),(#11498,#11499),(#11500,#11501)),.UNSPECIFIED.,
 .F.,.F.,.F.,(4,1,1,1,1,1,1,1,1,1,1,1,1,1,1,1,4),(2,2),(0.,0.0728659334565345,
0.141886871964126,0.207452626414711,0.270437680000098,0.331640872247669,
0.390107577493159,0.448069286948836,0.505502951924538,0.562488152833723,
0.61908432888473,0.676415530692239,0.735452360450792,0.796240769448678,
0.860405678089202,0.928304927285106,1.),(0.,0.012),.UNSPECIFIED.);
#73=B_SPLINE_SURFACE_WITH_KNOTS('',3,1,((#11523,#11524),(#11525,#11526),
(#11527,#11528),(#11529,#11530),(#11531,#11532),(#11533,#11534),(#11535,
#11536),(#11537,#11538),(#11539,#11540),(#11541,#11542),(#11543,#11544),
(#11545,#11546),(#11547,#11548),(#11549,#11550),(#11551,#11552),(#11553,
#11554),(#11555,#11556),(#11557,#11558),(#11559,#11560)),.UNSPECIFIED.,
 .F.,.F.,.F.,(4,1,1,1,1,1,1,1,1,1,1,1,1,1,1,1,4),(2,2),(0.,0.0658010376094728,
0.128676795948975,0.188675874952433,0.247598436733895,0.304849420118828,
0.361785899282901,0.419522706368591,0.478681815420742,0.53876950304402,
0.598799056013156,0.660184281500679,0.722951530610968,0.787992689104873,
0.855403768434474,0.926153061284004,1.),(0.,0.012),.UNSPECIFIED.);
#74=B_SPLINE_SURFACE_WITH_KNOTS('',3,1,((#11582,#11583),(#11584,#11585),
(#11586,#11587),(#11588,#11589),(#11590,#11591),(#11592,#11593),(#11594,
#11595),(#11596,#11597),(#11598,#11599),(#11600,#11601),(#11602,#11603),
(#11604,#11605),(#11606,#11607),(#11608,#11609),(#11610,#11611),(#11612,
#11613),(#11614,#11615),(#11616,#11617),(#11618,#11619)),.UNSPECIFIED.,
 .F.,.F.,.F.,(4,1,1,1,1,1,1,1,1,1,1,1,1,1,1,1,4),(2,2),(0.,0.0773613371189756,
0.150479832280681,0.219977236852074,0.286680996862443,0.349678494185663,
0.410679625017485,0.469427113519292,0.52675570142713,0.583141980834838,
0.638824427778627,0.695263470403812,0.752695804898535,0.810849183334896,
0.871356303636086,0.93443643098413,1.),(0.,0.012),.UNSPECIFIED.);
#75=B_SPLINE_SURFACE_WITH_KNOTS('',3,1,((#11717,#11718),(#11719,#11720),
(#11721,#11722),(#11723,#11724),(#11725,#11726),(#11727,#11728),(#11729,
#11730),(#11731,#11732),(#11733,#11734),(#11735,#11736),(#11737,#11738)),
 .UNSPECIFIED.,.F.,.F.,.F.,(4,1,1,1,1,1,1,1,4),(2,2),(0.,0.153148108592631,
0.299433468832907,0.436426351456751,0.565670572956357,0.686508310287874,
0.799268516063006,0.903394740801346,1.),(0.,0.012),.UNSPECIFIED.);
#76=B_SPLINE_SURFACE_WITH_KNOTS('',3,1,((#11752,#11753),(#11754,#11755),
(#11756,#11757),(#11758,#11759),(#11760,#11761),(#11762,#11763),(#11764,
#11765)),.UNSPECIFIED.,.F.,.F.,.F.,(4,1,1,1,4),(2,2),(0.,0.247294050035336,
0.495607770909051,0.746359172773196,1.),(0.,0.012),.UNSPECIFIED.);
#77=B_SPLINE_SURFACE_WITH_KNOTS('',3,1,((#11792,#11793),(#11794,#11795),
(#11796,#11797),(#11798,#11799),(#11800,#11801)),.UNSPECIFIED.,.F.,.F.,
 .F.,(4,1,4),(2,2),(0.,0.496441118062958,1.),(0.,0.012),.UNSPECIFIED.);
#78=B_SPLINE_SURFACE_WITH_KNOTS('',3,1,((#11809,#11810),(#11811,#11812),
(#11813,#11814),(#11815,#11816),(#11817,#11818),(#11819,#11820),(#11821,
#11822)),.UNSPECIFIED.,.F.,.F.,.F.,(4,1,1,1,4),(2,2),(0.,0.265686788941876,
0.51973815397058,0.765584933372218,1.),(0.,0.012),.UNSPECIFIED.);
#79=B_SPLINE_SURFACE_WITH_KNOTS('',3,1,((#11916,#11917),(#11918,#11919),
(#11920,#11921),(#11922,#11923),(#11924,#11925),(#11926,#11927),(#11928,
#11929),(#11930,#11931),(#11932,#11933),(#11934,#11935),(#11936,#11937)),
 .UNSPECIFIED.,.F.,.F.,.F.,(4,1,1,1,1,1,1,1,4),(2,2),(0.,0.153148108592631,
0.299433468832906,0.43642635145675,0.565670572956357,0.686508310287872,
0.799268516063006,0.903394740801346,1.),(0.,0.012),.UNSPECIFIED.);
#80=B_SPLINE_SURFACE_WITH_KNOTS('',3,1,((#11951,#11952),(#11953,#11954),
(#11955,#11956),(#11957,#11958),(#11959,#11960),(#11961,#11962),(#11963,
#11964)),.UNSPECIFIED.,.F.,.F.,.F.,(4,1,1,1,4),(2,2),(0.,0.247294050035337,
0.495607770909052,0.746359172773198,1.),(0.,0.012),.UNSPECIFIED.);
#81=B_SPLINE_SURFACE_WITH_KNOTS('',3,1,((#11973,#11974),(#11975,#11976),
(#11977,#11978),(#11979,#11980),(#11981,#11982),(#11983,#11984),(#11985,
#11986),(#11987,#11988),(#11989,#11990),(#11991,#11992),(#11993,#11994),
(#11995,#11996),(#11997,#11998),(#11999,#12000),(#12001,#12002),(#12003,
#12004),(#12005,#12006),(#12007,#12008),(#12009,#12010)),.UNSPECIFIED.,
 .F.,.F.,.F.,(4,1,1,1,1,1,1,1,1,1,1,1,1,1,1,1,4),(2,2),(0.,0.0633358805656884,
0.125110758980212,0.184688411891713,0.243210443967863,0.300888040413115,
0.358370115531298,0.415761407703194,0.474386622989776,0.533966264972406,
0.594007564198808,0.655072407307679,0.718610042605138,0.784374783051775,
0.852991472212918,0.924900429297757,1.),(0.,0.012),.UNSPECIFIED.);
#82=B_SPLINE_SURFACE_WITH_KNOTS('',3,1,((#12034,#12035),(#12036,#12037),
(#12038,#12039),(#12040,#12041),(#12042,#12043),(#12044,#12045),(#12046,
#12047),(#12048,#12049),(#12050,#12051),(#12052,#12053),(#12054,#12055),
(#12056,#12057),(#12058,#12059),(#12060,#12061),(#12062,#12063),(#12064,
#12065),(#12066,#12067),(#12068,#12069),(#12070,#12071),(#12072,#12073),
(#12074,#12075),(#12076,#12077),(#12078,#12079)),.UNSPECIFIED.,.F.,.F.,
 .F.,(4,1,1,1,1,1,1,1,1,1,1,1,1,1,1,1,1,1,1,1,4),(2,2),(0.,0.105343260998402,
0.20437546616543,0.298068661249065,0.387069938902976,0.429725727732517,
0.470901238953742,0.511121671027421,0.550178782470069,0.588354369896027,
0.626683010570897,0.664451685287477,0.702514853950156,0.740481171629403,
0.777618121594643,0.814716045066957,0.851526510015083,0.888098450837315,
0.925111675743716,0.96210369570715,1.),(0.,0.012),.UNSPECIFIED.);
#83=B_SPLINE_SURFACE_WITH_KNOTS('',3,1,((#12105,#12106),(#12107,#12108),
(#12109,#12110),(#12111,#12112),(#12113,#12114),(#12115,#12116),(#12117,
#12118),(#12119,#12120),(#12121,#12122),(#12123,#12124),(#12125,#12126),
(#12127,#12128),(#12129,#12130),(#12131,#12132),(#12133,#12134),(#12135,
#12136),(#12137,#12138),(#12139,#12140),(#12141,#12142),(#12143,#12144),
(#12145,#12146),(#12147,#12148),(#12149,#12150)),.UNSPECIFIED.,.F.,.F.,
 .F.,(4,1,1,1,1,1,1,1,1,1,1,1,1,1,1,1,1,1,1,1,4),(2,2),(0.,0.0467628351215642,
0.0919686966072123,0.135804385380505,0.178231580183926,0.219441433226539,
0.260176943268595,0.300279606114033,0.340547641466617,0.380311190207669,
0.419641953569812,0.459017324098518,0.498181958889762,0.537670214562872,
0.577913331574362,0.618648841616416,0.660761602760318,0.74529917706318,
0.829744741690631,0.914602086609254,1.),(0.,0.012),.UNSPECIFIED.);
#84=B_SPLINE_SURFACE_WITH_KNOTS('',3,1,((#12176,#12177),(#12178,#12179),
(#12180,#12181),(#12182,#12183),(#12184,#12185),(#12186,#12187),(#12188,
#12189),(#12190,#12191),(#12192,#12193),(#12194,#12195),(#12196,#12197),
(#12198,#12199),(#12200,#12201),(#12202,#12203),(#12204,#12205),(#12206,
#12207),(#12208,#12209),(#12210,#12211),(#12212,#12213)),.UNSPECIFIED.,
 .F.,.F.,.F.,(4,1,1,1,1,1,1,1,1,1,1,1,1,1,1,1,4),(2,2),(0.,0.0772311103286295,
0.151165179521724,0.220784705725398,0.28714951767777,0.350632481295085,
0.411306771507893,0.469964415137647,0.526707226683276,0.582498333364127,
0.638508727408025,0.694917981213909,0.752420352659156,0.81125097541551,
0.871856108990808,0.93464418785269,1.),(0.,0.012),.UNSPECIFIED.);
#85=B_SPLINE_SURFACE_WITH_KNOTS('',3,1,((#12239,#12240),(#12241,#12242),
(#12243,#12244),(#12245,#12246),(#12247,#12248),(#12249,#12250),(#12251,
#12252),(#12253,#12254),(#12255,#12256),(#12257,#12258),(#12259,#12260),
(#12261,#12262),(#12263,#12264),(#12265,#12266),(#12267,#12268),(#12269,
#12270),(#12271,#12272),(#12273,#12274),(#12275,#12276)),.UNSPECIFIED.,
 .F.,.F.,.F.,(4,1,1,1,1,1,1,1,1,1,1,1,1,1,1,1,4),(2,2),(0.,0.0686494919759942,
0.134937373785154,0.198841898200611,0.261409328418307,0.322516763706903,
0.382376865698777,0.442470904753685,0.50222783347929,0.562101433090857,
0.621731608094879,0.681851312434415,0.742049167293958,0.803908130474382,
0.867162160246171,0.932360597938531,1.),(0.,0.012),.UNSPECIFIED.);
#86=B_SPLINE_SURFACE_WITH_KNOTS('',3,1,((#12298,#12299),(#12300,#12301),
(#12302,#12303),(#12304,#12305),(#12306,#12307),(#12308,#12309),(#12310,
#12311),(#12312,#12313),(#12314,#12315),(#12316,#12317),(#12318,#12319),
(#12320,#12321),(#12322,#12323),(#12324,#12325),(#12326,#12327),(#12328,
#12329),(#12330,#12331),(#12332,#12333),(#12334,#12335),(#12336,#12337),
(#12338,#12339),(#12340,#12341),(#12342,#12343),(#12344,#12345),(#12346,
#12347),(#12348,#12349),(#12350,#12351)),.UNSPECIFIED.,.F.,.F.,.F.,(4,1,
1,1,1,1,1,1,1,1,1,1,1,1,1,1,1,1,1,1,1,1,1,1,4),(2,2),(0.,0.0494014326173352,
0.0976047534771123,0.144254705544542,0.189472143846675,0.233915005935091,
0.277237111150861,0.319858835564432,0.36195665443327,0.403485754226547,
0.443933636333855,0.483649175051374,0.522893283317271,0.561858384094736,
0.600794866898193,0.640104336189134,0.679643426826537,0.719399769190487,
0.758854192668097,0.798315464683074,0.837802408134363,0.877468586444407,
0.917682796942331,0.958392889853851,1.),(0.,0.012),.UNSPECIFIED.);
#87=B_SPLINE_SURFACE_WITH_KNOTS('',3,1,((#12381,#12382),(#12383,#12384),
(#12385,#12386),(#12387,#12388),(#12389,#12390),(#12391,#12392),(#12393,
#12394),(#12395,#12396),(#12397,#12398),(#12399,#12400),(#12401,#12402),
(#12403,#12404),(#12405,#12406),(#12407,#12408),(#12409,#12410),(#12411,
#12412),(#12413,#12414),(#12415,#12416),(#12417,#12418),(#12419,#12420),
(#12421,#12422),(#12423,#12424),(#12425,#12426),(#12427,#12428),(#12429,
#12430),(#12431,#12432),(#12433,#12434)),.UNSPECIFIED.,.F.,.F.,.F.,(4,1,
1,1,1,1,1,1,1,1,1,1,1,1,1,1,1,1,1,1,1,1,1,1,4),(2,2),(0.,0.0491959188678574,
0.0962478839423328,0.141348630554566,0.18465611934875,0.226058682310064,
0.266173083638407,0.305289841396691,0.343245095104708,0.380877276086866,
0.418495793135026,0.4563187508918,0.494236737091876,0.533023528957668,0.572473194333944,
0.613078809089891,0.654934454610793,0.697396779504618,0.739884068666399,
0.782194779819117,0.825061534866703,0.867987465577405,0.911410543960077,
0.955371945522814,1.),(0.,0.012),.UNSPECIFIED.);
#88=B_SPLINE_SURFACE_WITH_KNOTS('',3,1,((#12464,#12465),(#12466,#12467),
(#12468,#12469),(#12470,#12471),(#12472,#12473),(#12474,#12475),(#12476,
#12477),(#12478,#12479),(#12480,#12481),(#12482,#12483),(#12484,#12485),
(#12486,#12487),(#12488,#12489),(#12490,#12491),(#12492,#12493),(#12494,
#12495),(#12496,#12497),(#12498,#12499),(#12500,#12501)),.UNSPECIFIED.,
 .F.,.F.,.F.,(4,1,1,1,1,1,1,1,1,1,1,1,1,1,1,1,4),(2,2),(0.,0.0715783870982376,
0.140016209075357,0.206197439946981,0.270156103805655,0.332001040268831,
0.392755010928557,0.452579034490639,0.512252798847904,0.57153225242856,
0.63015175287222,0.688769169548558,0.748163900850359,0.808703372199651,
0.870256298480419,0.933900027507001,1.),(0.,0.012),.UNSPECIFIED.);
#89=B_SPLINE_CURVE_WITH_KNOTS('',3,(#7239,#7240,#7241,#7242,#7243,#7244,
#7245,#7246,#7247,#7248,#7249,#7250,#7251,#7252,#7253,#7254,#7255,#7256,
#7257,#7258,#7259,#7260,#7261,#7262,#7263,#7264,#7265),.UNSPECIFIED.,.F.,
 .F.,(4,1,1,1,1,1,1,1,1,1,1,1,1,1,1,1,1,1,1,1,1,1,1,1,4),(0.,0.0475595569054262,
0.0939621052432106,0.139111533240822,0.183626310126904,0.227457028400493,
0.270702510551854,0.313610532115554,0.356260451084977,0.398366152955037,
0.43955651497928,0.48004538302142,0.519888495705012,0.559657750317197,0.599421254662741,
0.639207755088398,0.67966837498578,0.720019852512848,0.759858865562457,
0.79955988483238,0.839199144636439,0.878956076230279,0.918794269302466,
0.959083362843275,1.),.UNSPECIFIED.);
#90=B_SPLINE_CURVE_WITH_KNOTS('',3,(#7267,#7268,#7269,#7270,#7271,#7272,
#7273,#7274,#7275,#7276,#7277,#7278,#7279,#7280,#7281,#7282,#7283,#7284,
#7285,#7286,#7287,#7288,#7289,#7290,#7291,#7292,#7293),.UNSPECIFIED.,.F.,
 .F.,(4,1,1,1,1,1,1,1,1,1,1,1,1,1,1,1,1,1,1,1,1,1,1,1,4),(0.,0.0446969998899167,
0.0885335629185875,0.131409133235227,0.173813942146778,0.215714533269445,
0.25724716032642,0.298847964179711,0.340604182714814,0.382029448109134,
0.422969750040485,0.463632229530619,0.504047543700394,0.544591205756457,
0.584963925169093,0.626265216268083,0.66797940050099,0.70994274720535,0.751381855085225,
0.792618564977964,0.833948435745821,0.875008050631104,0.916445530223275,
0.957906613728307,1.),.UNSPECIFIED.);
#91=B_SPLINE_CURVE_WITH_KNOTS('',3,(#7295,#7296,#7297,#7298,#7299,#7300,
#7301,#7302,#7303,#7304,#7305,#7306,#7307,#7308,#7309,#7310,#7311,#7312,
#7313),.UNSPECIFIED.,.F.,.F.,(4,1,1,1,1,1,1,1,1,1,1,1,1,1,1,1,4),(0.,0.0752263466908985,
0.146574721526852,0.214500251826475,0.279529971653023,0.342402951588382,
0.403496052728808,0.46376160650304,0.523864359079587,0.583251724254966,
0.641302039283135,0.698897774856489,0.756295243811309,0.814627804812969,
0.874324768339998,0.935783283862545,1.),.UNSPECIFIED.);
#92=B_SPLINE_CURVE_WITH_KNOTS('',3,(#7314,#7315,#7316,#7317,#7318,#7319,
#7320,#7321,#7322,#7323,#7324,#7325,#7326,#7327,#7328,#7329,#7330,#7331,
#7332,#7333,#7334,#7335,#7336,#7337,#7338,#7339,#7340),.UNSPECIFIED.,.F.,
 .F.,(4,1,1,1,1,1,1,1,1,1,1,1,1,1,1,1,1,1,1,1,1,1,1,1,4),(0.,0.0430989705688967,
0.0855867603450734,0.126907665743639,0.167967485621521,0.208449558601065,
0.249025424641544,0.28928053417168,0.330009848982731,0.370597724099577,
0.4104659863327,0.450033215892948,0.489688209604248,0.529116423074191,0.569036807092509,
0.609703054235945,0.65075891749422,0.692509262406178,0.734219121370686,
0.776706911146862,0.819551840240322,0.863350728831333,0.907838525130061,
0.953333703612418,1.),.UNSPECIFIED.);
#93=B_SPLINE_CURVE_WITH_KNOTS('',3,(#7363,#7364,#7365,#7366,#7367,#7368,
#7369,#7370,#7371,#7372,#7373,#7374,#7375,#7376,#7377,#7378,#7379,#7380,
#7381,#7382,#7383,#7384,#7385),.UNSPECIFIED.,.F.,.F.,(4,1,1,1,1,1,1,1,1,
1,1,1,1,1,1,1,1,1,1,1,4),(0.,0.105343260998402,0.204375466165429,0.298068661249065,
0.387069938902977,0.429725727732516,0.470901238953741,0.511121671027421,
0.550178782470068,0.588354369896026,0.626683010570897,0.664451685287477,
0.702514853950156,0.740481171629403,0.77761812159464,0.814716045066957,
0.85152651001508,0.888098450837315,0.925111675743715,0.96210369570715,1.),
 .UNSPECIFIED.);
#94=B_SPLINE_CURVE_WITH_KNOTS('',3,(#7387,#7388,#7389,#7390,#7391,#7392,
#7393,#7394,#7395,#7396,#7397,#7398,#7399,#7400,#7401,#7402,#7403,#7404,
#7405),.UNSPECIFIED.,.F.,.F.,(4,1,1,1,1,1,1,1,1,1,1,1,1,1,1,1,4),(0.,0.0633358805656842,
0.125110758980212,0.184688411891713,0.243210443967863,0.300888040413115,
0.358370115531299,0.415761407703194,0.474386622989777,0.533966264972407,
0.594007564198808,0.65507240730768,0.718610042605137,0.784374783051776,
0.852991472212919,0.924900429297756,1.),.UNSPECIFIED.);
#95=B_SPLINE_CURVE_WITH_KNOTS('',3,(#7409,#7410,#7411,#7412,#7413,#7414,
#7415,#7416,#7417,#7418,#7419,#7420,#7421,#7422,#7423,#7424,#7425,#7426,
#7427),.UNSPECIFIED.,.F.,.F.,(4,1,1,1,1,1,1,1,1,1,1,1,1,1,1,1,4),(0.,0.0715783870982365,
0.140016209075356,0.206197439946981,0.270156103805654,0.332001040268831,
0.392755010928556,0.452579034490638,0.512252798847904,0.57153225242856,
0.630151752872219,0.688769169548558,0.748163900850362,0.808703372199651,
0.870256298480422,0.933900027507004,1.),.UNSPECIFIED.);
#96=B_SPLINE_CURVE_WITH_KNOTS('',3,(#7429,#7430,#7431,#7432,#7433,#7434,
#7435,#7436,#7437,#7438,#7439,#7440,#7441,#7442,#7443,#7444,#7445,#7446,
#7447,#7448,#7449,#7450,#7451,#7452,#7453,#7454,#7455),.UNSPECIFIED.,.F.,
 .F.,(4,1,1,1,1,1,1,1,1,1,1,1,1,1,1,1,1,1,1,1,1,1,1,1,4),(0.,0.0491959188678574,
0.0962478839423349,0.141348630554566,0.18465611934875,0.226058682310064,
0.266173083638407,0.305289841396691,0.343245095104708,0.380877276086866,
0.418495793135026,0.4563187508918,0.494236737091877,0.533023528957668,0.572473194333944,
0.613078809089891,0.654934454610793,0.697396779504618,0.7398840686664,0.782194779819118,
0.825061534866704,0.867987465577406,0.911410543960078,0.955371945522814,
1.),.UNSPECIFIED.);
#97=B_SPLINE_CURVE_WITH_KNOTS('',3,(#7457,#7458,#7459,#7460,#7461,#7462,
#7463,#7464,#7465,#7466,#7467,#7468,#7469,#7470,#7471,#7472,#7473,#7474,
#7475,#7476,#7477,#7478,#7479,#7480,#7481,#7482,#7483),.UNSPECIFIED.,.F.,
 .F.,(4,1,1,1,1,1,1,1,1,1,1,1,1,1,1,1,1,1,1,1,1,1,1,1,4),(0.,0.0494014326173354,
0.0976047534771125,0.144254705544543,0.189472143846675,0.233915005935092,
0.277237111150862,0.319858835564432,0.361956654433271,0.403485754226547,
0.443933636333855,0.483649175051376,0.522893283317271,0.561858384094738,
0.600794866898196,0.640104336189136,0.679643426826539,0.719399769190488,
0.758854192668099,0.798315464683076,0.837802408134366,0.877468586444409,
0.917682796942333,0.958392889853853,1.),.UNSPECIFIED.);
#98=B_SPLINE_CURVE_WITH_KNOTS('',3,(#7485,#7486,#7487,#7488,#7489,#7490,
#7491,#7492,#7493,#7494,#7495,#7496,#7497,#7498,#7499,#7500,#7501,#7502,
#7503),.UNSPECIFIED.,.F.,.F.,(4,1,1,1,1,1,1,1,1,1,1,1,1,1,1,1,4),(0.,0.0686494919759974,
0.134937373785157,0.19884189820061,0.26140932841831,0.322516763706905,0.382376865698779,
0.442470904753687,0.502227833479291,0.562101433090858,0.621731608094879,
0.681851312434416,0.742049167293959,0.803908130474381,0.86716216024617,
0.93236059793853,1.),.UNSPECIFIED.);
#99=B_SPLINE_CURVE_WITH_KNOTS('',3,(#7507,#7508,#7509,#7510,#7511,#7512,
#7513,#7514,#7515,#7516,#7517,#7518,#7519,#7520,#7521,#7522,#7523,#7524,
#7525),.UNSPECIFIED.,.F.,.F.,(4,1,1,1,1,1,1,1,1,1,1,1,1,1,1,1,4),(0.,0.0772311103286307,
0.151165179521725,0.2207847057254,0.287149517677769,0.350632481295084,0.411306771507892,
0.469964415137649,0.526707226683279,0.582498333364124,0.638508727408021,
0.694917981213905,0.752420352659152,0.811250975415506,0.871856108990803,
0.934644187852685,1.),.UNSPECIFIED.);
#100=B_SPLINE_CURVE_WITH_KNOTS('',3,(#7526,#7527,#7528,#7529,#7530,#7531,
#7532,#7533,#7534,#7535,#7536,#7537,#7538,#7539,#7540,#7541,#7542,#7543,
#7544,#7545,#7546,#7547,#7548),.UNSPECIFIED.,.F.,.F.,(4,1,1,1,1,1,1,1,1,
1,1,1,1,1,1,1,1,1,1,1,4),(0.,0.0467628351215612,0.0919686966072125,0.135804385380505,
0.178231580183923,0.219441433226537,0.260176943268592,0.30027960611403,
0.340547641466617,0.380311190207667,0.419641953569811,0.459017324098516,
0.498181958889762,0.537670214562871,0.577913331574361,0.618648841616415,
0.660761602760317,0.745299177063179,0.829744741690631,0.914602086609253,
1.),.UNSPECIFIED.);
#101=B_SPLINE_CURVE_WITH_KNOTS('',3,(#7559,#7560,#7561,#7562,#7563,#7564,
#7565,#7566,#7567,#7568,#7569),.UNSPECIFIED.,.F.,.F.,(4,1,1,1,1,1,1,1,4),
(0.,0.111670300101587,0.232094480856017,0.362743459104553,0.502557509710884,
0.64152510333128,0.771098495299667,0.890161757373252,1.),.UNSPECIFIED.);
#102=B_SPLINE_CURVE_WITH_KNOTS('',3,(#7572,#7573,#7574,#7575,#7576,#7577,
#7578,#7579,#7580,#7581,#7582),.UNSPECIFIED.,.F.,.F.,(4,1,1,1,1,1,1,1,4),
(0.,0.142657250700613,0.281168993905443,0.416977192367974,0.550852492747556,
0.678364170261811,0.795032443007094,0.901998178347352,1.),.UNSPECIFIED.);
#103=B_SPLINE_CURVE_WITH_KNOTS('',3,(#7611,#7612,#7613,#7614,#7615,#7616,
#7617),.UNSPECIFIED.,.F.,.F.,(4,1,1,1,4),(0.,0.265686788941876,0.51973815397058,
0.765584933372218,1.),.UNSPECIFIED.);
#104=B_SPLINE_CURVE_WITH_KNOTS('',3,(#7619,#7620,#7621,#7622,#7623),
 .UNSPECIFIED.,.F.,.F.,(4,1,4),(0.,0.496441118062958,1.),.UNSPECIFIED.);
#105=B_SPLINE_CURVE_WITH_KNOTS('',3,(#7629,#7630,#7631,#7632,#7633,#7634,
#7635,#7636,#7637,#7638,#7639,#7640,#7641,#7642,#7643,#7644,#7645,#7646,
#7647,#7648,#7649,#7650,#7651),.UNSPECIFIED.,.F.,.F.,(4,1,1,1,1,1,1,1,1,
1,1,1,1,1,1,1,1,1,1,1,4),(0.,0.105343260998402,0.20437546616543,0.298068661249065,
0.387069938902976,0.429725727732517,0.470901238953742,0.511121671027421,
0.550178782470069,0.588354369896027,0.626683010570897,0.664451685287477,
0.702514853950156,0.740481171629403,0.777618121594643,0.814716045066957,
0.851526510015083,0.888098450837315,0.925111675743716,0.96210369570715,
1.),.UNSPECIFIED.);
#106=B_SPLINE_CURVE_WITH_KNOTS('',3,(#7653,#7654,#7655,#7656,#7657,#7658,
#7659,#7660,#7661,#7662,#7663,#7664,#7665,#7666,#7667,#7668,#7669,#7670,
#7671),.UNSPECIFIED.,.F.,.F.,(4,1,1,1,1,1,1,1,1,1,1,1,1,1,1,1,4),(0.,0.0633358805656884,
0.125110758980212,0.184688411891713,0.243210443967863,0.300888040413115,
0.358370115531298,0.415761407703194,0.474386622989776,0.533966264972406,
0.594007564198808,0.655072407307679,0.718610042605138,0.784374783051775,
0.852991472212918,0.924900429297757,1.),.UNSPECIFIED.);
#107=B_SPLINE_CURVE_WITH_KNOTS('',3,(#7675,#7676,#7677,#7678,#7679,#7680,
#7681,#7682,#7683,#7684,#7685,#7686,#7687,#7688,#7689,#7690,#7691,#7692,
#7693),.UNSPECIFIED.,.F.,.F.,(4,1,1,1,1,1,1,1,1,1,1,1,1,1,1,1,4),(0.,0.0715783870982376,
0.140016209075357,0.206197439946981,0.270156103805655,0.332001040268831,
0.392755010928557,0.452579034490639,0.512252798847904,0.57153225242856,
0.63015175287222,0.688769169548558,0.748163900850359,0.808703372199651,
0.870256298480419,0.933900027507001,1.),.UNSPECIFIED.);
#108=B_SPLINE_CURVE_WITH_KNOTS('',3,(#7695,#7696,#7697,#7698,#7699,#7700,
#7701,#7702,#7703,#7704,#7705,#7706,#7707,#7708,#7709,#7710,#7711,#7712,
#7713,#7714,#7715,#7716,#7717,#7718,#7719,#7720,#7721),.UNSPECIFIED.,.F.,
 .F.,(4,1,1,1,1,1,1,1,1,1,1,1,1,1,1,1,1,1,1,1,1,1,1,1,4),(0.,0.0491959188678574,
0.0962478839423328,0.141348630554566,0.18465611934875,0.226058682310064,
0.266173083638407,0.305289841396691,0.343245095104708,0.380877276086866,
0.418495793135026,0.4563187508918,0.494236737091876,0.533023528957668,0.572473194333944,
0.613078809089891,0.654934454610793,0.697396779504618,0.739884068666399,
0.782194779819117,0.825061534866703,0.867987465577405,0.911410543960077,
0.955371945522814,1.),.UNSPECIFIED.);
#109=B_SPLINE_CURVE_WITH_KNOTS('',3,(#7723,#7724,#7725,#7726,#7727,#7728,
#7729,#7730,#7731,#7732,#7733,#7734,#7735,#7736,#7737,#7738,#7739,#7740,
#7741,#7742,#7743,#7744,#7745,#7746,#7747,#7748,#7749),.UNSPECIFIED.,.F.,
 .F.,(4,1,1,1,1,1,1,1,1,1,1,1,1,1,1,1,1,1,1,1,1,1,1,1,4),(0.,0.0494014326173352,
0.0976047534771123,0.144254705544542,0.189472143846675,0.233915005935091,
0.277237111150861,0.319858835564432,0.36195665443327,0.403485754226547,
0.443933636333855,0.483649175051374,0.522893283317271,0.561858384094736,
0.600794866898193,0.640104336189134,0.679643426826537,0.719399769190487,
0.758854192668097,0.798315464683074,0.837802408134363,0.877468586444407,
0.917682796942331,0.958392889853851,1.),.UNSPECIFIED.);
#110=B_SPLINE_CURVE_WITH_KNOTS('',3,(#7751,#7752,#7753,#7754,#7755,#7756,
#7757,#7758,#7759,#7760,#7761,#7762,#7763,#7764,#7765,#7766,#7767,#7768,
#7769),.UNSPECIFIED.,.F.,.F.,(4,1,1,1,1,1,1,1,1,1,1,1,1,1,1,1,4),(0.,0.0686494919759942,
0.134937373785154,0.198841898200611,0.261409328418307,0.322516763706903,
0.382376865698777,0.442470904753685,0.50222783347929,0.562101433090857,
0.621731608094879,0.681851312434415,0.742049167293958,0.803908130474382,
0.867162160246171,0.932360597938531,1.),.UNSPECIFIED.);
#111=B_SPLINE_CURVE_WITH_KNOTS('',3,(#7773,#7774,#7775,#7776,#7777,#7778,
#7779,#7780,#7781,#7782,#7783,#7784,#7785,#7786,#7787,#7788,#7789,#7790,
#7791),.UNSPECIFIED.,.F.,.F.,(4,1,1,1,1,1,1,1,1,1,1,1,1,1,1,1,4),(0.,0.0772311103286295,
0.151165179521724,0.220784705725398,0.28714951767777,0.350632481295085,
0.411306771507893,0.469964415137647,0.526707226683276,0.582498333364127,
0.638508727408025,0.694917981213909,0.752420352659156,0.81125097541551,
0.871856108990808,0.93464418785269,1.),.UNSPECIFIED.);
#112=B_SPLINE_CURVE_WITH_KNOTS('',3,(#7792,#7793,#7794,#7795,#7796,#7797,
#7798,#7799,#7800,#7801,#7802,#7803,#7804,#7805,#7806,#7807,#7808,#7809,
#7810,#7811,#7812,#7813,#7814),.UNSPECIFIED.,.F.,.F.,(4,1,1,1,1,1,1,1,1,
1,1,1,1,1,1,1,1,1,1,1,4),(0.,0.0467628351215642,0.0919686966072123,0.135804385380505,
0.178231580183926,0.219441433226539,0.260176943268595,0.300279606114033,
0.340547641466617,0.380311190207669,0.419641953569812,0.459017324098518,
0.498181958889762,0.537670214562872,0.577913331574362,0.618648841616416,
0.660761602760318,0.74529917706318,0.829744741690631,0.914602086609254,
1.),.UNSPECIFIED.);
#113=B_SPLINE_CURVE_WITH_KNOTS('',3,(#7833,#7834,#7835,#7836,#7837,#7838,
#7839,#7840,#7841,#7842,#7843),.UNSPECIFIED.,.F.,.F.,(4,1,1,1,1,1,1,1,4),
(0.,0.127892619465422,0.251578513503857,0.372792819702304,0.492777698607854,
0.613590069242571,0.737808649280148,0.866179901539168,1.),.UNSPECIFIED.);
#114=B_SPLINE_CURVE_WITH_KNOTS('',3,(#7845,#7846,#7847,#7848,#7849,#7850,
#7851,#7852,#7853,#7854,#7855,#7856,#7857,#7858,#7859,#7860,#7861,#7862,
#7863),.UNSPECIFIED.,.F.,.F.,(4,1,1,1,1,1,1,1,1,1,1,1,1,1,1,1,4),(0.,0.0692980234597528,
0.135560844101282,0.199670955647057,0.261716238495609,0.322661929947103,
0.382906923778224,0.443032033072891,0.503500787350162,0.563724281017108,
0.623980022053474,0.683629386995523,0.74384827248573,0.805191846229511,
0.867648742959768,0.93277808423126,1.),.UNSPECIFIED.);
#115=B_SPLINE_CURVE_WITH_KNOTS('',3,(#7867,#7868,#7869,#7870,#7871,#7872,
#7873,#7874,#7875,#7876,#7877,#7878,#7879,#7880,#7881,#7882,#7883,#7884,
#7885),.UNSPECIFIED.,.F.,.F.,(4,1,1,1,1,1,1,1,1,1,1,1,1,1,1,1,4),(0.,0.0773613371189756,
0.150479832280681,0.219977236852074,0.286680996862443,0.349678494185663,
0.410679625017485,0.469427113519292,0.52675570142713,0.583141980834838,
0.638824427778627,0.695263470403812,0.752695804898535,0.810849183334896,
0.871356303636086,0.93443643098413,1.),.UNSPECIFIED.);
#116=B_SPLINE_CURVE_WITH_KNOTS('',3,(#7887,#7888,#7889,#7890,#7891,#7892,
#7893,#7894,#7895,#7896,#7897,#7898,#7899,#7900,#7901,#7902,#7903,#7904,
#7905),.UNSPECIFIED.,.F.,.F.,(4,1,1,1,1,1,1,1,1,1,1,1,1,1,1,1,4),(0.,0.0658010376094728,
0.128676795948975,0.188675874952433,0.247598436733895,0.304849420118828,
0.361785899282901,0.419522706368591,0.478681815420742,0.53876950304402,
0.598799056013156,0.660184281500679,0.722951530610968,0.787992689104873,
0.855403768434474,0.926153061284004,1.),.UNSPECIFIED.);
#117=B_SPLINE_CURVE_WITH_KNOTS('',3,(#7907,#7908,#7909,#7910,#7911,#7912,
#7913,#7914,#7915,#7916,#7917,#7918,#7919,#7920,#7921,#7922,#7923,#7924,
#7925),.UNSPECIFIED.,.F.,.F.,(4,1,1,1,1,1,1,1,1,1,1,1,1,1,1,1,4),(0.,0.0728659334565345,
0.141886871964126,0.207452626414711,0.270437680000098,0.331640872247669,
0.390107577493159,0.448069286948836,0.505502951924538,0.562488152833723,
0.61908432888473,0.676415530692239,0.735452360450792,0.796240769448678,
0.860405678089202,0.928304927285106,1.),.UNSPECIFIED.);
#118=B_SPLINE_CURVE_WITH_KNOTS('',3,(#7927,#7928,#7929,#7930,#7931,#7932,
#7933,#7934,#7935,#7936,#7937),.UNSPECIFIED.,.F.,.F.,(4,1,1,1,1,1,1,1,4),
(0.,0.147859636731251,0.283561321939548,0.41236939613853,0.534236355887944,
0.652691629311982,0.768663059498123,0.883652401860402,1.),.UNSPECIFIED.);
#119=B_SPLINE_CURVE_WITH_KNOTS('',3,(#7951,#7952,#7953,#7954,#7955,#7956,
#7957,#7958,#7959,#7960,#7961),.UNSPECIFIED.,.F.,.F.,(4,1,1,1,1,1,1,1,4),
(0.,0.136729401859573,0.268514916790827,0.395529404684808,0.51999995356581,
0.640496476841267,0.76123610176253,0.88010671717595,1.),.UNSPECIFIED.);
#120=B_SPLINE_CURVE_WITH_KNOTS('',3,(#7963,#7964,#7965,#7966,#7967,#7968,
#7969,#7970,#7971,#7972,#7973,#7974,#7975,#7976,#7977,#7978,#7979,#7980,
#7981),.UNSPECIFIED.,.F.,.F.,(4,1,1,1,1,1,1,1,1,1,1,1,1,1,1,1,4),(0.,0.0619974190757224,
0.122087954082292,0.181375310787003,0.239508008395365,0.297835697896751,
0.356879970653117,0.417281825115428,0.479640409079816,0.542500067478356,
0.60496241964819,0.666991033078264,0.730216243010164,0.794172863251257,
0.860458143150262,0.928578179984783,1.),.UNSPECIFIED.);
#121=B_SPLINE_CURVE_WITH_KNOTS('',3,(#7982,#7983,#7984,#7985,#7986,#7987,
#7988,#7989,#7990,#7991,#7992),.UNSPECIFIED.,.F.,.F.,(4,1,1,1,1,1,1,1,4),
(0.,0.132461622242641,0.261649501035492,0.387546698416367,0.510781629293349,
0.632675360599711,0.754660354138139,0.876522779802867,1.),.UNSPECIFIED.);
#122=B_SPLINE_CURVE_WITH_KNOTS('',3,(#7995,#7996,#7997,#7998,#7999,#8000,
#8001,#8002,#8003,#8004,#8005,#8006,#8007),.UNSPECIFIED.,.F.,.F.,(4,1,1,
1,1,1,1,1,1,1,4),(0.,0.124199672652486,0.236829658110026,0.339494985306282,
0.431253510031224,0.511454872119418,0.58122303662346,0.640495374864369,
0.688308204932018,0.850332973414688,1.),.UNSPECIFIED.);
#123=B_SPLINE_CURVE_WITH_KNOTS('',3,(#8015,#8016,#8017,#8018,#8019,#8020,
#8021),.UNSPECIFIED.,.F.,.F.,(4,1,1,1,4),(0.,0.252643327583237,0.504439852579988,
0.750406804281458,1.),.UNSPECIFIED.);
#124=B_SPLINE_CURVE_WITH_KNOTS('',3,(#8023,#8024,#8025,#8026,#8027,#8028,
#8029,#8030,#8031,#8032,#8033,#8034,#8035,#8036,#8037),.UNSPECIFIED.,.F.,
 .F.,(4,1,1,1,1,1,1,1,1,1,1,1,4),(0.,0.100388143139711,0.204406793037309,
0.310686083094208,0.422157293882799,0.480685460770373,0.543238154452669,
0.609499504564565,0.679554608774224,0.753841222051176,0.831640676489386,
0.913812706809591,1.),.UNSPECIFIED.);
#125=B_SPLINE_CURVE_WITH_KNOTS('',3,(#8039,#8040,#8041,#8042,#8043,#8044,
#8045,#8046,#8047,#8048,#8049,#8050,#8051,#8052,#8053,#8054,#8055,#8056,
#8057),.UNSPECIFIED.,.F.,.F.,(4,1,1,1,1,1,1,1,1,1,1,1,1,1,1,1,4),(0.,0.11140966004266,
0.214526367255801,0.309417225445833,0.396087190799031,0.474284216426246,
0.544373881639698,0.606419562810536,0.660581602374974,0.709793818064757,
0.756450648591829,0.800767325303931,0.843168287941334,0.884294868550048,
0.923884502055284,0.962358710139215,1.),.UNSPECIFIED.);
#126=B_SPLINE_CURVE_WITH_KNOTS('',3,(#8059,#8060,#8061,#8062,#8063,#8064,
#8065,#8066,#8067,#8068,#8069,#8070,#8071,#8072,#8073,#8074,#8075,#8076,
#8077),.UNSPECIFIED.,.F.,.F.,(4,1,1,1,1,1,1,1,1,1,1,1,1,1,1,1,4),(0.,0.0617621567680683,
0.121173992653629,0.179421406825315,0.236843434650275,0.294321795413398,
0.353190962794525,0.412720706416324,0.474522150703716,0.537056744142137,
0.599591337580556,0.662366979354306,0.725245644679491,0.790316446125079,
0.857724300954093,0.927231952378493,1.),.UNSPECIFIED.);
#127=B_SPLINE_CURVE_WITH_KNOTS('',3,(#8079,#8080,#8081,#8082,#8083,#8084,
#8085,#8086,#8087,#8088,#8089,#8090,#8091,#8092,#8093,#8094,#8095,#8096,
#8097),.UNSPECIFIED.,.F.,.F.,(4,1,1,1,1,1,1,1,1,1,1,1,1,1,1,1,4),(0.,0.0706964833433759,
0.138358213203068,0.20336986825917,0.26570021334023,0.327255868197376,0.386512343329294,
0.445858297481949,0.505173143806938,0.56377976280702,0.622343064293438,
0.68082357961002,0.739795156810438,0.800801162988383,0.864239461576907,
0.930631098173451,1.),.UNSPECIFIED.);
#128=B_SPLINE_CURVE_WITH_KNOTS('',3,(#8101,#8102,#8103,#8104,#8105,#8106,
#8107,#8108,#8109,#8110,#8111,#8112,#8113,#8114,#8115,#8116,#8117,#8118,
#8119),.UNSPECIFIED.,.F.,.F.,(4,1,1,1,1,1,1,1,1,1,1,1,1,1,1,1,4),(0.,0.0706752902033301,
0.137492693844125,0.201472825372306,0.262869321772291,0.322550086526157,
0.380737251338555,0.438219736856012,0.495487437060286,0.553483679695348,
0.611346206229429,0.670643738814156,0.731586948422713,0.794183193799938,
0.85944511193475,0.92820763539981,1.),.UNSPECIFIED.);
#129=B_SPLINE_CURVE_WITH_KNOTS('',3,(#8121,#8122,#8123,#8124,#8125,#8126,
#8127,#8128,#8129,#8130,#8131,#8132,#8133,#8134,#8135,#8136,#8137,#8138,
#8139),.UNSPECIFIED.,.F.,.F.,(4,1,1,1,1,1,1,1,1,1,1,1,1,1,1,1,4),(0.,0.0747118903045012,
0.145539202374909,0.213339057250972,0.278615073538471,0.342094196941498,
0.403890075959195,0.46506335256552,0.526576736383485,0.587328334028767,
0.646380455703143,0.704345308375325,0.761671948999078,0.819417859046864,
0.87803939978168,0.937795509007053,1.),.UNSPECIFIED.);
#130=B_SPLINE_CURVE_WITH_KNOTS('',3,(#8140,#8141,#8142,#8143,#8144,#8145,
#8146,#8147,#8148,#8149,#8150,#8151,#8152,#8153,#8154,#8155,#8156,#8157,
#8158),.UNSPECIFIED.,.F.,.F.,(4,1,1,1,1,1,1,1,1,1,1,1,1,1,1,1,4),(0.,0.0579448754623242,
0.116017625425681,0.17482578436384,0.23468309007937,0.296827030328914,0.364061335963787,
0.436192424049738,0.51426011954144,0.556975897165489,0.604855928383653,
0.657675201073488,0.715750584661932,0.778839799166455,0.847501189473864,
0.921228230946324,1.),.UNSPECIFIED.);
#131=B_SPLINE_CURVE_WITH_KNOTS('',3,(#8169,#8170,#8171,#8172,#8173,#8174,
#8175,#8176,#8177,#8178,#8179),.UNSPECIFIED.,.F.,.F.,(4,1,1,1,1,1,1,1,4),
(0.,0.111670300101586,0.232094480856017,0.362743459104552,0.502557509710885,
0.641525103331281,0.771098495299668,0.890161757373252,1.),.UNSPECIFIED.);
#132=B_SPLINE_CURVE_WITH_KNOTS('',3,(#8182,#8183,#8184,#8185,#8186,#8187,
#8188,#8189,#8190,#8191,#8192),.UNSPECIFIED.,.F.,.F.,(4,1,1,1,1,1,1,1,4),
(0.,0.142657250700613,0.281168993905442,0.416977192367974,0.550852492747557,
0.678364170261811,0.795032443007094,0.901998178347352,1.),.UNSPECIFIED.);
#133=B_SPLINE_CURVE_WITH_KNOTS('',3,(#8231,#8232,#8233,#8234,#8235,#8236,
#8237,#8238,#8239,#8240,#8241,#8242,#8243,#8244,#8245,#8246,#8247,#8248,
#8249,#8250,#8251,#8252,#8253),.UNSPECIFIED.,.F.,.F.,(4,1,1,1,1,1,1,1,1,
1,1,1,1,1,1,1,1,1,1,1,4),(0.,0.105343260998402,0.20437546616543,0.298068661249065,
0.387069938902977,0.429725727732517,0.470901238953742,0.511121671027421,
0.550178782470068,0.588354369896026,0.626683010570897,0.664451685287477,
0.702514853950157,0.740481171629403,0.777618121594642,0.814716045066958,
0.851526510015082,0.888098450837316,0.925111675743715,0.96210369570715,
1.),.UNSPECIFIED.);
#134=B_SPLINE_CURVE_WITH_KNOTS('',3,(#8255,#8256,#8257,#8258,#8259,#8260,
#8261,#8262,#8263,#8264,#8265,#8266,#8267,#8268,#8269,#8270,#8271,#8272,
#8273),.UNSPECIFIED.,.F.,.F.,(4,1,1,1,1,1,1,1,1,1,1,1,1,1,1,1,4),(0.,0.0633358805656862,
0.125110758980212,0.184688411891715,0.243210443967865,0.300888040413117,
0.358370115531298,0.415761407703194,0.474386622989778,0.533966264972407,
0.594007564198808,0.655072407307679,0.718610042605139,0.784374783051777,
0.852991472212919,0.924900429297756,1.),.UNSPECIFIED.);
#135=B_SPLINE_CURVE_WITH_KNOTS('',3,(#8277,#8278,#8279,#8280,#8281,#8282,
#8283,#8284,#8285,#8286,#8287,#8288,#8289,#8290,#8291,#8292,#8293,#8294,
#8295),.UNSPECIFIED.,.F.,.F.,(4,1,1,1,1,1,1,1,1,1,1,1,1,1,1,1,4),(0.,0.0715783870982365,
0.140016209075355,0.206197439946981,0.270156103805654,0.332001040268831,
0.392755010928556,0.452579034490638,0.512252798847904,0.57153225242856,
0.630151752872219,0.688769169548556,0.74816390085036,0.808703372199651,
0.870256298480419,0.933900027507001,1.),.UNSPECIFIED.);
#136=B_SPLINE_CURVE_WITH_KNOTS('',3,(#8297,#8298,#8299,#8300,#8301,#8302,
#8303,#8304,#8305,#8306,#8307,#8308,#8309,#8310,#8311,#8312,#8313,#8314,
#8315,#8316,#8317,#8318,#8319,#8320,#8321,#8322,#8323),.UNSPECIFIED.,.F.,
 .F.,(4,1,1,1,1,1,1,1,1,1,1,1,1,1,1,1,1,1,1,1,1,1,1,1,4),(0.,0.0491959188678574,
0.0962478839423328,0.141348630554565,0.18465611934875,0.226058682310063,
0.266173083638407,0.30528984139669,0.343245095104708,0.380877276086866,
0.418495793135026,0.4563187508918,0.494236737091876,0.533023528957667,0.572473194333944,
0.613078809089891,0.654934454610793,0.697396779504618,0.7398840686664,0.782194779819117,
0.825061534866703,0.867987465577405,0.911410543960078,0.955371945522814,
1.),.UNSPECIFIED.);
#137=B_SPLINE_CURVE_WITH_KNOTS('',3,(#8325,#8326,#8327,#8328,#8329,#8330,
#8331,#8332,#8333,#8334,#8335,#8336,#8337,#8338,#8339,#8340,#8341,#8342,
#8343,#8344,#8345,#8346,#8347,#8348,#8349,#8350,#8351),.UNSPECIFIED.,.F.,
 .F.,(4,1,1,1,1,1,1,1,1,1,1,1,1,1,1,1,1,1,1,1,1,1,1,1,4),(0.,0.0494014326173353,
0.0976047534771124,0.144254705544543,0.189472143846675,0.233915005935092,
0.277237111150862,0.319858835564432,0.36195665443327,0.403485754226547,
0.443933636333855,0.483649175051375,0.522893283317272,0.561858384094737,
0.600794866898195,0.640104336189136,0.679643426826538,0.719399769190488,
0.758854192668097,0.798315464683075,0.837802408134366,0.877468586444409,
0.917682796942333,0.958392889853853,1.),.UNSPECIFIED.);
#138=B_SPLINE_CURVE_WITH_KNOTS('',3,(#8353,#8354,#8355,#8356,#8357,#8358,
#8359,#8360,#8361,#8362,#8363,#8364,#8365,#8366,#8367,#8368,#8369,#8370,
#8371),.UNSPECIFIED.,.F.,.F.,(4,1,1,1,1,1,1,1,1,1,1,1,1,1,1,1,4),(0.,0.0686494919759958,
0.134937373785155,0.198841898200612,0.26140932841831,0.322516763706905,
0.382376865698778,0.442470904753687,0.502227833479291,0.562101433090857,
0.62173160809488,0.681851312434415,0.742049167293959,0.803908130474381,
0.867162160246171,0.93236059793853,1.),.UNSPECIFIED.);
#139=B_SPLINE_CURVE_WITH_KNOTS('',3,(#8375,#8376,#8377,#8378,#8379,#8380,
#8381,#8382,#8383,#8384,#8385,#8386,#8387,#8388,#8389,#8390,#8391,#8392,
#8393),.UNSPECIFIED.,.F.,.F.,(4,1,1,1,1,1,1,1,1,1,1,1,1,1,1,1,4),(0.,0.0772311103286301,
0.151165179521725,0.220784705725399,0.28714951767777,0.350632481295085,
0.411306771507893,0.469964415137649,0.526707226683278,0.582498333364128,
0.638508727408025,0.694917981213909,0.752420352659154,0.811250975415508,
0.871856108990808,0.934644187852687,1.),.UNSPECIFIED.);
#140=B_SPLINE_CURVE_WITH_KNOTS('',3,(#8394,#8395,#8396,#8397,#8398,#8399,
#8400,#8401,#8402,#8403,#8404,#8405,#8406,#8407,#8408,#8409,#8410,#8411,
#8412,#8413,#8414,#8415,#8416),.UNSPECIFIED.,.F.,.F.,(4,1,1,1,1,1,1,1,1,
1,1,1,1,1,1,1,1,1,1,1,4),(0.,0.0467628351215627,0.0919686966072123,0.135804385380505,
0.178231580183924,0.219441433226538,0.260176943268593,0.300279606114032,
0.340547641466616,0.380311190207669,0.419641953569813,0.459017324098517,
0.498181958889762,0.537670214562871,0.577913331574361,0.618648841616416,
0.660761602760318,0.74529917706318,0.829744741690631,0.914602086609254,
1.),.UNSPECIFIED.);
#141=B_SPLINE_CURVE_WITH_KNOTS('',3,(#8581,#8582,#8583,#8584,#8585,#8586,
#8587,#8588,#8589,#8590,#8591,#8592,#8593,#8594,#8595,#8596,#8597,#8598,
#8599),.UNSPECIFIED.,.F.,.F.,(4,1,1,1,1,1,1,1,1,1,1,1,1,1,1,1,4),(0.,0.0633358805656862,
0.125110758980212,0.184688411891715,0.243210443967865,0.300888040413117,
0.358370115531298,0.415761407703194,0.474386622989778,0.533966264972407,
0.594007564198808,0.655072407307679,0.718610042605139,0.784374783051777,
0.852991472212919,0.924900429297756,1.),.UNSPECIFIED.);
#142=B_SPLINE_CURVE_WITH_KNOTS('',3,(#8649,#8650,#8651,#8652,#8653,#8654,
#8655,#8656,#8657,#8658,#8659,#8660,#8661,#8662,#8663,#8664,#8665,#8666,
#8667,#8668,#8669,#8670,#8671),.UNSPECIFIED.,.F.,.F.,(4,1,1,1,1,1,1,1,1,
1,1,1,1,1,1,1,1,1,1,1,4),(0.,0.105343260998402,0.20437546616543,0.298068661249065,
0.387069938902977,0.429725727732517,0.470901238953742,0.511121671027421,
0.550178782470068,0.588354369896026,0.626683010570897,0.664451685287477,
0.702514853950157,0.740481171629403,0.777618121594642,0.814716045066958,
0.851526510015082,0.888098450837316,0.925111675743715,0.96210369570715,
1.),.UNSPECIFIED.);
#143=B_SPLINE_CURVE_WITH_KNOTS('',3,(#8720,#8721,#8722,#8723,#8724,#8725,
#8726,#8727,#8728,#8729,#8730,#8731,#8732,#8733,#8734,#8735,#8736,#8737,
#8738,#8739,#8740,#8741,#8742),.UNSPECIFIED.,.F.,.F.,(4,1,1,1,1,1,1,1,1,
1,1,1,1,1,1,1,1,1,1,1,4),(0.,0.0467628351215627,0.0919686966072123,0.135804385380505,
0.178231580183924,0.219441433226538,0.260176943268593,0.300279606114032,
0.340547641466616,0.380311190207669,0.419641953569813,0.459017324098517,
0.498181958889762,0.537670214562871,0.577913331574361,0.618648841616416,
0.660761602760318,0.74529917706318,0.829744741690631,0.914602086609254,
1.),.UNSPECIFIED.);
#144=B_SPLINE_CURVE_WITH_KNOTS('',3,(#8783,#8784,#8785,#8786,#8787,#8788,
#8789,#8790,#8791,#8792,#8793,#8794,#8795,#8796,#8797,#8798,#8799,#8800,
#8801),.UNSPECIFIED.,.F.,.F.,(4,1,1,1,1,1,1,1,1,1,1,1,1,1,1,1,4),(0.,0.0772311103286301,
0.151165179521725,0.220784705725399,0.28714951767777,0.350632481295085,
0.411306771507893,0.469964415137649,0.526707226683278,0.582498333364128,
0.638508727408025,0.694917981213909,0.752420352659154,0.811250975415508,
0.871856108990808,0.934644187852687,1.),.UNSPECIFIED.);
#145=B_SPLINE_CURVE_WITH_KNOTS('',3,(#8846,#8847,#8848,#8849,#8850,#8851,
#8852,#8853,#8854,#8855,#8856,#8857,#8858,#8859,#8860,#8861,#8862,#8863,
#8864),.UNSPECIFIED.,.F.,.F.,(4,1,1,1,1,1,1,1,1,1,1,1,1,1,1,1,4),(0.,0.0686494919759958,
0.134937373785155,0.198841898200612,0.26140932841831,0.322516763706905,
0.382376865698778,0.442470904753687,0.502227833479291,0.562101433090857,
0.62173160809488,0.681851312434415,0.742049167293959,0.803908130474381,
0.867162160246171,0.93236059793853,1.),.UNSPECIFIED.);
#146=B_SPLINE_CURVE_WITH_KNOTS('',3,(#8921,#8922,#8923,#8924,#8925,#8926,
#8927,#8928,#8929,#8930,#8931,#8932,#8933,#8934,#8935,#8936,#8937,#8938,
#8939,#8940,#8941,#8942,#8943,#8944,#8945,#8946,#8947),.UNSPECIFIED.,.F.,
 .F.,(4,1,1,1,1,1,1,1,1,1,1,1,1,1,1,1,1,1,1,1,1,1,1,1,4),(0.,0.0494014326173353,
0.0976047534771124,0.144254705544543,0.189472143846675,0.233915005935092,
0.277237111150862,0.319858835564432,0.36195665443327,0.403485754226547,
0.443933636333855,0.483649175051375,0.522893283317272,0.561858384094737,
0.600794866898195,0.640104336189136,0.679643426826538,0.719399769190488,
0.758854192668097,0.798315464683075,0.837802408134366,0.877468586444409,
0.917682796942333,0.958392889853853,1.),.UNSPECIFIED.);
#147=B_SPLINE_CURVE_WITH_KNOTS('',3,(#9004,#9005,#9006,#9007,#9008,#9009,
#9010,#9011,#9012,#9013,#9014,#9015,#9016,#9017,#9018,#9019,#9020,#9021,
#9022,#9023,#9024,#9025,#9026,#9027,#9028,#9029,#9030),.UNSPECIFIED.,.F.,
 .F.,(4,1,1,1,1,1,1,1,1,1,1,1,1,1,1,1,1,1,1,1,1,1,1,1,4),(0.,0.0491959188678574,
0.0962478839423328,0.141348630554565,0.18465611934875,0.226058682310063,
0.266173083638407,0.30528984139669,0.343245095104708,0.380877276086866,
0.418495793135026,0.4563187508918,0.494236737091876,0.533023528957667,0.572473194333944,
0.613078809089891,0.654934454610793,0.697396779504618,0.7398840686664,0.782194779819117,
0.825061534866703,0.867987465577405,0.911410543960078,0.955371945522814,
1.),.UNSPECIFIED.);
#148=B_SPLINE_CURVE_WITH_KNOTS('',3,(#9071,#9072,#9073,#9074,#9075,#9076,
#9077,#9078,#9079,#9080,#9081,#9082,#9083,#9084,#9085,#9086,#9087,#9088,
#9089),.UNSPECIFIED.,.F.,.F.,(4,1,1,1,1,1,1,1,1,1,1,1,1,1,1,1,4),(0.,0.0715783870982365,
0.140016209075355,0.206197439946981,0.270156103805654,0.332001040268831,
0.392755010928556,0.452579034490638,0.512252798847904,0.57153225242856,
0.630151752872219,0.688769169548556,0.74816390085036,0.808703372199651,
0.870256298480419,0.933900027507001,1.),.UNSPECIFIED.);
#149=B_SPLINE_CURVE_WITH_KNOTS('',3,(#9137,#9138,#9139,#9140,#9141,#9142,
#9143,#9144,#9145,#9146,#9147,#9148,#9149,#9150,#9151,#9152,#9153,#9154,
#9155,#9156,#9157,#9158,#9159,#9160,#9161,#9162,#9163),.UNSPECIFIED.,.F.,
 .F.,(4,1,1,1,1,1,1,1,1,1,1,1,1,1,1,1,1,1,1,1,1,1,1,1,4),(0.,0.0446969998899167,
0.0885335629185875,0.131409133235227,0.173813942146778,0.215714533269445,
0.25724716032642,0.298847964179711,0.340604182714814,0.382029448109134,
0.422969750040485,0.463632229530619,0.504047543700394,0.544591205756457,
0.584963925169093,0.626265216268083,0.66797940050099,0.70994274720535,0.751381855085225,
0.792618564977964,0.833948435745821,0.875008050631104,0.916445530223275,
0.957906613728307,1.),.UNSPECIFIED.);
#150=B_SPLINE_CURVE_WITH_KNOTS('',3,(#9165,#9166,#9167,#9168,#9169,#9170,
#9171,#9172,#9173,#9174,#9175,#9176,#9177,#9178,#9179,#9180,#9181,#9182,
#9183,#9184,#9185,#9186,#9187,#9188,#9189,#9190,#9191),.UNSPECIFIED.,.F.,
 .F.,(4,1,1,1,1,1,1,1,1,1,1,1,1,1,1,1,1,1,1,1,1,1,1,1,4),(0.,0.0475595569054262,
0.0939621052432106,0.139111533240822,0.183626310126904,0.227457028400493,
0.270702510551854,0.313610532115554,0.356260451084977,0.398366152955037,
0.43955651497928,0.48004538302142,0.519888495705012,0.559657750317197,0.599421254662741,
0.639207755088398,0.67966837498578,0.720019852512848,0.759858865562457,
0.79955988483238,0.839199144636439,0.878956076230279,0.918794269302466,
0.959083362843275,1.),.UNSPECIFIED.);
#151=B_SPLINE_CURVE_WITH_KNOTS('',3,(#9193,#9194,#9195,#9196,#9197,#9198,
#9199,#9200,#9201,#9202,#9203,#9204,#9205,#9206,#9207,#9208,#9209,#9210,
#9211,#9212,#9213,#9214,#9215,#9216,#9217,#9218,#9219),.UNSPECIFIED.,.F.,
 .F.,(4,1,1,1,1,1,1,1,1,1,1,1,1,1,1,1,1,1,1,1,1,1,1,1,4),(0.,0.0430989705688967,
0.0855867603450734,0.126907665743639,0.167967485621521,0.208449558601065,
0.249025424641544,0.28928053417168,0.330009848982731,0.370597724099577,
0.4104659863327,0.450033215892948,0.489688209604248,0.529116423074191,0.569036807092509,
0.609703054235945,0.65075891749422,0.692509262406178,0.734219121370686,
0.776706911146862,0.819551840240322,0.863350728831333,0.907838525130061,
0.953333703612418,1.),.UNSPECIFIED.);
#152=B_SPLINE_CURVE_WITH_KNOTS('',3,(#9220,#9221,#9222,#9223,#9224,#9225,
#9226,#9227,#9228,#9229,#9230,#9231,#9232,#9233,#9234,#9235,#9236,#9237,
#9238),.UNSPECIFIED.,.F.,.F.,(4,1,1,1,1,1,1,1,1,1,1,1,1,1,1,1,4),(0.,0.0752263466908985,
0.146574721526852,0.214500251826475,0.279529971653023,0.342402951588382,
0.403496052728808,0.46376160650304,0.523864359079587,0.583251724254966,
0.641302039283135,0.698897774856489,0.756295243811309,0.814627804812969,
0.874324768339998,0.935783283862545,1.),.UNSPECIFIED.);
#153=B_SPLINE_CURVE_WITH_KNOTS('',3,(#9241,#9242,#9243,#9244,#9245,#9246,
#9247,#9248,#9249,#9250,#9251,#9252,#9253,#9254,#9255,#9256,#9257,#9258,
#9259),.UNSPECIFIED.,.F.,.F.,(4,1,1,1,1,1,1,1,1,1,1,1,1,1,1,1,4),(0.,0.0759644026221998,
0.148125223974872,0.217200611144603,0.283299909372361,0.347201868136241,
0.409299540705924,0.470425616107403,0.531588064052835,0.59173917291737,
0.650257744290573,0.707303039952286,0.764208464022915,0.821147532010132,
0.879118812155254,0.938422818393667,1.),.UNSPECIFIED.);
#154=B_SPLINE_CURVE_WITH_KNOTS('',3,(#9261,#9262,#9263,#9264,#9265,#9266,
#9267,#9268,#9269,#9270,#9271,#9272,#9273,#9274,#9275,#9276,#9277,#9278,
#9279),.UNSPECIFIED.,.F.,.F.,(4,1,1,1,1,1,1,1,1,1,1,1,1,1,1,1,4),(0.,0.0559431333569188,
0.110382035689841,0.164047858882849,0.216759477543587,0.269601134614448,
0.323008505190869,0.377581443672136,0.433449336708054,0.490921858049894,
0.550624770871326,0.613116872309818,0.679860746351851,0.7513577440202,0.828261101258994,
0.910795032065629,1.),.UNSPECIFIED.);
#155=B_SPLINE_CURVE_WITH_KNOTS('',3,(#9281,#9282,#9283,#9284,#9285,#9286,
#9287,#9288,#9289,#9290,#9291,#9292,#9293,#9294,#9295,#9296,#9297,#9298,
#9299,#9300,#9301,#9302,#9303,#9304,#9305,#9306,#9307),.UNSPECIFIED.,.F.,
 .F.,(4,1,1,1,1,1,1,1,1,1,1,1,1,1,1,1,1,1,1,1,1,1,1,1,4),(0.,0.050851615792284,
0.099752467809416,0.147437647776931,0.194085783932704,0.239170927084144,
0.283339822245434,0.326577149723843,0.368936281499902,0.410571872681449,
0.451050593494912,0.490876862992416,0.530044332484387,0.568936663310331,
0.607577862131133,0.646420096450513,0.685679351306394,0.724798584980197,
0.763513008404512,0.802172526378755,0.840740361572613,0.879649376900586,
0.919070612866341,0.959097862217225,1.),.UNSPECIFIED.);
#156=B_SPLINE_CURVE_WITH_KNOTS('',3,(#9308,#9309,#9310,#9311,#9312,#9313,
#9314,#9315,#9316,#9317,#9318,#9319,#9320,#9321,#9322,#9323,#9324,#9325,
#9326),.UNSPECIFIED.,.F.,.F.,(4,1,1,1,1,1,1,1,1,1,1,1,1,1,1,1,4),(0.,0.061054911743283,
0.119545345084744,0.176806356245103,0.232956483031685,0.288583489946503,
0.344666661721301,0.401661510837446,0.460540097308277,0.520477062322188,
0.5812128653554,0.64343075972201,0.707960869521243,0.775370743533673,0.84641367728133,
0.921151887189369,1.),.UNSPECIFIED.);
#157=B_SPLINE_CURVE_WITH_KNOTS('',3,(#9571,#9572,#9573,#9574,#9575,#9576,
#9577,#9578,#9579,#9580,#9581,#9582,#9583,#9584,#9585,#9586,#9587,#9588,
#9589),.UNSPECIFIED.,.F.,.F.,(4,1,1,1,1,1,1,1,1,1,1,1,1,1,1,1,4),(0.,0.0559431333569188,
0.110382035689841,0.164047858882849,0.216759477543587,0.269601134614448,
0.323008505190869,0.377581443672136,0.433449336708054,0.490921858049894,
0.550624770871326,0.613116872309818,0.679860746351851,0.7513577440202,0.828261101258994,
0.910795032065629,1.),.UNSPECIFIED.);
#158=B_SPLINE_CURVE_WITH_KNOTS('',3,(#9631,#9632,#9633,#9634,#9635,#9636,
#9637,#9638,#9639,#9640,#9641,#9642,#9643,#9644,#9645,#9646,#9647,#9648,
#9649),.UNSPECIFIED.,.F.,.F.,(4,1,1,1,1,1,1,1,1,1,1,1,1,1,1,1,4),(0.,0.0759644026221998,
0.148125223974872,0.217200611144603,0.283299909372361,0.347201868136241,
0.409299540705924,0.470425616107403,0.531588064052835,0.59173917291737,
0.650257744290573,0.707303039952286,0.764208464022915,0.821147532010132,
0.879118812155254,0.938422818393667,1.),.UNSPECIFIED.);
#159=B_SPLINE_CURVE_WITH_KNOTS('',3,(#9690,#9691,#9692,#9693,#9694,#9695,
#9696,#9697,#9698,#9699,#9700,#9701,#9702,#9703,#9704,#9705,#9706,#9707,
#9708),.UNSPECIFIED.,.F.,.F.,(4,1,1,1,1,1,1,1,1,1,1,1,1,1,1,1,4),(0.,0.061054911743283,
0.119545345084744,0.176806356245103,0.232956483031685,0.288583489946503,
0.344666661721301,0.401661510837446,0.460540097308277,0.520477062322188,
0.5812128653554,0.64343075972201,0.707960869521243,0.775370743533673,0.84641367728133,
0.921151887189369,1.),.UNSPECIFIED.);
#160=B_SPLINE_CURVE_WITH_KNOTS('',3,(#9764,#9765,#9766,#9767,#9768,#9769,
#9770,#9771,#9772,#9773,#9774,#9775,#9776,#9777,#9778,#9779,#9780,#9781,
#9782,#9783,#9784,#9785,#9786,#9787,#9788,#9789,#9790),.UNSPECIFIED.,.F.,
 .F.,(4,1,1,1,1,1,1,1,1,1,1,1,1,1,1,1,1,1,1,1,1,1,1,1,4),(0.,0.050851615792284,
0.099752467809416,0.147437647776931,0.194085783932704,0.239170927084144,
0.283339822245434,0.326577149723843,0.368936281499902,0.410571872681449,
0.451050593494912,0.490876862992416,0.530044332484387,0.568936663310331,
0.607577862131133,0.646420096450513,0.685679351306394,0.724798584980197,
0.763513008404512,0.802172526378755,0.840740361572613,0.879649376900586,
0.919070612866341,0.959097862217225,1.),.UNSPECIFIED.);
#161=B_SPLINE_CURVE_WITH_KNOTS('',3,(#9874,#9875,#9876,#9877,#9878,#9879,
#9880,#9881,#9882,#9883,#9884,#9885,#9886,#9887,#9888,#9889,#9890,#9891,
#9892),.UNSPECIFIED.,.F.,.F.,(4,1,1,1,1,1,1,1,1,1,1,1,1,1,1,1,4),(0.,0.0633358805656842,
0.125110758980212,0.184688411891713,0.243210443967863,0.300888040413115,
0.358370115531299,0.415761407703194,0.474386622989777,0.533966264972407,
0.594007564198808,0.65507240730768,0.718610042605137,0.784374783051776,
0.852991472212919,0.924900429297756,1.),.UNSPECIFIED.);
#162=B_SPLINE_CURVE_WITH_KNOTS('',3,(#9942,#9943,#9944,#9945,#9946,#9947,
#9948,#9949,#9950,#9951,#9952,#9953,#9954,#9955,#9956,#9957,#9958,#9959,
#9960,#9961,#9962,#9963,#9964),.UNSPECIFIED.,.F.,.F.,(4,1,1,1,1,1,1,1,1,
1,1,1,1,1,1,1,1,1,1,1,4),(0.,0.105343260998402,0.204375466165429,0.298068661249065,
0.387069938902977,0.429725727732516,0.470901238953741,0.511121671027421,
0.550178782470068,0.588354369896026,0.626683010570897,0.664451685287477,
0.702514853950156,0.740481171629403,0.77761812159464,0.814716045066957,
0.85152651001508,0.888098450837315,0.925111675743715,0.96210369570715,1.),
 .UNSPECIFIED.);
#163=B_SPLINE_CURVE_WITH_KNOTS('',3,(#10013,#10014,#10015,#10016,#10017,
#10018,#10019,#10020,#10021,#10022,#10023,#10024,#10025,#10026,#10027,#10028,
#10029,#10030,#10031,#10032,#10033,#10034,#10035),.UNSPECIFIED.,.F.,.F.,
(4,1,1,1,1,1,1,1,1,1,1,1,1,1,1,1,1,1,1,1,4),(0.,0.0467628351215612,0.0919686966072125,
0.135804385380505,0.178231580183923,0.219441433226537,0.260176943268592,
0.30027960611403,0.340547641466617,0.380311190207667,0.419641953569811,
0.459017324098516,0.498181958889762,0.537670214562871,0.577913331574361,
0.618648841616415,0.660761602760317,0.745299177063179,0.829744741690631,
0.914602086609253,1.),.UNSPECIFIED.);
#164=B_SPLINE_CURVE_WITH_KNOTS('',3,(#10076,#10077,#10078,#10079,#10080,
#10081,#10082,#10083,#10084,#10085,#10086,#10087,#10088,#10089,#10090,#10091,
#10092,#10093,#10094),.UNSPECIFIED.,.F.,.F.,(4,1,1,1,1,1,1,1,1,1,1,1,1,
1,1,1,4),(0.,0.0772311103286307,0.151165179521725,0.2207847057254,0.287149517677769,
0.350632481295084,0.411306771507892,0.469964415137649,0.526707226683279,
0.582498333364124,0.638508727408021,0.694917981213905,0.752420352659152,
0.811250975415506,0.871856108990803,0.934644187852685,1.),.UNSPECIFIED.);
#165=B_SPLINE_CURVE_WITH_KNOTS('',3,(#10139,#10140,#10141,#10142,#10143,
#10144,#10145,#10146,#10147,#10148,#10149,#10150,#10151,#10152,#10153,#10154,
#10155,#10156,#10157),.UNSPECIFIED.,.F.,.F.,(4,1,1,1,1,1,1,1,1,1,1,1,1,
1,1,1,4),(0.,0.0686494919759974,0.134937373785157,0.19884189820061,0.26140932841831,
0.322516763706905,0.382376865698779,0.442470904753687,0.502227833479291,
0.562101433090858,0.621731608094879,0.681851312434416,0.742049167293959,
0.803908130474381,0.86716216024617,0.93236059793853,1.),.UNSPECIFIED.);
#166=B_SPLINE_CURVE_WITH_KNOTS('',3,(#10214,#10215,#10216,#10217,#10218,
#10219,#10220,#10221,#10222,#10223,#10224,#10225,#10226,#10227,#10228,#10229,
#10230,#10231,#10232,#10233,#10234,#10235,#10236,#10237,#10238,#10239,#10240),
 .UNSPECIFIED.,.F.,.F.,(4,1,1,1,1,1,1,1,1,1,1,1,1,1,1,1,1,1,1,1,1,1,1,1,
4),(0.,0.0494014326173354,0.0976047534771125,0.144254705544543,0.189472143846675,
0.233915005935092,0.277237111150862,0.319858835564432,0.361956654433271,
0.403485754226547,0.443933636333855,0.483649175051376,0.522893283317271,
0.561858384094738,0.600794866898196,0.640104336189136,0.679643426826539,
0.719399769190488,0.758854192668099,0.798315464683076,0.837802408134366,
0.877468586444409,0.917682796942333,0.958392889853853,1.),.UNSPECIFIED.);
#167=B_SPLINE_CURVE_WITH_KNOTS('',3,(#10297,#10298,#10299,#10300,#10301,
#10302,#10303,#10304,#10305,#10306,#10307,#10308,#10309,#10310,#10311,#10312,
#10313,#10314,#10315,#10316,#10317,#10318,#10319,#10320,#10321,#10322,#10323),
 .UNSPECIFIED.,.F.,.F.,(4,1,1,1,1,1,1,1,1,1,1,1,1,1,1,1,1,1,1,1,1,1,1,1,
4),(0.,0.0491959188678574,0.0962478839423349,0.141348630554566,0.18465611934875,
0.226058682310064,0.266173083638407,0.305289841396691,0.343245095104708,
0.380877276086866,0.418495793135026,0.4563187508918,0.494236737091877,0.533023528957668,
0.572473194333944,0.613078809089891,0.654934454610793,0.697396779504618,
0.7398840686664,0.782194779819118,0.825061534866704,0.867987465577406,0.911410543960078,
0.955371945522814,1.),.UNSPECIFIED.);
#168=B_SPLINE_CURVE_WITH_KNOTS('',3,(#10364,#10365,#10366,#10367,#10368,
#10369,#10370,#10371,#10372,#10373,#10374,#10375,#10376,#10377,#10378,#10379,
#10380,#10381,#10382),.UNSPECIFIED.,.F.,.F.,(4,1,1,1,1,1,1,1,1,1,1,1,1,
1,1,1,4),(0.,0.0715783870982365,0.140016209075356,0.206197439946981,0.270156103805654,
0.332001040268831,0.392755010928556,0.452579034490638,0.512252798847904,
0.57153225242856,0.630151752872219,0.688769169548558,0.748163900850362,
0.808703372199651,0.870256298480422,0.933900027507004,1.),.UNSPECIFIED.);
#169=B_SPLINE_CURVE_WITH_KNOTS('',3,(#10420,#10421,#10422,#10423,#10424,
#10425,#10426,#10427,#10428,#10429,#10430),.UNSPECIFIED.,.F.,.F.,(4,1,1,
1,1,1,1,1,4),(0.,0.142657250700613,0.281168993905443,0.416977192367974,
0.550852492747556,0.678364170261811,0.795032443007094,0.901998178347352,
1.),.UNSPECIFIED.);
#170=B_SPLINE_CURVE_WITH_KNOTS('',3,(#10459,#10460,#10461,#10462,#10463,
#10464,#10465,#10466,#10467,#10468,#10469),.UNSPECIFIED.,.F.,.F.,(4,1,1,
1,1,1,1,1,4),(0.,0.111670300101587,0.232094480856017,0.362743459104553,
0.502557509710884,0.64152510333128,0.771098495299667,0.890161757373252,
1.),.UNSPECIFIED.);
#171=B_SPLINE_CURVE_WITH_KNOTS('',3,(#10498,#10499,#10500,#10501,#10502,
#10503,#10504),.UNSPECIFIED.,.F.,.F.,(4,1,1,1,4),(0.,0.247294050035336,
0.495607770909051,0.746359172773196,1.),.UNSPECIFIED.);
#172=B_SPLINE_CURVE_WITH_KNOTS('',3,(#10506,#10507,#10508,#10509,#10510,
#10511,#10512,#10513,#10514,#10515,#10516),.UNSPECIFIED.,.F.,.F.,(4,1,1,
1,1,1,1,1,4),(0.,0.153148108592631,0.299433468832906,0.43642635145675,0.565670572956357,
0.686508310287873,0.799268516063006,0.903394740801346,1.),.UNSPECIFIED.);
#173=B_SPLINE_CURVE_WITH_KNOTS('',3,(#10573,#10574,#10575,#10576,#10577,
#10578,#10579,#10580,#10581,#10582,#10583),.UNSPECIFIED.,.F.,.F.,(4,1,1,
1,1,1,1,1,4),(0.,0.153148108592631,0.299433468832906,0.43642635145675,0.565670572956357,
0.686508310287873,0.799268516063006,0.903394740801346,1.),.UNSPECIFIED.);
#174=B_SPLINE_CURVE_WITH_KNOTS('',3,(#10599,#10600,#10601,#10602,#10603,
#10604,#10605),.UNSPECIFIED.,.F.,.F.,(4,1,1,1,4),(0.,0.247294050035336,
0.495607770909051,0.746359172773196,1.),.UNSPECIFIED.);
#175=B_SPLINE_CURVE_WITH_KNOTS('',3,(#10641,#10642,#10643,#10644,#10645,
#10646,#10647,#10648,#10649,#10650,#10651),.UNSPECIFIED.,.F.,.F.,(4,1,1,
1,1,1,1,1,4),(0.,0.142657250700613,0.281168993905442,0.416977192367974,
0.550852492747557,0.678364170261811,0.795032443007094,0.901998178347352,
1.),.UNSPECIFIED.);
#176=B_SPLINE_CURVE_WITH_KNOTS('',3,(#10680,#10681,#10682,#10683,#10684,
#10685,#10686,#10687,#10688,#10689,#10690),.UNSPECIFIED.,.F.,.F.,(4,1,1,
1,1,1,1,1,4),(0.,0.111670300101586,0.232094480856017,0.362743459104552,
0.502557509710885,0.641525103331281,0.771098495299668,0.890161757373252,
1.),.UNSPECIFIED.);
#177=B_SPLINE_CURVE_WITH_KNOTS('',3,(#10732,#10733,#10734,#10735,#10736,
#10737,#10738,#10739,#10740,#10741,#10742,#10743,#10744),.UNSPECIFIED.,
 .F.,.F.,(4,1,1,1,1,1,1,1,1,1,4),(0.,0.124199672652486,0.236829658110026,
0.339494985306282,0.431253510031224,0.511454872119418,0.58122303662346,
0.640495374864369,0.688308204932018,0.850332973414688,1.),.UNSPECIFIED.);
#178=B_SPLINE_CURVE_WITH_KNOTS('',3,(#10785,#10786,#10787,#10788,#10789,
#10790,#10791,#10792,#10793,#10794,#10795,#10796,#10797,#10798,#10799,#10800,
#10801,#10802,#10803),.UNSPECIFIED.,.F.,.F.,(4,1,1,1,1,1,1,1,1,1,1,1,1,
1,1,1,4),(0.,0.0579448754623242,0.116017625425681,0.17482578436384,0.23468309007937,
0.296827030328914,0.364061335963787,0.436192424049738,0.51426011954144,
0.556975897165489,0.604855928383653,0.657675201073488,0.715750584661932,
0.778839799166455,0.847501189473864,0.921228230946324,1.),.UNSPECIFIED.);
#179=B_SPLINE_CURVE_WITH_KNOTS('',3,(#10844,#10845,#10846,#10847,#10848,
#10849,#10850,#10851,#10852,#10853,#10854,#10855,#10856,#10857,#10858,#10859,
#10860,#10861,#10862),.UNSPECIFIED.,.F.,.F.,(4,1,1,1,1,1,1,1,1,1,1,1,1,
1,1,1,4),(0.,0.0747118903045012,0.145539202374909,0.213339057250972,0.278615073538471,
0.342094196941498,0.403890075959195,0.46506335256552,0.526576736383485,
0.587328334028767,0.646380455703143,0.704345308375325,0.761671948999078,
0.819417859046864,0.87803939978168,0.937795509007053,1.),.UNSPECIFIED.);
#180=B_SPLINE_CURVE_WITH_KNOTS('',3,(#10903,#10904,#10905,#10906,#10907,
#10908,#10909,#10910,#10911,#10912,#10913,#10914,#10915,#10916,#10917,#10918,
#10919,#10920,#10921),.UNSPECIFIED.,.F.,.F.,(4,1,1,1,1,1,1,1,1,1,1,1,1,
1,1,1,4),(0.,0.0706752902033301,0.137492693844125,0.201472825372306,0.262869321772291,
0.322550086526157,0.380737251338555,0.438219736856012,0.495487437060286,
0.553483679695348,0.611346206229429,0.670643738814156,0.731586948422713,
0.794183193799938,0.85944511193475,0.92820763539981,1.),.UNSPECIFIED.);
#181=B_SPLINE_CURVE_WITH_KNOTS('',3,(#10966,#10967,#10968,#10969,#10970,
#10971,#10972,#10973,#10974,#10975,#10976,#10977,#10978,#10979,#10980,#10981,
#10982,#10983,#10984),.UNSPECIFIED.,.F.,.F.,(4,1,1,1,1,1,1,1,1,1,1,1,1,
1,1,1,4),(0.,0.0706964833433759,0.138358213203068,0.20336986825917,0.26570021334023,
0.327255868197376,0.386512343329294,0.445858297481949,0.505173143806938,
0.56377976280702,0.622343064293438,0.68082357961002,0.739795156810438,0.800801162988383,
0.864239461576907,0.930631098173451,1.),.UNSPECIFIED.);
#182=B_SPLINE_CURVE_WITH_KNOTS('',3,(#11025,#11026,#11027,#11028,#11029,
#11030,#11031,#11032,#11033,#11034,#11035,#11036,#11037,#11038,#11039,#11040,
#11041,#11042,#11043),.UNSPECIFIED.,.F.,.F.,(4,1,1,1,1,1,1,1,1,1,1,1,1,
1,1,1,4),(0.,0.0617621567680683,0.121173992653629,0.179421406825315,0.236843434650275,
0.294321795413398,0.353190962794525,0.412720706416324,0.474522150703716,
0.537056744142137,0.599591337580556,0.662366979354306,0.725245644679491,
0.790316446125079,0.857724300954093,0.927231952378493,1.),.UNSPECIFIED.);
#183=B_SPLINE_CURVE_WITH_KNOTS('',3,(#11084,#11085,#11086,#11087,#11088,
#11089,#11090,#11091,#11092,#11093,#11094,#11095,#11096,#11097,#11098,#11099,
#11100,#11101,#11102),.UNSPECIFIED.,.F.,.F.,(4,1,1,1,1,1,1,1,1,1,1,1,1,
1,1,1,4),(0.,0.11140966004266,0.214526367255801,0.309417225445833,0.396087190799031,
0.474284216426246,0.544373881639698,0.606419562810536,0.660581602374974,
0.709793818064757,0.756450648591829,0.800767325303931,0.843168287941334,
0.884294868550048,0.923884502055284,0.962358710139215,1.),.UNSPECIFIED.);
#184=B_SPLINE_CURVE_WITH_KNOTS('',3,(#11135,#11136,#11137,#11138,#11139,
#11140,#11141,#11142,#11143,#11144,#11145,#11146,#11147,#11148,#11149),
 .UNSPECIFIED.,.F.,.F.,(4,1,1,1,1,1,1,1,1,1,1,1,4),(0.,0.100388143139711,
0.204406793037309,0.310686083094208,0.422157293882799,0.480685460770373,
0.543238154452669,0.609499504564565,0.679554608774224,0.753841222051176,
0.831640676489386,0.913812706809591,1.),.UNSPECIFIED.);
#185=B_SPLINE_CURVE_WITH_KNOTS('',3,(#11166,#11167,#11168,#11169,#11170,
#11171,#11172),.UNSPECIFIED.,.F.,.F.,(4,1,1,1,4),(0.,0.252643327583237,
0.504439852579988,0.750406804281458,1.),.UNSPECIFIED.);
#186=B_SPLINE_CURVE_WITH_KNOTS('',3,(#11221,#11222,#11223,#11224,#11225,
#11226,#11227,#11228,#11229,#11230,#11231,#11232,#11233,#11234,#11235,#11236,
#11237,#11238,#11239),.UNSPECIFIED.,.F.,.F.,(4,1,1,1,1,1,1,1,1,1,1,1,1,
1,1,1,4),(0.,0.0692980234597528,0.135560844101282,0.199670955647057,0.261716238495609,
0.322661929947103,0.382906923778224,0.443032033072891,0.503500787350162,
0.563724281017108,0.623980022053474,0.683629386995523,0.74384827248573,
0.805191846229511,0.867648742959768,0.93277808423126,1.),.UNSPECIFIED.);
#187=B_SPLINE_CURVE_WITH_KNOTS('',3,(#11265,#11266,#11267,#11268,#11269,
#11270,#11271,#11272,#11273,#11274,#11275),.UNSPECIFIED.,.F.,.F.,(4,1,1,
1,1,1,1,1,4),(0.,0.127892619465422,0.251578513503857,0.372792819702304,
0.492777698607854,0.613590069242571,0.737808649280148,0.866179901539168,
1.),.UNSPECIFIED.);
#188=B_SPLINE_CURVE_WITH_KNOTS('',3,(#11300,#11301,#11302,#11303,#11304,
#11305,#11306,#11307,#11308,#11309,#11310),.UNSPECIFIED.,.F.,.F.,(4,1,1,
1,1,1,1,1,4),(0.,0.132461622242641,0.261649501035492,0.387546698416367,
0.510781629293349,0.632675360599711,0.754660354138139,0.876522779802867,
1.),.UNSPECIFIED.);
#189=B_SPLINE_CURVE_WITH_KNOTS('',3,(#11351,#11352,#11353,#11354,#11355,
#11356,#11357,#11358,#11359,#11360,#11361,#11362,#11363,#11364,#11365,#11366,
#11367,#11368,#11369),.UNSPECIFIED.,.F.,.F.,(4,1,1,1,1,1,1,1,1,1,1,1,1,
1,1,1,4),(0.,0.0619974190757224,0.122087954082292,0.181375310787003,0.239508008395365,
0.297835697896751,0.356879970653117,0.417281825115428,0.479640409079816,
0.542500067478356,0.60496241964819,0.666991033078264,0.730216243010164,
0.794172863251257,0.860458143150262,0.928578179984783,1.),.UNSPECIFIED.);
#190=B_SPLINE_CURVE_WITH_KNOTS('',3,(#11394,#11395,#11396,#11397,#11398,
#11399,#11400,#11401,#11402,#11403,#11404),.UNSPECIFIED.,.F.,.F.,(4,1,1,
1,1,1,1,1,4),(0.,0.136729401859573,0.268514916790827,0.395529404684808,
0.51999995356581,0.640496476841267,0.76123610176253,0.88010671717595,1.),
 .UNSPECIFIED.);
#191=B_SPLINE_CURVE_WITH_KNOTS('',3,(#11453,#11454,#11455,#11456,#11457,
#11458,#11459,#11460,#11461,#11462,#11463),.UNSPECIFIED.,.F.,.F.,(4,1,1,
1,1,1,1,1,4),(0.,0.147859636731251,0.283561321939548,0.41236939613853,0.534236355887944,
0.652691629311982,0.768663059498123,0.883652401860402,1.),.UNSPECIFIED.);
#192=B_SPLINE_CURVE_WITH_KNOTS('',3,(#11504,#11505,#11506,#11507,#11508,
#11509,#11510,#11511,#11512,#11513,#11514,#11515,#11516,#11517,#11518,#11519,
#11520,#11521,#11522),.UNSPECIFIED.,.F.,.F.,(4,1,1,1,1,1,1,1,1,1,1,1,1,
1,1,1,4),(0.,0.0728659334565345,0.141886871964126,0.207452626414711,0.270437680000098,
0.331640872247669,0.390107577493159,0.448069286948836,0.505502951924538,
0.562488152833723,0.61908432888473,0.676415530692239,0.735452360450792,
0.796240769448678,0.860405678089202,0.928304927285106,1.),.UNSPECIFIED.);
#193=B_SPLINE_CURVE_WITH_KNOTS('',3,(#11563,#11564,#11565,#11566,#11567,
#11568,#11569,#11570,#11571,#11572,#11573,#11574,#11575,#11576,#11577,#11578,
#11579,#11580,#11581),.UNSPECIFIED.,.F.,.F.,(4,1,1,1,1,1,1,1,1,1,1,1,1,
1,1,1,4),(0.,0.0658010376094728,0.128676795948975,0.188675874952433,0.247598436733895,
0.304849420118828,0.361785899282901,0.419522706368591,0.478681815420742,
0.53876950304402,0.598799056013156,0.660184281500679,0.722951530610968,
0.787992689104873,0.855403768434474,0.926153061284004,1.),.UNSPECIFIED.);
#194=B_SPLINE_CURVE_WITH_KNOTS('',3,(#11622,#11623,#11624,#11625,#11626,
#11627,#11628,#11629,#11630,#11631,#11632,#11633,#11634,#11635,#11636,#11637,
#11638,#11639,#11640),.UNSPECIFIED.,.F.,.F.,(4,1,1,1,1,1,1,1,1,1,1,1,1,
1,1,1,4),(0.,0.0773613371189756,0.150479832280681,0.219977236852074,0.286680996862443,
0.349678494185663,0.410679625017485,0.469427113519292,0.52675570142713,
0.583141980834838,0.638824427778627,0.695263470403812,0.752695804898535,
0.810849183334896,0.871356303636086,0.93443643098413,1.),.UNSPECIFIED.);
#195=B_SPLINE_CURVE_WITH_KNOTS('',3,(#11665,#11666,#11667,#11668,#11669,
#11670,#11671),.UNSPECIFIED.,.F.,.F.,(4,1,1,1,4),(0.,0.247294050035336,
0.495607770909051,0.746359172773196,1.),.UNSPECIFIED.);
#196=B_SPLINE_CURVE_WITH_KNOTS('',3,(#11673,#11674,#11675,#11676,#11677,
#11678,#11679,#11680,#11681,#11682,#11683),.UNSPECIFIED.,.F.,.F.,(4,1,1,
1,1,1,1,1,4),(0.,0.153148108592631,0.299433468832907,0.436426351456751,
0.565670572956357,0.686508310287874,0.799268516063006,0.903394740801346,
1.),.UNSPECIFIED.);
#197=B_SPLINE_CURVE_WITH_KNOTS('',3,(#11740,#11741,#11742,#11743,#11744,
#11745,#11746,#11747,#11748,#11749,#11750),.UNSPECIFIED.,.F.,.F.,(4,1,1,
1,1,1,1,1,4),(0.,0.153148108592631,0.299433468832907,0.436426351456751,
0.565670572956357,0.686508310287874,0.799268516063006,0.903394740801346,
1.),.UNSPECIFIED.);
#198=B_SPLINE_CURVE_WITH_KNOTS('',3,(#11766,#11767,#11768,#11769,#11770,
#11771,#11772),.UNSPECIFIED.,.F.,.F.,(4,1,1,1,4),(0.,0.247294050035336,
0.495607770909051,0.746359172773196,1.),.UNSPECIFIED.);
#199=B_SPLINE_CURVE_WITH_KNOTS('',3,(#11804,#11805,#11806,#11807,#11808),
 .UNSPECIFIED.,.F.,.F.,(4,1,4),(0.,0.496441118062958,1.),.UNSPECIFIED.);
#200=B_SPLINE_CURVE_WITH_KNOTS('',3,(#11825,#11826,#11827,#11828,#11829,
#11830,#11831),.UNSPECIFIED.,.F.,.F.,(4,1,1,1,4),(0.,0.265686788941876,
0.51973815397058,0.765584933372218,1.),.UNSPECIFIED.);
#201=B_SPLINE_CURVE_WITH_KNOTS('',3,(#11864,#11865,#11866,#11867,#11868,
#11869,#11870),.UNSPECIFIED.,.F.,.F.,(4,1,1,1,4),(0.,0.247294050035337,
0.495607770909052,0.746359172773198,1.),.UNSPECIFIED.);
#202=B_SPLINE_CURVE_WITH_KNOTS('',3,(#11872,#11873,#11874,#11875,#11876,
#11877,#11878,#11879,#11880,#11881,#11882),.UNSPECIFIED.,.F.,.F.,(4,1,1,
1,1,1,1,1,4),(0.,0.153148108592631,0.299433468832906,0.43642635145675,0.565670572956357,
0.686508310287872,0.799268516063006,0.903394740801346,1.),.UNSPECIFIED.);
#203=B_SPLINE_CURVE_WITH_KNOTS('',3,(#11939,#11940,#11941,#11942,#11943,
#11944,#11945,#11946,#11947,#11948,#11949),.UNSPECIFIED.,.F.,.F.,(4,1,1,
1,1,1,1,1,4),(0.,0.153148108592631,0.299433468832906,0.43642635145675,0.565670572956357,
0.686508310287872,0.799268516063006,0.903394740801346,1.),.UNSPECIFIED.);
#204=B_SPLINE_CURVE_WITH_KNOTS('',3,(#11965,#11966,#11967,#11968,#11969,
#11970,#11971),.UNSPECIFIED.,.F.,.F.,(4,1,1,1,4),(0.,0.247294050035337,
0.495607770909052,0.746359172773198,1.),.UNSPECIFIED.);
#205=B_SPLINE_CURVE_WITH_KNOTS('',3,(#12014,#12015,#12016,#12017,#12018,
#12019,#12020,#12021,#12022,#12023,#12024,#12025,#12026,#12027,#12028,#12029,
#12030,#12031,#12032),.UNSPECIFIED.,.F.,.F.,(4,1,1,1,1,1,1,1,1,1,1,1,1,
1,1,1,4),(0.,0.0633358805656884,0.125110758980212,0.184688411891713,0.243210443967863,
0.300888040413115,0.358370115531298,0.415761407703194,0.474386622989776,
0.533966264972406,0.594007564198808,0.655072407307679,0.718610042605138,
0.784374783051775,0.852991472212918,0.924900429297757,1.),.UNSPECIFIED.);
#206=B_SPLINE_CURVE_WITH_KNOTS('',3,(#12082,#12083,#12084,#12085,#12086,
#12087,#12088,#12089,#12090,#12091,#12092,#12093,#12094,#12095,#12096,#12097,
#12098,#12099,#12100,#12101,#12102,#12103,#12104),.UNSPECIFIED.,.F.,.F.,
(4,1,1,1,1,1,1,1,1,1,1,1,1,1,1,1,1,1,1,1,4),(0.,0.105343260998402,0.20437546616543,
0.298068661249065,0.387069938902976,0.429725727732517,0.470901238953742,
0.511121671027421,0.550178782470069,0.588354369896027,0.626683010570897,
0.664451685287477,0.702514853950156,0.740481171629403,0.777618121594643,
0.814716045066957,0.851526510015083,0.888098450837315,0.925111675743716,
0.96210369570715,1.),.UNSPECIFIED.);
#207=B_SPLINE_CURVE_WITH_KNOTS('',3,(#12153,#12154,#12155,#12156,#12157,
#12158,#12159,#12160,#12161,#12162,#12163,#12164,#12165,#12166,#12167,#12168,
#12169,#12170,#12171,#12172,#12173,#12174,#12175),.UNSPECIFIED.,.F.,.F.,
(4,1,1,1,1,1,1,1,1,1,1,1,1,1,1,1,1,1,1,1,4),(0.,0.0467628351215642,0.0919686966072123,
0.135804385380505,0.178231580183926,0.219441433226539,0.260176943268595,
0.300279606114033,0.340547641466617,0.380311190207669,0.419641953569812,
0.459017324098518,0.498181958889762,0.537670214562872,0.577913331574362,
0.618648841616416,0.660761602760318,0.74529917706318,0.829744741690631,
0.914602086609254,1.),.UNSPECIFIED.);
#208=B_SPLINE_CURVE_WITH_KNOTS('',3,(#12216,#12217,#12218,#12219,#12220,
#12221,#12222,#12223,#12224,#12225,#12226,#12227,#12228,#12229,#12230,#12231,
#12232,#12233,#12234),.UNSPECIFIED.,.F.,.F.,(4,1,1,1,1,1,1,1,1,1,1,1,1,
1,1,1,4),(0.,0.0772311103286295,0.151165179521724,0.220784705725398,0.28714951767777,
0.350632481295085,0.411306771507893,0.469964415137647,0.526707226683276,
0.582498333364127,0.638508727408025,0.694917981213909,0.752420352659156,
0.81125097541551,0.871856108990808,0.93464418785269,1.),.UNSPECIFIED.);
#209=B_SPLINE_CURVE_WITH_KNOTS('',3,(#12279,#12280,#12281,#12282,#12283,
#12284,#12285,#12286,#12287,#12288,#12289,#12290,#12291,#12292,#12293,#12294,
#12295,#12296,#12297),.UNSPECIFIED.,.F.,.F.,(4,1,1,1,1,1,1,1,1,1,1,1,1,
1,1,1,4),(0.,0.0686494919759942,0.134937373785154,0.198841898200611,0.261409328418307,
0.322516763706903,0.382376865698777,0.442470904753685,0.50222783347929,
0.562101433090857,0.621731608094879,0.681851312434415,0.742049167293958,
0.803908130474382,0.867162160246171,0.932360597938531,1.),.UNSPECIFIED.);
#210=B_SPLINE_CURVE_WITH_KNOTS('',3,(#12354,#12355,#12356,#12357,#12358,
#12359,#12360,#12361,#12362,#12363,#12364,#12365,#12366,#12367,#12368,#12369,
#12370,#12371,#12372,#12373,#12374,#12375,#12376,#12377,#12378,#12379,#12380),
 .UNSPECIFIED.,.F.,.F.,(4,1,1,1,1,1,1,1,1,1,1,1,1,1,1,1,1,1,1,1,1,1,1,1,
4),(0.,0.0494014326173352,0.0976047534771123,0.144254705544542,0.189472143846675,
0.233915005935091,0.277237111150861,0.319858835564432,0.36195665443327,
0.403485754226547,0.443933636333855,0.483649175051374,0.522893283317271,
0.561858384094736,0.600794866898193,0.640104336189134,0.679643426826537,
0.719399769190487,0.758854192668097,0.798315464683074,0.837802408134363,
0.877468586444407,0.917682796942331,0.958392889853851,1.),.UNSPECIFIED.);
#211=B_SPLINE_CURVE_WITH_KNOTS('',3,(#12437,#12438,#12439,#12440,#12441,
#12442,#12443,#12444,#12445,#12446,#12447,#12448,#12449,#12450,#12451,#12452,
#12453,#12454,#12455,#12456,#12457,#12458,#12459,#12460,#12461,#12462,#12463),
 .UNSPECIFIED.,.F.,.F.,(4,1,1,1,1,1,1,1,1,1,1,1,1,1,1,1,1,1,1,1,1,1,1,1,
4),(0.,0.0491959188678574,0.0962478839423328,0.141348630554566,0.18465611934875,
0.226058682310064,0.266173083638407,0.305289841396691,0.343245095104708,
0.380877276086866,0.418495793135026,0.4563187508918,0.494236737091876,0.533023528957668,
0.572473194333944,0.613078809089891,0.654934454610793,0.697396779504618,
0.739884068666399,0.782194779819117,0.825061534866703,0.867987465577405,
0.911410543960077,0.955371945522814,1.),.UNSPECIFIED.);
#212=B_SPLINE_CURVE_WITH_KNOTS('',3,(#12504,#12505,#12506,#12507,#12508,
#12509,#12510,#12511,#12512,#12513,#12514,#12515,#12516,#12517,#12518,#12519,
#12520,#12521,#12522),.UNSPECIFIED.,.F.,.F.,(4,1,1,1,1,1,1,1,1,1,1,1,1,
1,1,1,4),(0.,0.0715783870982376,0.140016209075357,0.206197439946981,0.270156103805655,
0.332001040268831,0.392755010928557,0.452579034490639,0.512252798847904,
0.57153225242856,0.63015175287222,0.688769169548558,0.748163900850359,0.808703372199651,
0.870256298480419,0.933900027507001,1.),.UNSPECIFIED.);
#213=SHAPE_REPRESENTATION_RELATIONSHIP('SRR','None',#12706,#217);
#214=SHAPE_REPRESENTATION_RELATIONSHIP('SRR','None',#12707,#218);
#215=SHAPE_REPRESENTATION_RELATIONSHIP('SRR','None',#12708,#219);
#216=SHAPE_REPRESENTATION_RELATIONSHIP('SRR','None',#12709,#220);
#217=ADVANCED_BREP_SHAPE_REPRESENTATION('',(#221),#12682);
#218=ADVANCED_BREP_SHAPE_REPRESENTATION('',(#222),#12683);
#219=ADVANCED_BREP_SHAPE_REPRESENTATION('',(#223),#12684);
#220=ADVANCED_BREP_SHAPE_REPRESENTATION('',(#224),#12685);
#221=MANIFOLD_SOLID_BREP('Body1',#5402);
#222=MANIFOLD_SOLID_BREP('Body1',#5403);
#223=MANIFOLD_SOLID_BREP('Body1',#5404);
#224=MANIFOLD_SOLID_BREP('Body1',#5405);
#225=FACE_BOUND('',#775,.T.);
#226=FACE_BOUND('',#784,.T.);
#227=FACE_BOUND('',#785,.T.);
#228=FACE_BOUND('',#786,.T.);
#229=FACE_BOUND('',#787,.T.);
#230=FACE_BOUND('',#796,.T.);
#231=FACE_BOUND('',#802,.T.);
#232=FACE_BOUND('',#821,.T.);
#233=FACE_BOUND('',#822,.T.);
#234=FACE_BOUND('',#823,.T.);
#235=FACE_BOUND('',#827,.T.);
#236=FACE_BOUND('',#828,.T.);
#237=FACE_BOUND('',#829,.T.);
#238=FACE_BOUND('',#830,.T.);
#239=FACE_BOUND('',#831,.T.);
#240=FACE_BOUND('',#832,.T.);
#241=FACE_BOUND('',#833,.T.);
#242=FACE_BOUND('',#834,.T.);
#243=FACE_BOUND('',#835,.T.);
#244=FACE_BOUND('',#836,.T.);
#245=FACE_BOUND('',#837,.T.);
#246=FACE_BOUND('',#838,.T.);
#247=FACE_BOUND('',#839,.T.);
#248=FACE_BOUND('',#840,.T.);
#249=FACE_BOUND('',#841,.T.);
#250=FACE_BOUND('',#846,.T.);
#251=FACE_BOUND('',#847,.T.);
#252=FACE_BOUND('',#848,.T.);
#253=FACE_BOUND('',#851,.T.);
#254=FACE_BOUND('',#896,.T.);
#255=FACE_BOUND('',#937,.T.);
#256=FACE_BOUND('',#992,.T.);
#257=FACE_BOUND('',#1018,.T.);
#258=FACE_BOUND('',#1054,.T.);
#259=FACE_BOUND('',#1059,.T.);
#260=PLANE('',#5456);
#261=PLANE('',#5457);
#262=PLANE('',#5464);
#263=PLANE('',#5465);
#264=PLANE('',#5472);
#265=PLANE('',#5473);
#266=PLANE('',#5477);
#267=PLANE('',#5478);
#268=PLANE('',#5479);
#269=PLANE('',#5480);
#270=PLANE('',#5481);
#271=PLANE('',#5482);
#272=PLANE('',#5495);
#273=PLANE('',#5496);
#274=PLANE('',#5497);
#275=PLANE('',#5498);
#276=PLANE('',#5499);
#277=PLANE('',#5500);
#278=PLANE('',#5501);
#279=PLANE('',#5502);
#280=PLANE('',#5503);
#281=PLANE('',#5504);
#282=PLANE('',#5505);
#283=PLANE('',#5506);
#284=PLANE('',#5507);
#285=PLANE('',#5508);
#286=PLANE('',#5509);
#287=PLANE('',#5510);
#288=PLANE('',#5511);
#289=PLANE('',#5512);
#290=PLANE('',#5513);
#291=PLANE('',#5514);
#292=PLANE('',#5515);
#293=PLANE('',#5516);
#294=PLANE('',#5517);
#295=PLANE('',#5518);
#296=PLANE('',#5519);
#297=PLANE('',#5520);
#298=PLANE('',#5521);
#299=PLANE('',#5522);
#300=PLANE('',#5523);
#301=PLANE('',#5524);
#302=PLANE('',#5525);
#303=PLANE('',#5526);
#304=PLANE('',#5527);
#305=PLANE('',#5528);
#306=PLANE('',#5529);
#307=PLANE('',#5530);
#308=PLANE('',#5531);
#309=PLANE('',#5532);
#310=PLANE('',#5533);
#311=PLANE('',#5534);
#312=PLANE('',#5535);
#313=PLANE('',#5536);
#314=PLANE('',#5538);
#315=PLANE('',#5539);
#316=PLANE('',#5540);
#317=PLANE('',#5541);
#318=PLANE('',#5542);
#319=PLANE('',#5543);
#320=PLANE('',#5544);
#321=PLANE('',#5545);
#322=PLANE('',#5546);
#323=PLANE('',#5547);
#324=PLANE('',#5548);
#325=PLANE('',#5549);
#326=PLANE('',#5550);
#327=PLANE('',#5551);
#328=PLANE('',#5552);
#329=PLANE('',#5553);
#330=PLANE('',#5554);
#331=PLANE('',#5555);
#332=PLANE('',#5556);
#333=PLANE('',#5557);
#334=PLANE('',#5558);
#335=PLANE('',#5559);
#336=PLANE('',#5560);
#337=PLANE('',#5561);
#338=PLANE('',#5562);
#339=PLANE('',#5563);
#340=PLANE('',#5564);
#341=PLANE('',#5565);
#342=PLANE('',#5566);
#343=PLANE('',#5567);
#344=PLANE('',#5568);
#345=PLANE('',#5569);
#346=PLANE('',#5570);
#347=PLANE('',#5571);
#348=PLANE('',#5572);
#349=PLANE('',#5573);
#350=PLANE('',#5574);
#351=PLANE('',#5575);
#352=PLANE('',#5576);
#353=PLANE('',#5577);
#354=PLANE('',#5578);
#355=PLANE('',#5579);
#356=PLANE('',#5580);
#357=PLANE('',#5581);
#358=PLANE('',#5582);
#359=PLANE('',#5583);
#360=PLANE('',#5584);
#361=PLANE('',#5585);
#362=PLANE('',#5586);
#363=PLANE('',#5587);
#364=PLANE('',#5588);
#365=PLANE('',#5589);
#366=PLANE('',#5590);
#367=PLANE('',#5591);
#368=PLANE('',#5592);
#369=PLANE('',#5593);
#370=PLANE('',#5594);
#371=PLANE('',#5595);
#372=PLANE('',#5596);
#373=PLANE('',#5597);
#374=PLANE('',#5598);
#375=PLANE('',#5599);
#376=PLANE('',#5600);
#377=PLANE('',#5601);
#378=PLANE('',#5602);
#379=PLANE('',#5603);
#380=PLANE('',#5604);
#381=PLANE('',#5605);
#382=PLANE('',#5606);
#383=PLANE('',#5607);
#384=PLANE('',#5608);
#385=PLANE('',#5609);
#386=PLANE('',#5610);
#387=PLANE('',#5611);
#388=PLANE('',#5612);
#389=PLANE('',#5613);
#390=PLANE('',#5614);
#391=PLANE('',#5615);
#392=PLANE('',#5616);
#393=PLANE('',#5617);
#394=PLANE('',#5618);
#395=PLANE('',#5619);
#396=PLANE('',#5620);
#397=PLANE('',#5621);
#398=PLANE('',#5622);
#399=PLANE('',#5623);
#400=PLANE('',#5624);
#401=PLANE('',#5625);
#402=PLANE('',#5626);
#403=PLANE('',#5627);
#404=PLANE('',#5628);
#405=PLANE('',#5629);
#406=PLANE('',#5630);
#407=PLANE('',#5631);
#408=PLANE('',#5632);
#409=PLANE('',#5633);
#410=PLANE('',#5634);
#411=PLANE('',#5635);
#412=PLANE('',#5636);
#413=PLANE('',#5637);
#414=PLANE('',#5638);
#415=PLANE('',#5639);
#416=PLANE('',#5640);
#417=PLANE('',#5641);
#418=PLANE('',#5642);
#419=PLANE('',#5643);
#420=PLANE('',#5644);
#421=PLANE('',#5645);
#422=PLANE('',#5646);
#423=PLANE('',#5647);
#424=PLANE('',#5648);
#425=PLANE('',#5649);
#426=PLANE('',#5650);
#427=PLANE('',#5651);
#428=PLANE('',#5652);
#429=PLANE('',#5653);
#430=PLANE('',#5654);
#431=PLANE('',#5655);
#432=PLANE('',#5656);
#433=PLANE('',#5657);
#434=PLANE('',#5658);
#435=PLANE('',#5659);
#436=PLANE('',#5660);
#437=PLANE('',#5661);
#438=PLANE('',#5662);
#439=PLANE('',#5663);
#440=PLANE('',#5664);
#441=PLANE('',#5665);
#442=PLANE('',#5666);
#443=PLANE('',#5667);
#444=PLANE('',#5668);
#445=PLANE('',#5669);
#446=PLANE('',#5670);
#447=PLANE('',#5671);
#448=PLANE('',#5673);
#449=PLANE('',#5674);
#450=PLANE('',#5677);
#451=PLANE('',#5678);
#452=PLANE('',#5681);
#453=PLANE('',#5688);
#454=PLANE('',#5696);
#455=PLANE('',#5700);
#456=PLANE('',#5708);
#457=PLANE('',#5709);
#458=PLANE('',#5710);
#459=PLANE('',#5711);
#460=PLANE('',#5712);
#461=PLANE('',#5714);
#462=PLANE('',#5716);
#463=PLANE('',#5718);
#464=PLANE('',#5720);
#465=FACE_OUTER_BOUND('',#752,.T.);
#466=FACE_OUTER_BOUND('',#753,.T.);
#467=FACE_OUTER_BOUND('',#754,.T.);
#468=FACE_OUTER_BOUND('',#755,.T.);
#469=FACE_OUTER_BOUND('',#756,.T.);
#470=FACE_OUTER_BOUND('',#757,.T.);
#471=FACE_OUTER_BOUND('',#758,.T.);
#472=FACE_OUTER_BOUND('',#759,.T.);
#473=FACE_OUTER_BOUND('',#760,.T.);
#474=FACE_OUTER_BOUND('',#761,.T.);
#475=FACE_OUTER_BOUND('',#762,.T.);
#476=FACE_OUTER_BOUND('',#763,.T.);
#477=FACE_OUTER_BOUND('',#764,.T.);
#478=FACE_OUTER_BOUND('',#765,.T.);
#479=FACE_OUTER_BOUND('',#766,.T.);
#480=FACE_OUTER_BOUND('',#767,.T.);
#481=FACE_OUTER_BOUND('',#768,.T.);
#482=FACE_OUTER_BOUND('',#769,.T.);
#483=FACE_OUTER_BOUND('',#770,.T.);
#484=FACE_OUTER_BOUND('',#771,.T.);
#485=FACE_OUTER_BOUND('',#772,.T.);
#486=FACE_OUTER_BOUND('',#773,.T.);
#487=FACE_OUTER_BOUND('',#774,.T.);
#488=FACE_OUTER_BOUND('',#776,.T.);
#489=FACE_OUTER_BOUND('',#777,.T.);
#490=FACE_OUTER_BOUND('',#778,.T.);
#491=FACE_OUTER_BOUND('',#779,.T.);
#492=FACE_OUTER_BOUND('',#780,.T.);
#493=FACE_OUTER_BOUND('',#781,.T.);
#494=FACE_OUTER_BOUND('',#782,.T.);
#495=FACE_OUTER_BOUND('',#783,.T.);
#496=FACE_OUTER_BOUND('',#788,.T.);
#497=FACE_OUTER_BOUND('',#789,.T.);
#498=FACE_OUTER_BOUND('',#790,.T.);
#499=FACE_OUTER_BOUND('',#791,.T.);
#500=FACE_OUTER_BOUND('',#792,.T.);
#501=FACE_OUTER_BOUND('',#793,.T.);
#502=FACE_OUTER_BOUND('',#794,.T.);
#503=FACE_OUTER_BOUND('',#795,.T.);
#504=FACE_OUTER_BOUND('',#797,.T.);
#505=FACE_OUTER_BOUND('',#798,.T.);
#506=FACE_OUTER_BOUND('',#799,.T.);
#507=FACE_OUTER_BOUND('',#800,.T.);
#508=FACE_OUTER_BOUND('',#801,.T.);
#509=FACE_OUTER_BOUND('',#803,.T.);
#510=FACE_OUTER_BOUND('',#804,.T.);
#511=FACE_OUTER_BOUND('',#805,.T.);
#512=FACE_OUTER_BOUND('',#806,.T.);
#513=FACE_OUTER_BOUND('',#807,.T.);
#514=FACE_OUTER_BOUND('',#808,.T.);
#515=FACE_OUTER_BOUND('',#809,.T.);
#516=FACE_OUTER_BOUND('',#810,.T.);
#517=FACE_OUTER_BOUND('',#811,.T.);
#518=FACE_OUTER_BOUND('',#812,.T.);
#519=FACE_OUTER_BOUND('',#813,.T.);
#520=FACE_OUTER_BOUND('',#814,.T.);
#521=FACE_OUTER_BOUND('',#815,.T.);
#522=FACE_OUTER_BOUND('',#816,.T.);
#523=FACE_OUTER_BOUND('',#817,.T.);
#524=FACE_OUTER_BOUND('',#818,.T.);
#525=FACE_OUTER_BOUND('',#819,.T.);
#526=FACE_OUTER_BOUND('',#820,.T.);
#527=FACE_OUTER_BOUND('',#824,.T.);
#528=FACE_OUTER_BOUND('',#825,.T.);
#529=FACE_OUTER_BOUND('',#826,.T.);
#530=FACE_OUTER_BOUND('',#842,.T.);
#531=FACE_OUTER_BOUND('',#843,.T.);
#532=FACE_OUTER_BOUND('',#844,.T.);
#533=FACE_OUTER_BOUND('',#845,.T.);
#534=FACE_OUTER_BOUND('',#849,.T.);
#535=FACE_OUTER_BOUND('',#850,.T.);
#536=FACE_OUTER_BOUND('',#852,.T.);
#537=FACE_OUTER_BOUND('',#853,.T.);
#538=FACE_OUTER_BOUND('',#854,.T.);
#539=FACE_OUTER_BOUND('',#855,.T.);
#540=FACE_OUTER_BOUND('',#856,.T.);
#541=FACE_OUTER_BOUND('',#857,.T.);
#542=FACE_OUTER_BOUND('',#858,.T.);
#543=FACE_OUTER_BOUND('',#859,.T.);
#544=FACE_OUTER_BOUND('',#860,.T.);
#545=FACE_OUTER_BOUND('',#861,.T.);
#546=FACE_OUTER_BOUND('',#862,.T.);
#547=FACE_OUTER_BOUND('',#863,.T.);
#548=FACE_OUTER_BOUND('',#864,.T.);
#549=FACE_OUTER_BOUND('',#865,.T.);
#550=FACE_OUTER_BOUND('',#866,.T.);
#551=FACE_OUTER_BOUND('',#867,.T.);
#552=FACE_OUTER_BOUND('',#868,.T.);
#553=FACE_OUTER_BOUND('',#869,.T.);
#554=FACE_OUTER_BOUND('',#870,.T.);
#555=FACE_OUTER_BOUND('',#871,.T.);
#556=FACE_OUTER_BOUND('',#872,.T.);
#557=FACE_OUTER_BOUND('',#873,.T.);
#558=FACE_OUTER_BOUND('',#874,.T.);
#559=FACE_OUTER_BOUND('',#875,.T.);
#560=FACE_OUTER_BOUND('',#876,.T.);
#561=FACE_OUTER_BOUND('',#877,.T.);
#562=FACE_OUTER_BOUND('',#878,.T.);
#563=FACE_OUTER_BOUND('',#879,.T.);
#564=FACE_OUTER_BOUND('',#880,.T.);
#565=FACE_OUTER_BOUND('',#881,.T.);
#566=FACE_OUTER_BOUND('',#882,.T.);
#567=FACE_OUTER_BOUND('',#883,.T.);
#568=FACE_OUTER_BOUND('',#884,.T.);
#569=FACE_OUTER_BOUND('',#885,.T.);
#570=FACE_OUTER_BOUND('',#886,.T.);
#571=FACE_OUTER_BOUND('',#887,.T.);
#572=FACE_OUTER_BOUND('',#888,.T.);
#573=FACE_OUTER_BOUND('',#889,.T.);
#574=FACE_OUTER_BOUND('',#890,.T.);
#575=FACE_OUTER_BOUND('',#891,.T.);
#576=FACE_OUTER_BOUND('',#892,.T.);
#577=FACE_OUTER_BOUND('',#893,.T.);
#578=FACE_OUTER_BOUND('',#894,.T.);
#579=FACE_OUTER_BOUND('',#895,.T.);
#580=FACE_OUTER_BOUND('',#897,.T.);
#581=FACE_OUTER_BOUND('',#898,.T.);
#582=FACE_OUTER_BOUND('',#899,.T.);
#583=FACE_OUTER_BOUND('',#900,.T.);
#584=FACE_OUTER_BOUND('',#901,.T.);
#585=FACE_OUTER_BOUND('',#902,.T.);
#586=FACE_OUTER_BOUND('',#903,.T.);
#587=FACE_OUTER_BOUND('',#904,.T.);
#588=FACE_OUTER_BOUND('',#905,.T.);
#589=FACE_OUTER_BOUND('',#906,.T.);
#590=FACE_OUTER_BOUND('',#907,.T.);
#591=FACE_OUTER_BOUND('',#908,.T.);
#592=FACE_OUTER_BOUND('',#909,.T.);
#593=FACE_OUTER_BOUND('',#910,.T.);
#594=FACE_OUTER_BOUND('',#911,.T.);
#595=FACE_OUTER_BOUND('',#912,.T.);
#596=FACE_OUTER_BOUND('',#913,.T.);
#597=FACE_OUTER_BOUND('',#914,.T.);
#598=FACE_OUTER_BOUND('',#915,.T.);
#599=FACE_OUTER_BOUND('',#916,.T.);
#600=FACE_OUTER_BOUND('',#917,.T.);
#601=FACE_OUTER_BOUND('',#918,.T.);
#602=FACE_OUTER_BOUND('',#919,.T.);
#603=FACE_OUTER_BOUND('',#920,.T.);
#604=FACE_OUTER_BOUND('',#921,.T.);
#605=FACE_OUTER_BOUND('',#922,.T.);
#606=FACE_OUTER_BOUND('',#923,.T.);
#607=FACE_OUTER_BOUND('',#924,.T.);
#608=FACE_OUTER_BOUND('',#925,.T.);
#609=FACE_OUTER_BOUND('',#926,.T.);
#610=FACE_OUTER_BOUND('',#927,.T.);
#611=FACE_OUTER_BOUND('',#928,.T.);
#612=FACE_OUTER_BOUND('',#929,.T.);
#613=FACE_OUTER_BOUND('',#930,.T.);
#614=FACE_OUTER_BOUND('',#931,.T.);
#615=FACE_OUTER_BOUND('',#932,.T.);
#616=FACE_OUTER_BOUND('',#933,.T.);
#617=FACE_OUTER_BOUND('',#934,.T.);
#618=FACE_OUTER_BOUND('',#935,.T.);
#619=FACE_OUTER_BOUND('',#936,.T.);
#620=FACE_OUTER_BOUND('',#938,.T.);
#621=FACE_OUTER_BOUND('',#939,.T.);
#622=FACE_OUTER_BOUND('',#940,.T.);
#623=FACE_OUTER_BOUND('',#941,.T.);
#624=FACE_OUTER_BOUND('',#942,.T.);
#625=FACE_OUTER_BOUND('',#943,.T.);
#626=FACE_OUTER_BOUND('',#944,.T.);
#627=FACE_OUTER_BOUND('',#945,.T.);
#628=FACE_OUTER_BOUND('',#946,.T.);
#629=FACE_OUTER_BOUND('',#947,.T.);
#630=FACE_OUTER_BOUND('',#948,.T.);
#631=FACE_OUTER_BOUND('',#949,.T.);
#632=FACE_OUTER_BOUND('',#950,.T.);
#633=FACE_OUTER_BOUND('',#951,.T.);
#634=FACE_OUTER_BOUND('',#952,.T.);
#635=FACE_OUTER_BOUND('',#953,.T.);
#636=FACE_OUTER_BOUND('',#954,.T.);
#637=FACE_OUTER_BOUND('',#955,.T.);
#638=FACE_OUTER_BOUND('',#956,.T.);
#639=FACE_OUTER_BOUND('',#957,.T.);
#640=FACE_OUTER_BOUND('',#958,.T.);
#641=FACE_OUTER_BOUND('',#959,.T.);
#642=FACE_OUTER_BOUND('',#960,.T.);
#643=FACE_OUTER_BOUND('',#961,.T.);
#644=FACE_OUTER_BOUND('',#962,.T.);
#645=FACE_OUTER_BOUND('',#963,.T.);
#646=FACE_OUTER_BOUND('',#964,.T.);
#647=FACE_OUTER_BOUND('',#965,.T.);
#648=FACE_OUTER_BOUND('',#966,.T.);
#649=FACE_OUTER_BOUND('',#967,.T.);
#650=FACE_OUTER_BOUND('',#968,.T.);
#651=FACE_OUTER_BOUND('',#969,.T.);
#652=FACE_OUTER_BOUND('',#970,.T.);
#653=FACE_OUTER_BOUND('',#971,.T.);
#654=FACE_OUTER_BOUND('',#972,.T.);
#655=FACE_OUTER_BOUND('',#973,.T.);
#656=FACE_OUTER_BOUND('',#974,.T.);
#657=FACE_OUTER_BOUND('',#975,.T.);
#658=FACE_OUTER_BOUND('',#976,.T.);
#659=FACE_OUTER_BOUND('',#977,.T.);
#660=FACE_OUTER_BOUND('',#978,.T.);
#661=FACE_OUTER_BOUND('',#979,.T.);
#662=FACE_OUTER_BOUND('',#980,.T.);
#663=FACE_OUTER_BOUND('',#981,.T.);
#664=FACE_OUTER_BOUND('',#982,.T.);
#665=FACE_OUTER_BOUND('',#983,.T.);
#666=FACE_OUTER_BOUND('',#984,.T.);
#667=FACE_OUTER_BOUND('',#985,.T.);
#668=FACE_OUTER_BOUND('',#986,.T.);
#669=FACE_OUTER_BOUND('',#987,.T.);
#670=FACE_OUTER_BOUND('',#988,.T.);
#671=FACE_OUTER_BOUND('',#989,.T.);
#672=FACE_OUTER_BOUND('',#990,.T.);
#673=FACE_OUTER_BOUND('',#991,.T.);
#674=FACE_OUTER_BOUND('',#993,.T.);
#675=FACE_OUTER_BOUND('',#994,.T.);
#676=FACE_OUTER_BOUND('',#995,.T.);
#677=FACE_OUTER_BOUND('',#996,.T.);
#678=FACE_OUTER_BOUND('',#997,.T.);
#679=FACE_OUTER_BOUND('',#998,.T.);
#680=FACE_OUTER_BOUND('',#999,.T.);
#681=FACE_OUTER_BOUND('',#1000,.T.);
#682=FACE_OUTER_BOUND('',#1001,.T.);
#683=FACE_OUTER_BOUND('',#1002,.T.);
#684=FACE_OUTER_BOUND('',#1003,.T.);
#685=FACE_OUTER_BOUND('',#1004,.T.);
#686=FACE_OUTER_BOUND('',#1005,.T.);
#687=FACE_OUTER_BOUND('',#1006,.T.);
#688=FACE_OUTER_BOUND('',#1007,.T.);
#689=FACE_OUTER_BOUND('',#1008,.T.);
#690=FACE_OUTER_BOUND('',#1009,.T.);
#691=FACE_OUTER_BOUND('',#1010,.T.);
#692=FACE_OUTER_BOUND('',#1011,.T.);
#693=FACE_OUTER_BOUND('',#1012,.T.);
#694=FACE_OUTER_BOUND('',#1013,.T.);
#695=FACE_OUTER_BOUND('',#1014,.T.);
#696=FACE_OUTER_BOUND('',#1015,.T.);
#697=FACE_OUTER_BOUND('',#1016,.T.);
#698=FACE_OUTER_BOUND('',#1017,.T.);
#699=FACE_OUTER_BOUND('',#1019,.T.);
#700=FACE_OUTER_BOUND('',#1020,.T.);
#701=FACE_OUTER_BOUND('',#1021,.T.);
#702=FACE_OUTER_BOUND('',#1022,.T.);
#703=FACE_OUTER_BOUND('',#1023,.T.);
#704=FACE_OUTER_BOUND('',#1024,.T.);
#705=FACE_OUTER_BOUND('',#1025,.T.);
#706=FACE_OUTER_BOUND('',#1026,.T.);
#707=FACE_OUTER_BOUND('',#1027,.T.);
#708=FACE_OUTER_BOUND('',#1028,.T.);
#709=FACE_OUTER_BOUND('',#1029,.T.);
#710=FACE_OUTER_BOUND('',#1030,.T.);
#711=FACE_OUTER_BOUND('',#1031,.T.);
#712=FACE_OUTER_BOUND('',#1032,.T.);
#713=FACE_OUTER_BOUND('',#1033,.T.);
#714=FACE_OUTER_BOUND('',#1034,.T.);
#715=FACE_OUTER_BOUND('',#1035,.T.);
#716=FACE_OUTER_BOUND('',#1036,.T.);
#717=FACE_OUTER_BOUND('',#1037,.T.);
#718=FACE_OUTER_BOUND('',#1038,.T.);
#719=FACE_OUTER_BOUND('',#1039,.T.);
#720=FACE_OUTER_BOUND('',#1040,.T.);
#721=FACE_OUTER_BOUND('',#1041,.T.);
#722=FACE_OUTER_BOUND('',#1042,.T.);
#723=FACE_OUTER_BOUND('',#1043,.T.);
#724=FACE_OUTER_BOUND('',#1044,.T.);
#725=FACE_OUTER_BOUND('',#1045,.T.);
#726=FACE_OUTER_BOUND('',#1046,.T.);
#727=FACE_OUTER_BOUND('',#1047,.T.);
#728=FACE_OUTER_BOUND('',#1048,.T.);
#729=FACE_OUTER_BOUND('',#1049,.T.);
#730=FACE_OUTER_BOUND('',#1050,.T.);
#731=FACE_OUTER_BOUND('',#1051,.T.);
#732=FACE_OUTER_BOUND('',#1052,.T.);
#733=FACE_OUTER_BOUND('',#1053,.T.);
#734=FACE_OUTER_BOUND('',#1055,.T.);
#735=FACE_OUTER_BOUND('',#1056,.T.);
#736=FACE_OUTER_BOUND('',#1057,.T.);
#737=FACE_OUTER_BOUND('',#1058,.T.);
#738=FACE_OUTER_BOUND('',#1060,.T.);
#739=FACE_OUTER_BOUND('',#1061,.T.);
#740=FACE_OUTER_BOUND('',#1062,.T.);
#741=FACE_OUTER_BOUND('',#1063,.T.);
#742=FACE_OUTER_BOUND('',#1064,.T.);
#743=FACE_OUTER_BOUND('',#1065,.T.);
#744=FACE_OUTER_BOUND('',#1066,.T.);
#745=FACE_OUTER_BOUND('',#1067,.T.);
#746=FACE_OUTER_BOUND('',#1068,.T.);
#747=FACE_OUTER_BOUND('',#1069,.T.);
#748=FACE_OUTER_BOUND('',#1070,.T.);
#749=FACE_OUTER_BOUND('',#1071,.T.);
#750=FACE_OUTER_BOUND('',#1072,.T.);
#751=FACE_OUTER_BOUND('',#1073,.T.);
#752=EDGE_LOOP('',(#3558,#3559,#3560,#3561));
#753=EDGE_LOOP('',(#3562,#3563,#3564,#3565));
#754=EDGE_LOOP('',(#3566,#3567,#3568,#3569,#3570,#3571,#3572));
#755=EDGE_LOOP('',(#3573,#3574,#3575,#3576));
#756=EDGE_LOOP('',(#3577,#3578,#3579,#3580));
#757=EDGE_LOOP('',(#3581,#3582,#3583,#3584));
#758=EDGE_LOOP('',(#3585,#3586,#3587,#3588,#3589,#3590));
#759=EDGE_LOOP('',(#3591,#3592,#3593,#3594));
#760=EDGE_LOOP('',(#3595,#3596,#3597,#3598));
#761=EDGE_LOOP('',(#3599,#3600,#3601,#3602));
#762=EDGE_LOOP('',(#3603,#3604,#3605,#3606,#3607,#3608,#3609));
#763=EDGE_LOOP('',(#3610,#3611,#3612,#3613));
#764=EDGE_LOOP('',(#3614,#3615,#3616,#3617));
#765=EDGE_LOOP('',(#3618,#3619,#3620,#3621));
#766=EDGE_LOOP('',(#3622,#3623,#3624,#3625));
#767=EDGE_LOOP('',(#3626,#3627,#3628,#3629));
#768=EDGE_LOOP('',(#3630,#3631,#3632,#3633));
#769=EDGE_LOOP('',(#3634,#3635,#3636,#3637));
#770=EDGE_LOOP('',(#3638,#3639,#3640,#3641));
#771=EDGE_LOOP('',(#3642,#3643,#3644,#3645));
#772=EDGE_LOOP('',(#3646,#3647,#3648,#3649));
#773=EDGE_LOOP('',(#3650,#3651,#3652,#3653));
#774=EDGE_LOOP('',(#3654,#3655,#3656,#3657));
#775=EDGE_LOOP('',(#3658,#3659,#3660,#3661));
#776=EDGE_LOOP('',(#3662,#3663,#3664,#3665,#3666,#3667,#3668,#3669));
#777=EDGE_LOOP('',(#3670,#3671,#3672,#3673,#3674,#3675,#3676,#3677));
#778=EDGE_LOOP('',(#3678,#3679,#3680,#3681,#3682,#3683,#3684,#3685));
#779=EDGE_LOOP('',(#3686,#3687,#3688,#3689,#3690,#3691,#3692,#3693));
#780=EDGE_LOOP('',(#3694,#3695,#3696,#3697,#3698,#3699,#3700,#3701,#3702,
#3703,#3704,#3705));
#781=EDGE_LOOP('',(#3706,#3707,#3708,#3709));
#782=EDGE_LOOP('',(#3710,#3711,#3712,#3713));
#783=EDGE_LOOP('',(#3714,#3715,#3716,#3717,#3718,#3719,#3720,#3721,#3722,
#3723,#3724,#3725,#3726,#3727,#3728,#3729));
#784=EDGE_LOOP('',(#3730));
#785=EDGE_LOOP('',(#3731));
#786=EDGE_LOOP('',(#3732));
#787=EDGE_LOOP('',(#3733));
#788=EDGE_LOOP('',(#3734,#3735,#3736,#3737));
#789=EDGE_LOOP('',(#3738,#3739,#3740,#3741));
#790=EDGE_LOOP('',(#3742,#3743,#3744,#3745));
#791=EDGE_LOOP('',(#3746,#3747,#3748,#3749));
#792=EDGE_LOOP('',(#3750,#3751,#3752,#3753));
#793=EDGE_LOOP('',(#3754,#3755,#3756,#3757));
#794=EDGE_LOOP('',(#3758,#3759,#3760,#3761));
#795=EDGE_LOOP('',(#3762,#3763,#3764,#3765));
#796=EDGE_LOOP('',(#3766,#3767,#3768,#3769));
#797=EDGE_LOOP('',(#3770,#3771,#3772,#3773));
#798=EDGE_LOOP('',(#3774,#3775,#3776,#3777));
#799=EDGE_LOOP('',(#3778,#3779,#3780,#3781));
#800=EDGE_LOOP('',(#3782,#3783,#3784,#3785));
#801=EDGE_LOOP('',(#3786,#3787,#3788,#3789));
#802=EDGE_LOOP('',(#3790,#3791,#3792,#3793));
#803=EDGE_LOOP('',(#3794,#3795,#3796,#3797));
#804=EDGE_LOOP('',(#3798,#3799,#3800,#3801));
#805=EDGE_LOOP('',(#3802,#3803,#3804,#3805));
#806=EDGE_LOOP('',(#3806,#3807,#3808,#3809));
#807=EDGE_LOOP('',(#3810,#3811,#3812,#3813));
#808=EDGE_LOOP('',(#3814,#3815,#3816,#3817));
#809=EDGE_LOOP('',(#3818,#3819,#3820,#3821));
#810=EDGE_LOOP('',(#3822,#3823,#3824,#3825));
#811=EDGE_LOOP('',(#3826,#3827,#3828,#3829));
#812=EDGE_LOOP('',(#3830,#3831,#3832,#3833,#3834,#3835,#3836));
#813=EDGE_LOOP('',(#3837,#3838,#3839,#3840,#3841,#3842,#3843));
#814=EDGE_LOOP('',(#3844,#3845,#3846,#3847,#3848,#3849));
#815=EDGE_LOOP('',(#3850,#3851,#3852,#3853));
#816=EDGE_LOOP('',(#3854,#3855,#3856,#3857));
#817=EDGE_LOOP('',(#3858,#3859,#3860,#3861));
#818=EDGE_LOOP('',(#3862,#3863,#3864,#3865));
#819=EDGE_LOOP('',(#3866,#3867,#3868,#3869));
#820=EDGE_LOOP('',(#3870,#3871,#3872,#3873,#3874,#3875,#3876,#3877,#3878,
#3879,#3880,#3881,#3882,#3883,#3884,#3885));
#821=EDGE_LOOP('',(#3886,#3887,#3888,#3889));
#822=EDGE_LOOP('',(#3890));
#823=EDGE_LOOP('',(#3891));
#824=EDGE_LOOP('',(#3892));
#825=EDGE_LOOP('',(#3893));
#826=EDGE_LOOP('',(#3894,#3895,#3896,#3897,#3898,#3899,#3900,#3901));
#827=EDGE_LOOP('',(#3902,#3903,#3904,#3905));
#828=EDGE_LOOP('',(#3906,#3907,#3908,#3909));
#829=EDGE_LOOP('',(#3910,#3911,#3912,#3913,#3914,#3915,#3916,#3917,#3918,
#3919));
#830=EDGE_LOOP('',(#3920,#3921,#3922,#3923,#3924,#3925,#3926,#3927,#3928,
#3929));
#831=EDGE_LOOP('',(#3930,#3931,#3932,#3933,#3934,#3935,#3936));
#832=EDGE_LOOP('',(#3937,#3938,#3939,#3940,#3941,#3942,#3943,#3944));
#833=EDGE_LOOP('',(#3945,#3946,#3947,#3948,#3949,#3950,#3951,#3952,#3953));
#834=EDGE_LOOP('',(#3954,#3955,#3956,#3957,#3958,#3959,#3960,#3961,#3962,
#3963));
#835=EDGE_LOOP('',(#3964,#3965,#3966,#3967,#3968,#3969,#3970,#3971));
#836=EDGE_LOOP('',(#3972,#3973,#3974,#3975,#3976,#3977,#3978,#3979,#3980,
#3981,#3982,#3983,#3984,#3985,#3986,#3987));
#837=EDGE_LOOP('',(#3988,#3989,#3990,#3991,#3992,#3993,#3994,#3995,#3996,
#3997,#3998,#3999,#4000));
#838=EDGE_LOOP('',(#4001,#4002,#4003,#4004,#4005,#4006,#4007));
#839=EDGE_LOOP('',(#4008,#4009,#4010,#4011,#4012,#4013,#4014,#4015));
#840=EDGE_LOOP('',(#4016,#4017,#4018,#4019,#4020,#4021,#4022,#4023,#4024,
#4025));
#841=EDGE_LOOP('',(#4026,#4027,#4028,#4029,#4030,#4031,#4032,#4033,#4034,
#4035));
#842=EDGE_LOOP('',(#4036,#4037,#4038,#4039));
#843=EDGE_LOOP('',(#4040,#4041,#4042,#4043));
#844=EDGE_LOOP('',(#4044,#4045,#4046,#4047));
#845=EDGE_LOOP('',(#4048,#4049,#4050,#4051));
#846=EDGE_LOOP('',(#4052,#4053,#4054,#4055));
#847=EDGE_LOOP('',(#4056,#4057,#4058,#4059));
#848=EDGE_LOOP('',(#4060,#4061,#4062,#4063));
#849=EDGE_LOOP('',(#4064,#4065,#4066,#4067));
#850=EDGE_LOOP('',(#4068,#4069,#4070,#4071,#4072,#4073,#4074,#4075));
#851=EDGE_LOOP('',(#4076,#4077,#4078,#4079));
#852=EDGE_LOOP('',(#4080,#4081,#4082,#4083));
#853=EDGE_LOOP('',(#4084,#4085,#4086,#4087));
#854=EDGE_LOOP('',(#4088,#4089,#4090,#4091));
#855=EDGE_LOOP('',(#4092,#4093,#4094,#4095));
#856=EDGE_LOOP('',(#4096,#4097,#4098,#4099));
#857=EDGE_LOOP('',(#4100,#4101,#4102,#4103));
#858=EDGE_LOOP('',(#4104,#4105,#4106,#4107));
#859=EDGE_LOOP('',(#4108,#4109,#4110,#4111));
#860=EDGE_LOOP('',(#4112,#4113,#4114,#4115));
#861=EDGE_LOOP('',(#4116,#4117,#4118,#4119));
#862=EDGE_LOOP('',(#4120,#4121,#4122,#4123));
#863=EDGE_LOOP('',(#4124,#4125,#4126,#4127));
#864=EDGE_LOOP('',(#4128,#4129,#4130,#4131));
#865=EDGE_LOOP('',(#4132,#4133,#4134,#4135));
#866=EDGE_LOOP('',(#4136,#4137,#4138,#4139));
#867=EDGE_LOOP('',(#4140,#4141,#4142,#4143));
#868=EDGE_LOOP('',(#4144,#4145,#4146,#4147));
#869=EDGE_LOOP('',(#4148,#4149,#4150,#4151));
#870=EDGE_LOOP('',(#4152,#4153,#4154,#4155));
#871=EDGE_LOOP('',(#4156,#4157,#4158,#4159));
#872=EDGE_LOOP('',(#4160,#4161,#4162,#4163));
#873=EDGE_LOOP('',(#4164,#4165,#4166,#4167));
#874=EDGE_LOOP('',(#4168,#4169,#4170,#4171));
#875=EDGE_LOOP('',(#4172,#4173,#4174,#4175));
#876=EDGE_LOOP('',(#4176,#4177,#4178,#4179));
#877=EDGE_LOOP('',(#4180,#4181,#4182,#4183));
#878=EDGE_LOOP('',(#4184,#4185,#4186,#4187));
#879=EDGE_LOOP('',(#4188,#4189,#4190,#4191));
#880=EDGE_LOOP('',(#4192,#4193,#4194,#4195));
#881=EDGE_LOOP('',(#4196,#4197,#4198,#4199));
#882=EDGE_LOOP('',(#4200,#4201,#4202,#4203));
#883=EDGE_LOOP('',(#4204,#4205,#4206,#4207,#4208,#4209,#4210,#4211,#4212,
#4213));
#884=EDGE_LOOP('',(#4214,#4215,#4216,#4217));
#885=EDGE_LOOP('',(#4218,#4219,#4220,#4221));
#886=EDGE_LOOP('',(#4222,#4223,#4224,#4225));
#887=EDGE_LOOP('',(#4226,#4227,#4228,#4229));
#888=EDGE_LOOP('',(#4230,#4231,#4232,#4233));
#889=EDGE_LOOP('',(#4234,#4235,#4236,#4237));
#890=EDGE_LOOP('',(#4238,#4239,#4240,#4241));
#891=EDGE_LOOP('',(#4242,#4243,#4244,#4245));
#892=EDGE_LOOP('',(#4246,#4247,#4248,#4249));
#893=EDGE_LOOP('',(#4250,#4251,#4252,#4253));
#894=EDGE_LOOP('',(#4254,#4255,#4256,#4257,#4258,#4259,#4260,#4261,#4262,
#4263));
#895=EDGE_LOOP('',(#4264,#4265,#4266,#4267));
#896=EDGE_LOOP('',(#4268,#4269,#4270,#4271));
#897=EDGE_LOOP('',(#4272,#4273,#4274,#4275));
#898=EDGE_LOOP('',(#4276,#4277,#4278,#4279));
#899=EDGE_LOOP('',(#4280,#4281,#4282,#4283));
#900=EDGE_LOOP('',(#4284,#4285,#4286,#4287));
#901=EDGE_LOOP('',(#4288,#4289,#4290,#4291));
#902=EDGE_LOOP('',(#4292,#4293,#4294,#4295));
#903=EDGE_LOOP('',(#4296,#4297,#4298,#4299));
#904=EDGE_LOOP('',(#4300,#4301,#4302,#4303));
#905=EDGE_LOOP('',(#4304,#4305,#4306,#4307));
#906=EDGE_LOOP('',(#4308,#4309,#4310,#4311));
#907=EDGE_LOOP('',(#4312,#4313,#4314,#4315));
#908=EDGE_LOOP('',(#4316,#4317,#4318,#4319));
#909=EDGE_LOOP('',(#4320,#4321,#4322,#4323));
#910=EDGE_LOOP('',(#4324,#4325,#4326,#4327));
#911=EDGE_LOOP('',(#4328,#4329,#4330,#4331));
#912=EDGE_LOOP('',(#4332,#4333,#4334,#4335));
#913=EDGE_LOOP('',(#4336,#4337,#4338,#4339));
#914=EDGE_LOOP('',(#4340,#4341,#4342,#4343));
#915=EDGE_LOOP('',(#4344,#4345,#4346,#4347));
#916=EDGE_LOOP('',(#4348,#4349,#4350,#4351,#4352,#4353,#4354,#4355,#4356,
#4357));
#917=EDGE_LOOP('',(#4358,#4359,#4360,#4361));
#918=EDGE_LOOP('',(#4362,#4363,#4364,#4365));
#919=EDGE_LOOP('',(#4366,#4367,#4368,#4369));
#920=EDGE_LOOP('',(#4370,#4371,#4372,#4373));
#921=EDGE_LOOP('',(#4374,#4375,#4376,#4377));
#922=EDGE_LOOP('',(#4378,#4379,#4380,#4381));
#923=EDGE_LOOP('',(#4382,#4383,#4384,#4385));
#924=EDGE_LOOP('',(#4386,#4387,#4388,#4389));
#925=EDGE_LOOP('',(#4390,#4391,#4392,#4393));
#926=EDGE_LOOP('',(#4394,#4395,#4396,#4397));
#927=EDGE_LOOP('',(#4398,#4399,#4400,#4401,#4402,#4403,#4404,#4405,#4406,
#4407));
#928=EDGE_LOOP('',(#4408,#4409,#4410,#4411));
#929=EDGE_LOOP('',(#4412,#4413,#4414,#4415));
#930=EDGE_LOOP('',(#4416,#4417,#4418,#4419));
#931=EDGE_LOOP('',(#4420,#4421,#4422,#4423));
#932=EDGE_LOOP('',(#4424,#4425,#4426,#4427));
#933=EDGE_LOOP('',(#4428,#4429,#4430,#4431));
#934=EDGE_LOOP('',(#4432,#4433,#4434,#4435));
#935=EDGE_LOOP('',(#4436,#4437,#4438,#4439,#4440,#4441,#4442));
#936=EDGE_LOOP('',(#4443,#4444,#4445,#4446,#4447,#4448,#4449,#4450));
#937=EDGE_LOOP('',(#4451,#4452,#4453,#4454,#4455));
#938=EDGE_LOOP('',(#4456,#4457,#4458,#4459));
#939=EDGE_LOOP('',(#4460,#4461,#4462,#4463));
#940=EDGE_LOOP('',(#4464,#4465,#4466,#4467));
#941=EDGE_LOOP('',(#4468,#4469,#4470,#4471));
#942=EDGE_LOOP('',(#4472,#4473,#4474,#4475));
#943=EDGE_LOOP('',(#4476,#4477,#4478,#4479));
#944=EDGE_LOOP('',(#4480,#4481,#4482,#4483));
#945=EDGE_LOOP('',(#4484,#4485,#4486,#4487));
#946=EDGE_LOOP('',(#4488,#4489,#4490,#4491));
#947=EDGE_LOOP('',(#4492,#4493,#4494,#4495));
#948=EDGE_LOOP('',(#4496,#4497,#4498,#4499));
#949=EDGE_LOOP('',(#4500,#4501,#4502,#4503));
#950=EDGE_LOOP('',(#4504,#4505,#4506,#4507));
#951=EDGE_LOOP('',(#4508,#4509,#4510,#4511,#4512));
#952=EDGE_LOOP('',(#4513,#4514,#4515,#4516));
#953=EDGE_LOOP('',(#4517,#4518,#4519,#4520));
#954=EDGE_LOOP('',(#4521,#4522,#4523,#4524));
#955=EDGE_LOOP('',(#4525,#4526,#4527,#4528));
#956=EDGE_LOOP('',(#4529,#4530,#4531,#4532));
#957=EDGE_LOOP('',(#4533,#4534,#4535,#4536));
#958=EDGE_LOOP('',(#4537,#4538,#4539,#4540));
#959=EDGE_LOOP('',(#4541,#4542,#4543,#4544,#4545,#4546,#4547));
#960=EDGE_LOOP('',(#4548,#4549,#4550,#4551));
#961=EDGE_LOOP('',(#4552,#4553,#4554,#4555));
#962=EDGE_LOOP('',(#4556,#4557,#4558,#4559));
#963=EDGE_LOOP('',(#4560,#4561,#4562,#4563));
#964=EDGE_LOOP('',(#4564,#4565,#4566,#4567));
#965=EDGE_LOOP('',(#4568,#4569,#4570,#4571));
#966=EDGE_LOOP('',(#4572,#4573,#4574,#4575));
#967=EDGE_LOOP('',(#4576,#4577,#4578,#4579));
#968=EDGE_LOOP('',(#4580,#4581,#4582,#4583));
#969=EDGE_LOOP('',(#4584,#4585,#4586,#4587));
#970=EDGE_LOOP('',(#4588,#4589,#4590,#4591));
#971=EDGE_LOOP('',(#4592,#4593,#4594,#4595));
#972=EDGE_LOOP('',(#4596,#4597,#4598,#4599));
#973=EDGE_LOOP('',(#4600,#4601,#4602,#4603,#4604,#4605,#4606,#4607,#4608,
#4609,#4610,#4611,#4612));
#974=EDGE_LOOP('',(#4613,#4614,#4615,#4616));
#975=EDGE_LOOP('',(#4617,#4618,#4619,#4620));
#976=EDGE_LOOP('',(#4621,#4622,#4623,#4624));
#977=EDGE_LOOP('',(#4625,#4626,#4627,#4628));
#978=EDGE_LOOP('',(#4629,#4630,#4631,#4632));
#979=EDGE_LOOP('',(#4633,#4634,#4635,#4636));
#980=EDGE_LOOP('',(#4637,#4638,#4639,#4640));
#981=EDGE_LOOP('',(#4641,#4642,#4643,#4644));
#982=EDGE_LOOP('',(#4645,#4646,#4647,#4648));
#983=EDGE_LOOP('',(#4649,#4650,#4651,#4652));
#984=EDGE_LOOP('',(#4653,#4654,#4655,#4656));
#985=EDGE_LOOP('',(#4657,#4658,#4659,#4660));
#986=EDGE_LOOP('',(#4661,#4662,#4663,#4664));
#987=EDGE_LOOP('',(#4665,#4666,#4667,#4668));
#988=EDGE_LOOP('',(#4669,#4670,#4671,#4672));
#989=EDGE_LOOP('',(#4673,#4674,#4675,#4676));
#990=EDGE_LOOP('',(#4677,#4678,#4679,#4680,#4681,#4682,#4683,#4684,#4685,
#4686,#4687,#4688,#4689,#4690,#4691,#4692));
#991=EDGE_LOOP('',(#4693,#4694,#4695,#4696,#4697,#4698,#4699,#4700));
#992=EDGE_LOOP('',(#4701,#4702,#4703,#4704,#4705));
#993=EDGE_LOOP('',(#4706,#4707,#4708,#4709));
#994=EDGE_LOOP('',(#4710,#4711,#4712,#4713));
#995=EDGE_LOOP('',(#4714,#4715,#4716,#4717));
#996=EDGE_LOOP('',(#4718,#4719,#4720,#4721));
#997=EDGE_LOOP('',(#4722,#4723,#4724,#4725));
#998=EDGE_LOOP('',(#4726,#4727,#4728,#4729));
#999=EDGE_LOOP('',(#4730,#4731,#4732,#4733));
#1000=EDGE_LOOP('',(#4734,#4735,#4736,#4737));
#1001=EDGE_LOOP('',(#4738,#4739,#4740,#4741));
#1002=EDGE_LOOP('',(#4742,#4743,#4744,#4745));
#1003=EDGE_LOOP('',(#4746,#4747,#4748,#4749));
#1004=EDGE_LOOP('',(#4750,#4751,#4752,#4753));
#1005=EDGE_LOOP('',(#4754,#4755,#4756,#4757));
#1006=EDGE_LOOP('',(#4758,#4759,#4760,#4761,#4762));
#1007=EDGE_LOOP('',(#4763,#4764,#4765,#4766));
#1008=EDGE_LOOP('',(#4767,#4768,#4769,#4770));
#1009=EDGE_LOOP('',(#4771,#4772,#4773,#4774));
#1010=EDGE_LOOP('',(#4775,#4776,#4777,#4778));
#1011=EDGE_LOOP('',(#4779,#4780,#4781,#4782));
#1012=EDGE_LOOP('',(#4783,#4784,#4785,#4786));
#1013=EDGE_LOOP('',(#4787,#4788,#4789,#4790));
#1014=EDGE_LOOP('',(#4791,#4792,#4793,#4794));
#1015=EDGE_LOOP('',(#4795,#4796,#4797,#4798));
#1016=EDGE_LOOP('',(#4799,#4800,#4801,#4802,#4803,#4804,#4805,#4806,#4807));
#1017=EDGE_LOOP('',(#4808,#4809,#4810,#4811,#4812,#4813,#4814,#4815));
#1018=EDGE_LOOP('',(#4816,#4817,#4818,#4819,#4820));
#1019=EDGE_LOOP('',(#4821,#4822,#4823,#4824));
#1020=EDGE_LOOP('',(#4825,#4826,#4827,#4828));
#1021=EDGE_LOOP('',(#4829,#4830,#4831,#4832));
#1022=EDGE_LOOP('',(#4833,#4834,#4835,#4836));
#1023=EDGE_LOOP('',(#4837,#4838,#4839,#4840));
#1024=EDGE_LOOP('',(#4841,#4842,#4843,#4844));
#1025=EDGE_LOOP('',(#4845,#4846,#4847,#4848));
#1026=EDGE_LOOP('',(#4849,#4850,#4851,#4852));
#1027=EDGE_LOOP('',(#4853,#4854,#4855,#4856));
#1028=EDGE_LOOP('',(#4857,#4858,#4859,#4860));
#1029=EDGE_LOOP('',(#4861,#4862,#4863,#4864));
#1030=EDGE_LOOP('',(#4865,#4866,#4867,#4868));
#1031=EDGE_LOOP('',(#4869,#4870,#4871,#4872));
#1032=EDGE_LOOP('',(#4873,#4874,#4875,#4876,#4877));
#1033=EDGE_LOOP('',(#4878,#4879,#4880,#4881));
#1034=EDGE_LOOP('',(#4882,#4883,#4884,#4885));
#1035=EDGE_LOOP('',(#4886,#4887,#4888,#4889));
#1036=EDGE_LOOP('',(#4890,#4891,#4892,#4893));
#1037=EDGE_LOOP('',(#4894,#4895,#4896,#4897));
#1038=EDGE_LOOP('',(#4898,#4899,#4900,#4901));
#1039=EDGE_LOOP('',(#4902,#4903,#4904,#4905));
#1040=EDGE_LOOP('',(#4906,#4907,#4908,#4909));
#1041=EDGE_LOOP('',(#4910,#4911,#4912,#4913));
#1042=EDGE_LOOP('',(#4914,#4915,#4916,#4917));
#1043=EDGE_LOOP('',(#4918,#4919,#4920,#4921,#4922,#4923,#4924,#4925,#4926,
#4927));
#1044=EDGE_LOOP('',(#4928,#4929,#4930,#4931));
#1045=EDGE_LOOP('',(#4932,#4933,#4934,#4935));
#1046=EDGE_LOOP('',(#4936,#4937,#4938,#4939,#4940));
#1047=EDGE_LOOP('',(#4941,#4942,#4943,#4944));
#1048=EDGE_LOOP('',(#4945,#4946,#4947,#4948,#4949));
#1049=EDGE_LOOP('',(#4950,#4951,#4952,#4953));
#1050=EDGE_LOOP('',(#4954,#4955,#4956,#4957));
#1051=EDGE_LOOP('',(#4958,#4959,#4960,#4961));
#1052=EDGE_LOOP('',(#4962,#4963,#4964,#4965));
#1053=EDGE_LOOP('',(#4966,#4967,#4968,#4969));
#1054=EDGE_LOOP('',(#4970,#4971,#4972,#4973,#4974,#4975,#4976,#4977));
#1055=EDGE_LOOP('',(#4978,#4979,#4980,#4981));
#1056=EDGE_LOOP('',(#4982,#4983,#4984,#4985));
#1057=EDGE_LOOP('',(#4986,#4987,#4988,#4989));
#1058=EDGE_LOOP('',(#4990,#4991,#4992,#4993));
#1059=EDGE_LOOP('',(#4994,#4995,#4996,#4997,#4998,#4999,#5000,#5001));
#1060=EDGE_LOOP('',(#5002,#5003,#5004,#5005));
#1061=EDGE_LOOP('',(#5006,#5007,#5008,#5009));
#1062=EDGE_LOOP('',(#5010,#5011,#5012,#5013));
#1063=EDGE_LOOP('',(#5014,#5015,#5016,#5017));
#1064=EDGE_LOOP('',(#5018,#5019,#5020,#5021,#5022,#5023,#5024,#5025,#5026,
#5027));
#1065=EDGE_LOOP('',(#5028,#5029,#5030,#5031,#5032,#5033,#5034,#5035,#5036,
#5037));
#1066=EDGE_LOOP('',(#5038,#5039,#5040,#5041));
#1067=EDGE_LOOP('',(#5042,#5043,#5044,#5045));
#1068=EDGE_LOOP('',(#5046,#5047,#5048,#5049));
#1069=EDGE_LOOP('',(#5050,#5051,#5052,#5053));
#1070=EDGE_LOOP('',(#5054,#5055,#5056,#5057));
#1071=EDGE_LOOP('',(#5058,#5059,#5060,#5061));
#1072=EDGE_LOOP('',(#5062,#5063,#5064,#5065));
#1073=EDGE_LOOP('',(#5066,#5067,#5068,#5069));
#1074=LINE('',#6872,#1666);
#1075=LINE('',#6875,#1667);
#1076=LINE('',#6878,#1668);
#1077=LINE('',#6880,#1669);
#1078=LINE('',#6881,#1670);
#1079=LINE('',#6884,#1671);
#1080=LINE('',#6886,#1672);
#1081=LINE('',#6888,#1673);
#1082=LINE('',#6890,#1674);
#1083=LINE('',#6895,#1675);
#1084=LINE('',#6901,#1676);
#1085=LINE('',#6904,#1677);
#1086=LINE('',#6907,#1678);
#1087=LINE('',#6909,#1679);
#1088=LINE('',#6910,#1680);
#1089=LINE('',#6913,#1681);
#1090=LINE('',#6915,#1682);
#1091=LINE('',#6917,#1683);
#1092=LINE('',#6922,#1684);
#1093=LINE('',#6928,#1685);
#1094=LINE('',#6931,#1686);
#1095=LINE('',#6934,#1687);
#1096=LINE('',#6936,#1688);
#1097=LINE('',#6937,#1689);
#1098=LINE('',#6940,#1690);
#1099=LINE('',#6942,#1691);
#1100=LINE('',#6944,#1692);
#1101=LINE('',#6946,#1693);
#1102=LINE('',#6951,#1694);
#1103=LINE('',#6954,#1695);
#1104=LINE('',#6955,#1696);
#1105=LINE('',#6958,#1697);
#1106=LINE('',#6959,#1698);
#1107=LINE('',#6962,#1699);
#1108=LINE('',#6963,#1700);
#1109=LINE('',#6966,#1701);
#1110=LINE('',#6967,#1702);
#1111=LINE('',#6970,#1703);
#1112=LINE('',#6971,#1704);
#1113=LINE('',#6974,#1705);
#1114=LINE('',#6975,#1706);
#1115=LINE('',#6980,#1707);
#1116=LINE('',#6986,#1708);
#1117=LINE('',#6992,#1709);
#1118=LINE('',#6998,#1710);
#1119=LINE('',#7003,#1711);
#1120=LINE('',#7005,#1712);
#1121=LINE('',#7007,#1713);
#1122=LINE('',#7008,#1714);
#1123=LINE('',#7009,#1715);
#1124=LINE('',#7012,#1716);
#1125=LINE('',#7014,#1717);
#1126=LINE('',#7016,#1718);
#1127=LINE('',#7018,#1719);
#1128=LINE('',#7020,#1720);
#1129=LINE('',#7021,#1721);
#1130=LINE('',#7023,#1722);
#1131=LINE('',#7025,#1723);
#1132=LINE('',#7027,#1724);
#1133=LINE('',#7028,#1725);
#1134=LINE('',#7031,#1726);
#1135=LINE('',#7033,#1727);
#1136=LINE('',#7035,#1728);
#1137=LINE('',#7037,#1729);
#1138=LINE('',#7039,#1730);
#1139=LINE('',#7040,#1731);
#1140=LINE('',#7042,#1732);
#1141=LINE('',#7044,#1733);
#1142=LINE('',#7046,#1734);
#1143=LINE('',#7047,#1735);
#1144=LINE('',#7051,#1736);
#1145=LINE('',#7053,#1737);
#1146=LINE('',#7055,#1738);
#1147=LINE('',#7057,#1739);
#1148=LINE('',#7059,#1740);
#1149=LINE('',#7061,#1741);
#1150=LINE('',#7063,#1742);
#1151=LINE('',#7065,#1743);
#1152=LINE('',#7067,#1744);
#1153=LINE('',#7069,#1745);
#1154=LINE('',#7071,#1746);
#1155=LINE('',#7072,#1747);
#1156=LINE('',#7074,#1748);
#1157=LINE('',#7075,#1749);
#1158=LINE('',#7077,#1750);
#1159=LINE('',#7078,#1751);
#1160=LINE('',#7082,#1752);
#1161=LINE('',#7083,#1753);
#1162=LINE('',#7085,#1754);
#1163=LINE('',#7086,#1755);
#1164=LINE('',#7088,#1756);
#1165=LINE('',#7089,#1757);
#1166=LINE('',#7090,#1758);
#1167=LINE('',#7093,#1759);
#1168=LINE('',#7094,#1760);
#1169=LINE('',#7096,#1761);
#1170=LINE('',#7099,#1762);
#1171=LINE('',#7100,#1763);
#1172=LINE('',#7102,#1764);
#1173=LINE('',#7105,#1765);
#1174=LINE('',#7106,#1766);
#1175=LINE('',#7109,#1767);
#1176=LINE('',#7110,#1768);
#1177=LINE('',#7112,#1769);
#1178=LINE('',#7116,#1770);
#1179=LINE('',#7118,#1771);
#1180=LINE('',#7120,#1772);
#1181=LINE('',#7121,#1773);
#1182=LINE('',#7124,#1774);
#1183=LINE('',#7126,#1775);
#1184=LINE('',#7127,#1776);
#1185=LINE('',#7130,#1777);
#1186=LINE('',#7131,#1778);
#1187=LINE('',#7134,#1779);
#1188=LINE('',#7135,#1780);
#1189=LINE('',#7137,#1781);
#1190=LINE('',#7140,#1782);
#1191=LINE('',#7142,#1783);
#1192=LINE('',#7143,#1784);
#1193=LINE('',#7146,#1785);
#1194=LINE('',#7148,#1786);
#1195=LINE('',#7150,#1787);
#1196=LINE('',#7151,#1788);
#1197=LINE('',#7154,#1789);
#1198=LINE('',#7155,#1790);
#1199=LINE('',#7158,#1791);
#1200=LINE('',#7159,#1792);
#1201=LINE('',#7161,#1793);
#1202=LINE('',#7165,#1794);
#1203=LINE('',#7166,#1795);
#1204=LINE('',#7167,#1796);
#1205=LINE('',#7170,#1797);
#1206=LINE('',#7172,#1798);
#1207=LINE('',#7173,#1799);
#1208=LINE('',#7175,#1800);
#1209=LINE('',#7177,#1801);
#1210=LINE('',#7186,#1802);
#1211=LINE('',#7188,#1803);
#1212=LINE('',#7190,#1804);
#1213=LINE('',#7191,#1805);
#1214=LINE('',#7194,#1806);
#1215=LINE('',#7196,#1807);
#1216=LINE('',#7197,#1808);
#1217=LINE('',#7200,#1809);
#1218=LINE('',#7202,#1810);
#1219=LINE('',#7203,#1811);
#1220=LINE('',#7205,#1812);
#1221=LINE('',#7206,#1813);
#1222=LINE('',#7215,#1814);
#1223=LINE('',#7217,#1815);
#1224=LINE('',#7219,#1816);
#1225=LINE('',#7221,#1817);
#1226=LINE('',#7223,#1818);
#1227=LINE('',#7225,#1819);
#1228=LINE('',#7227,#1820);
#1229=LINE('',#7228,#1821);
#1230=LINE('',#7231,#1822);
#1231=LINE('',#7233,#1823);
#1232=LINE('',#7235,#1824);
#1233=LINE('',#7236,#1825);
#1234=LINE('',#7343,#1826);
#1235=LINE('',#7345,#1827);
#1236=LINE('',#7347,#1828);
#1237=LINE('',#7349,#1829);
#1238=LINE('',#7351,#1830);
#1239=LINE('',#7353,#1831);
#1240=LINE('',#7355,#1832);
#1241=LINE('',#7357,#1833);
#1242=LINE('',#7359,#1834);
#1243=LINE('',#7360,#1835);
#1244=LINE('',#7407,#1836);
#1245=LINE('',#7505,#1837);
#1246=LINE('',#7551,#1838);
#1247=LINE('',#7553,#1839);
#1248=LINE('',#7555,#1840);
#1249=LINE('',#7557,#1841);
#1250=LINE('',#7571,#1842);
#1251=LINE('',#7585,#1843);
#1252=LINE('',#7587,#1844);
#1253=LINE('',#7589,#1845);
#1254=LINE('',#7591,#1846);
#1255=LINE('',#7593,#1847);
#1256=LINE('',#7595,#1848);
#1257=LINE('',#7597,#1849);
#1258=LINE('',#7598,#1850);
#1259=LINE('',#7601,#1851);
#1260=LINE('',#7603,#1852);
#1261=LINE('',#7605,#1853);
#1262=LINE('',#7607,#1854);
#1263=LINE('',#7609,#1855);
#1264=LINE('',#7625,#1856);
#1265=LINE('',#7626,#1857);
#1266=LINE('',#7673,#1858);
#1267=LINE('',#7771,#1859);
#1268=LINE('',#7817,#1860);
#1269=LINE('',#7819,#1861);
#1270=LINE('',#7821,#1862);
#1271=LINE('',#7823,#1863);
#1272=LINE('',#7825,#1864);
#1273=LINE('',#7827,#1865);
#1274=LINE('',#7829,#1866);
#1275=LINE('',#7830,#1867);
#1276=LINE('',#7865,#1868);
#1277=LINE('',#7939,#1869);
#1278=LINE('',#7941,#1870);
#1279=LINE('',#7943,#1871);
#1280=LINE('',#7945,#1872);
#1281=LINE('',#7947,#1873);
#1282=LINE('',#7949,#1874);
#1283=LINE('',#8009,#1875);
#1284=LINE('',#8011,#1876);
#1285=LINE('',#8013,#1877);
#1286=LINE('',#8099,#1878);
#1287=LINE('',#8161,#1879);
#1288=LINE('',#8163,#1880);
#1289=LINE('',#8165,#1881);
#1290=LINE('',#8167,#1882);
#1291=LINE('',#8181,#1883);
#1292=LINE('',#8195,#1884);
#1293=LINE('',#8197,#1885);
#1294=LINE('',#8199,#1886);
#1295=LINE('',#8201,#1887);
#1296=LINE('',#8203,#1888);
#1297=LINE('',#8205,#1889);
#1298=LINE('',#8207,#1890);
#1299=LINE('',#8208,#1891);
#1300=LINE('',#8211,#1892);
#1301=LINE('',#8213,#1893);
#1302=LINE('',#8215,#1894);
#1303=LINE('',#8217,#1895);
#1304=LINE('',#8219,#1896);
#1305=LINE('',#8221,#1897);
#1306=LINE('',#8223,#1898);
#1307=LINE('',#8225,#1899);
#1308=LINE('',#8227,#1900);
#1309=LINE('',#8228,#1901);
#1310=LINE('',#8275,#1902);
#1311=LINE('',#8373,#1903);
#1312=LINE('',#8419,#1904);
#1313=LINE('',#8421,#1905);
#1314=LINE('',#8422,#1906);
#1315=LINE('',#8426,#1907);
#1316=LINE('',#8427,#1908);
#1317=LINE('',#8428,#1909);
#1318=LINE('',#8431,#1910);
#1319=LINE('',#8432,#1911);
#1320=LINE('',#8435,#1912);
#1321=LINE('',#8436,#1913);
#1322=LINE('',#8439,#1914);
#1323=LINE('',#8441,#1915);
#1324=LINE('',#8443,#1916);
#1325=LINE('',#8444,#1917);
#1326=LINE('',#8447,#1918);
#1327=LINE('',#8449,#1919);
#1328=LINE('',#8451,#1920);
#1329=LINE('',#8452,#1921);
#1330=LINE('',#8455,#1922);
#1331=LINE('',#8457,#1923);
#1332=LINE('',#8459,#1924);
#1333=LINE('',#8460,#1925);
#1334=LINE('',#8462,#1926);
#1335=LINE('',#8465,#1927);
#1336=LINE('',#8467,#1928);
#1337=LINE('',#8468,#1929);
#1338=LINE('',#8471,#1930);
#1339=LINE('',#8473,#1931);
#1340=LINE('',#8475,#1932);
#1341=LINE('',#8476,#1933);
#1342=LINE('',#8478,#1934);
#1343=LINE('',#8480,#1935);
#1344=LINE('',#8483,#1936);
#1345=LINE('',#8484,#1937);
#1346=LINE('',#8486,#1938);
#1347=LINE('',#8488,#1939);
#1348=LINE('',#8492,#1940);
#1349=LINE('',#8494,#1941);
#1350=LINE('',#8495,#1942);
#1351=LINE('',#8498,#1943);
#1352=LINE('',#8499,#1944);
#1353=LINE('',#8502,#1945);
#1354=LINE('',#8503,#1946);
#1355=LINE('',#8505,#1947);
#1356=LINE('',#8508,#1948);
#1357=LINE('',#8510,#1949);
#1358=LINE('',#8511,#1950);
#1359=LINE('',#8514,#1951);
#1360=LINE('',#8515,#1952);
#1361=LINE('',#8518,#1953);
#1362=LINE('',#8519,#1954);
#1363=LINE('',#8521,#1955);
#1364=LINE('',#8525,#1956);
#1365=LINE('',#8527,#1957);
#1366=LINE('',#8528,#1958);
#1367=LINE('',#8531,#1959);
#1368=LINE('',#8532,#1960);
#1369=LINE('',#8535,#1961);
#1370=LINE('',#8536,#1962);
#1371=LINE('',#8538,#1963);
#1372=LINE('',#8579,#1964);
#1373=LINE('',#8600,#1965);
#1374=LINE('',#8648,#1966);
#1375=LINE('',#8719,#1967);
#1376=LINE('',#8782,#1968);
#1377=LINE('',#8804,#1969);
#1378=LINE('',#8805,#1970);
#1379=LINE('',#8845,#1971);
#1380=LINE('',#8920,#1972);
#1381=LINE('',#9003,#1973);
#1382=LINE('',#9070,#1974);
#1383=LINE('',#9091,#1975);
#1384=LINE('',#9095,#1976);
#1385=LINE('',#9097,#1977);
#1386=LINE('',#9098,#1978);
#1387=LINE('',#9101,#1979);
#1388=LINE('',#9102,#1980);
#1389=LINE('',#9105,#1981);
#1390=LINE('',#9106,#1982);
#1391=LINE('',#9109,#1983);
#1392=LINE('',#9110,#1984);
#1393=LINE('',#9113,#1985);
#1394=LINE('',#9114,#1986);
#1395=LINE('',#9117,#1987);
#1396=LINE('',#9118,#1988);
#1397=LINE('',#9121,#1989);
#1398=LINE('',#9122,#1990);
#1399=LINE('',#9125,#1991);
#1400=LINE('',#9126,#1992);
#1401=LINE('',#9129,#1993);
#1402=LINE('',#9130,#1994);
#1403=LINE('',#9132,#1995);
#1404=LINE('',#9381,#1996);
#1405=LINE('',#9382,#1997);
#1406=LINE('',#9437,#1998);
#1407=LINE('',#9492,#1999);
#1408=LINE('',#9590,#2000);
#1409=LINE('',#9591,#2001);
#1410=LINE('',#9650,#2002);
#1411=LINE('',#9709,#2003);
#1412=LINE('',#9794,#2004);
#1413=LINE('',#9796,#2005);
#1414=LINE('',#9797,#2006);
#1415=LINE('',#9800,#2007);
#1416=LINE('',#9801,#2008);
#1417=LINE('',#9804,#2009);
#1418=LINE('',#9805,#2010);
#1419=LINE('',#9808,#2011);
#1420=LINE('',#9809,#2012);
#1421=LINE('',#9812,#2013);
#1422=LINE('',#9813,#2014);
#1423=LINE('',#9816,#2015);
#1424=LINE('',#9817,#2016);
#1425=LINE('',#9820,#2017);
#1426=LINE('',#9821,#2018);
#1427=LINE('',#9824,#2019);
#1428=LINE('',#9825,#2020);
#1429=LINE('',#9828,#2021);
#1430=LINE('',#9829,#2022);
#1431=LINE('',#9831,#2023);
#1432=LINE('',#9872,#2024);
#1433=LINE('',#9893,#2025);
#1434=LINE('',#9941,#2026);
#1435=LINE('',#10012,#2027);
#1436=LINE('',#10075,#2028);
#1437=LINE('',#10097,#2029);
#1438=LINE('',#10098,#2030);
#1439=LINE('',#10138,#2031);
#1440=LINE('',#10213,#2032);
#1441=LINE('',#10296,#2033);
#1442=LINE('',#10363,#2034);
#1443=LINE('',#10384,#2035);
#1444=LINE('',#10388,#2036);
#1445=LINE('',#10390,#2037);
#1446=LINE('',#10391,#2038);
#1447=LINE('',#10394,#2039);
#1448=LINE('',#10395,#2040);
#1449=LINE('',#10419,#2041);
#1450=LINE('',#10433,#2042);
#1451=LINE('',#10434,#2043);
#1452=LINE('',#10458,#2044);
#1453=LINE('',#10472,#2045);
#1454=LINE('',#10473,#2046);
#1455=LINE('',#10475,#2047);
#1456=LINE('',#10480,#2048);
#1457=LINE('',#10482,#2049);
#1458=LINE('',#10484,#2050);
#1459=LINE('',#10486,#2051);
#1460=LINE('',#10488,#2052);
#1461=LINE('',#10490,#2053);
#1462=LINE('',#10492,#2054);
#1463=LINE('',#10493,#2055);
#1464=LINE('',#10496,#2056);
#1465=LINE('',#10518,#2057);
#1466=LINE('',#10519,#2058);
#1467=LINE('',#10521,#2059);
#1468=LINE('',#10522,#2060);
#1469=LINE('',#10524,#2061);
#1470=LINE('',#10526,#2062);
#1471=LINE('',#10528,#2063);
#1472=LINE('',#10530,#2064);
#1473=LINE('',#10532,#2065);
#1474=LINE('',#10534,#2066);
#1475=LINE('',#10539,#2067);
#1476=LINE('',#10540,#2068);
#1477=LINE('',#10541,#2069);
#1478=LINE('',#10544,#2070);
#1479=LINE('',#10545,#2071);
#1480=LINE('',#10548,#2072);
#1481=LINE('',#10549,#2073);
#1482=LINE('',#10584,#2074);
#1483=LINE('',#10609,#2075);
#1484=LINE('',#10611,#2076);
#1485=LINE('',#10612,#2077);
#1486=LINE('',#10615,#2078);
#1487=LINE('',#10616,#2079);
#1488=LINE('',#10640,#2080);
#1489=LINE('',#10654,#2081);
#1490=LINE('',#10655,#2082);
#1491=LINE('',#10679,#2083);
#1492=LINE('',#10693,#2084);
#1493=LINE('',#10694,#2085);
#1494=LINE('',#10696,#2086);
#1495=LINE('',#10700,#2087);
#1496=LINE('',#10702,#2088);
#1497=LINE('',#10703,#2089);
#1498=LINE('',#10731,#2090);
#1499=LINE('',#10784,#2091);
#1500=LINE('',#10843,#2092);
#1501=LINE('',#10902,#2093);
#1502=LINE('',#10924,#2094);
#1503=LINE('',#10925,#2095);
#1504=LINE('',#10965,#2096);
#1505=LINE('',#11024,#2097);
#1506=LINE('',#11083,#2098);
#1507=LINE('',#11134,#2099);
#1508=LINE('',#11165,#2100);
#1509=LINE('',#11175,#2101);
#1510=LINE('',#11176,#2102);
#1511=LINE('',#11178,#2103);
#1512=LINE('',#11219,#2104);
#1513=LINE('',#11240,#2105);
#1514=LINE('',#11264,#2106);
#1515=LINE('',#11299,#2107);
#1516=LINE('',#11350,#2108);
#1517=LINE('',#11393,#2109);
#1518=LINE('',#11407,#2110);
#1519=LINE('',#11408,#2111);
#1520=LINE('',#11411,#2112);
#1521=LINE('',#11412,#2113);
#1522=LINE('',#11415,#2114);
#1523=LINE('',#11416,#2115);
#1524=LINE('',#11419,#2116);
#1525=LINE('',#11420,#2117);
#1526=LINE('',#11423,#2118);
#1527=LINE('',#11424,#2119);
#1528=LINE('',#11427,#2120);
#1529=LINE('',#11428,#2121);
#1530=LINE('',#11452,#2122);
#1531=LINE('',#11503,#2123);
#1532=LINE('',#11562,#2124);
#1533=LINE('',#11621,#2125);
#1534=LINE('',#11642,#2126);
#1535=LINE('',#11647,#2127);
#1536=LINE('',#11649,#2128);
#1537=LINE('',#11651,#2129);
#1538=LINE('',#11653,#2130);
#1539=LINE('',#11655,#2131);
#1540=LINE('',#11657,#2132);
#1541=LINE('',#11659,#2133);
#1542=LINE('',#11660,#2134);
#1543=LINE('',#11663,#2135);
#1544=LINE('',#11685,#2136);
#1545=LINE('',#11686,#2137);
#1546=LINE('',#11688,#2138);
#1547=LINE('',#11689,#2139);
#1548=LINE('',#11691,#2140);
#1549=LINE('',#11693,#2141);
#1550=LINE('',#11695,#2142);
#1551=LINE('',#11697,#2143);
#1552=LINE('',#11699,#2144);
#1553=LINE('',#11701,#2145);
#1554=LINE('',#11706,#2146);
#1555=LINE('',#11707,#2147);
#1556=LINE('',#11708,#2148);
#1557=LINE('',#11711,#2149);
#1558=LINE('',#11712,#2150);
#1559=LINE('',#11715,#2151);
#1560=LINE('',#11716,#2152);
#1561=LINE('',#11751,#2153);
#1562=LINE('',#11776,#2154);
#1563=LINE('',#11778,#2155);
#1564=LINE('',#11779,#2156);
#1565=LINE('',#11782,#2157);
#1566=LINE('',#11783,#2158);
#1567=LINE('',#11786,#2159);
#1568=LINE('',#11787,#2160);
#1569=LINE('',#11790,#2161);
#1570=LINE('',#11791,#2162);
#1571=LINE('',#11803,#2163);
#1572=LINE('',#11824,#2164);
#1573=LINE('',#11834,#2165);
#1574=LINE('',#11835,#2166);
#1575=LINE('',#11838,#2167);
#1576=LINE('',#11839,#2168);
#1577=LINE('',#11841,#2169);
#1578=LINE('',#11846,#2170);
#1579=LINE('',#11848,#2171);
#1580=LINE('',#11850,#2172);
#1581=LINE('',#11852,#2173);
#1582=LINE('',#11854,#2174);
#1583=LINE('',#11856,#2175);
#1584=LINE('',#11858,#2176);
#1585=LINE('',#11859,#2177);
#1586=LINE('',#11862,#2178);
#1587=LINE('',#11884,#2179);
#1588=LINE('',#11885,#2180);
#1589=LINE('',#11887,#2181);
#1590=LINE('',#11888,#2182);
#1591=LINE('',#11890,#2183);
#1592=LINE('',#11892,#2184);
#1593=LINE('',#11894,#2185);
#1594=LINE('',#11896,#2186);
#1595=LINE('',#11898,#2187);
#1596=LINE('',#11900,#2188);
#1597=LINE('',#11905,#2189);
#1598=LINE('',#11906,#2190);
#1599=LINE('',#11907,#2191);
#1600=LINE('',#11910,#2192);
#1601=LINE('',#11911,#2193);
#1602=LINE('',#11914,#2194);
#1603=LINE('',#11915,#2195);
#1604=LINE('',#11950,#2196);
#1605=LINE('',#12012,#2197);
#1606=LINE('',#12033,#2198);
#1607=LINE('',#12081,#2199);
#1608=LINE('',#12152,#2200);
#1609=LINE('',#12215,#2201);
#1610=LINE('',#12237,#2202);
#1611=LINE('',#12238,#2203);
#1612=LINE('',#12278,#2204);
#1613=LINE('',#12353,#2205);
#1614=LINE('',#12436,#2206);
#1615=LINE('',#12503,#2207);
#1616=LINE('',#12524,#2208);
#1617=LINE('',#12531,#2209);
#1618=LINE('',#12533,#2210);
#1619=LINE('',#12535,#2211);
#1620=LINE('',#12536,#2212);
#1621=LINE('',#12543,#2213);
#1622=LINE('',#12544,#2214);
#1623=LINE('',#12548,#2215);
#1624=LINE('',#12549,#2216);
#1625=LINE('',#12550,#2217);
#1626=LINE('',#12555,#2218);
#1627=LINE('',#12558,#2219);
#1628=LINE('',#12566,#2220);
#1629=LINE('',#12569,#2221);
#1630=LINE('',#12572,#2222);
#1631=LINE('',#12574,#2223);
#1632=LINE('',#12575,#2224);
#1633=LINE('',#12578,#2225);
#1634=LINE('',#12582,#2226);
#1635=LINE('',#12586,#2227);
#1636=LINE('',#12590,#2228);
#1637=LINE('',#12596,#2229);
#1638=LINE('',#12600,#2230);
#1639=LINE('',#12602,#2231);
#1640=LINE('',#12603,#2232);
#1641=LINE('',#12608,#2233);
#1642=LINE('',#12612,#2234);
#1643=LINE('',#12614,#2235);
#1644=LINE('',#12615,#2236);
#1645=LINE('',#12620,#2237);
#1646=LINE('',#12624,#2238);
#1647=LINE('',#12628,#2239);
#1648=LINE('',#12631,#2240);
#1649=LINE('',#12636,#2241);
#1650=LINE('',#12640,#2242);
#1651=LINE('',#12642,#2243);
#1652=LINE('',#12643,#2244);
#1653=LINE('',#12646,#2245);
#1654=LINE('',#12648,#2246);
#1655=LINE('',#12649,#2247);
#1656=LINE('',#12651,#2248);
#1657=LINE('',#12652,#2249);
#1658=LINE('',#12656,#2250);
#1659=LINE('',#12657,#2251);
#1660=LINE('',#12659,#2252);
#1661=LINE('',#12661,#2253);
#1662=LINE('',#12663,#2254);
#1663=LINE('',#12665,#2255);
#1664=LINE('',#12667,#2256);
#1665=LINE('',#12669,#2257);
#1666=VECTOR('',#5733,10.);
#1667=VECTOR('',#5736,10.);
#1668=VECTOR('',#5739,10.);
#1669=VECTOR('',#5740,10.);
#1670=VECTOR('',#5741,1000.);
#1671=VECTOR('',#5744,1000.);
#1672=VECTOR('',#5745,1000.);
#1673=VECTOR('',#5746,1000.);
#1674=VECTOR('',#5747,1000.);
#1675=VECTOR('',#5754,10.);
#1676=VECTOR('',#5759,10.);
#1677=VECTOR('',#5762,10.);
#1678=VECTOR('',#5765,10.);
#1679=VECTOR('',#5766,10.);
#1680=VECTOR('',#5767,1000.);
#1681=VECTOR('',#5770,1000.);
#1682=VECTOR('',#5771,1000.);
#1683=VECTOR('',#5772,1000.);
#1684=VECTOR('',#5779,10.);
#1685=VECTOR('',#5784,10.);
#1686=VECTOR('',#5787,10.);
#1687=VECTOR('',#5790,10.);
#1688=VECTOR('',#5791,10.);
#1689=VECTOR('',#5792,1000.);
#1690=VECTOR('',#5795,1000.);
#1691=VECTOR('',#5796,1000.);
#1692=VECTOR('',#5797,1000.);
#1693=VECTOR('',#5798,1000.);
#1694=VECTOR('',#5805,10.);
#1695=VECTOR('',#5808,1000.);
#1696=VECTOR('',#5809,1000.);
#1697=VECTOR('',#5812,1000.);
#1698=VECTOR('',#5813,1000.);
#1699=VECTOR('',#5816,1000.);
#1700=VECTOR('',#5817,1000.);
#1701=VECTOR('',#5820,1000.);
#1702=VECTOR('',#5821,1000.);
#1703=VECTOR('',#5824,1000.);
#1704=VECTOR('',#5825,1000.);
#1705=VECTOR('',#5828,1000.);
#1706=VECTOR('',#5829,1000.);
#1707=VECTOR('',#5834,0.5);
#1708=VECTOR('',#5841,0.5);
#1709=VECTOR('',#5848,1.1);
#1710=VECTOR('',#5855,1.1);
#1711=VECTOR('',#5860,1000.);
#1712=VECTOR('',#5861,1000.);
#1713=VECTOR('',#5862,1000.);
#1714=VECTOR('',#5863,1000.);
#1715=VECTOR('',#5864,1000.);
#1716=VECTOR('',#5867,1000.);
#1717=VECTOR('',#5868,1000.);
#1718=VECTOR('',#5869,1000.);
#1719=VECTOR('',#5870,1000.);
#1720=VECTOR('',#5871,1000.);
#1721=VECTOR('',#5872,1000.);
#1722=VECTOR('',#5875,1000.);
#1723=VECTOR('',#5876,1000.);
#1724=VECTOR('',#5877,1000.);
#1725=VECTOR('',#5878,1000.);
#1726=VECTOR('',#5881,1000.);
#1727=VECTOR('',#5882,1000.);
#1728=VECTOR('',#5883,1000.);
#1729=VECTOR('',#5884,1000.);
#1730=VECTOR('',#5885,1000.);
#1731=VECTOR('',#5886,1000.);
#1732=VECTOR('',#5889,1000.);
#1733=VECTOR('',#5890,1000.);
#1734=VECTOR('',#5891,1000.);
#1735=VECTOR('',#5892,1000.);
#1736=VECTOR('',#5895,1000.);
#1737=VECTOR('',#5896,1000.);
#1738=VECTOR('',#5897,1000.);
#1739=VECTOR('',#5898,1000.);
#1740=VECTOR('',#5899,1000.);
#1741=VECTOR('',#5900,1000.);
#1742=VECTOR('',#5901,1000.);
#1743=VECTOR('',#5902,1000.);
#1744=VECTOR('',#5903,1000.);
#1745=VECTOR('',#5904,1000.);
#1746=VECTOR('',#5905,1000.);
#1747=VECTOR('',#5906,1000.);
#1748=VECTOR('',#5909,1000.);
#1749=VECTOR('',#5910,1000.);
#1750=VECTOR('',#5913,1000.);
#1751=VECTOR('',#5914,1000.);
#1752=VECTOR('',#5917,1000.);
#1753=VECTOR('',#5918,1000.);
#1754=VECTOR('',#5919,1000.);
#1755=VECTOR('',#5920,1000.);
#1756=VECTOR('',#5921,1000.);
#1757=VECTOR('',#5922,1000.);
#1758=VECTOR('',#5923,1000.);
#1759=VECTOR('',#5926,1000.);
#1760=VECTOR('',#5927,1000.);
#1761=VECTOR('',#5930,1000.);
#1762=VECTOR('',#5933,1000.);
#1763=VECTOR('',#5934,1000.);
#1764=VECTOR('',#5937,1000.);
#1765=VECTOR('',#5940,1000.);
#1766=VECTOR('',#5941,1000.);
#1767=VECTOR('',#5944,1000.);
#1768=VECTOR('',#5945,1000.);
#1769=VECTOR('',#5948,1000.);
#1770=VECTOR('',#5951,1000.);
#1771=VECTOR('',#5952,1000.);
#1772=VECTOR('',#5953,1000.);
#1773=VECTOR('',#5954,1000.);
#1774=VECTOR('',#5957,1000.);
#1775=VECTOR('',#5958,1000.);
#1776=VECTOR('',#5959,1000.);
#1777=VECTOR('',#5962,1000.);
#1778=VECTOR('',#5963,1000.);
#1779=VECTOR('',#5966,1000.);
#1780=VECTOR('',#5967,1000.);
#1781=VECTOR('',#5970,1000.);
#1782=VECTOR('',#5973,1000.);
#1783=VECTOR('',#5974,1000.);
#1784=VECTOR('',#5975,1000.);
#1785=VECTOR('',#5976,1000.);
#1786=VECTOR('',#5977,1000.);
#1787=VECTOR('',#5978,1000.);
#1788=VECTOR('',#5979,1000.);
#1789=VECTOR('',#5982,1000.);
#1790=VECTOR('',#5983,1000.);
#1791=VECTOR('',#5986,1000.);
#1792=VECTOR('',#5987,1000.);
#1793=VECTOR('',#5990,1000.);
#1794=VECTOR('',#5993,1000.);
#1795=VECTOR('',#5994,1000.);
#1796=VECTOR('',#5995,1000.);
#1797=VECTOR('',#5998,1000.);
#1798=VECTOR('',#5999,1000.);
#1799=VECTOR('',#6000,1000.);
#1800=VECTOR('',#6003,1000.);
#1801=VECTOR('',#6006,1000.);
#1802=VECTOR('',#6019,1000.);
#1803=VECTOR('',#6020,1000.);
#1804=VECTOR('',#6021,1000.);
#1805=VECTOR('',#6022,1000.);
#1806=VECTOR('',#6025,1000.);
#1807=VECTOR('',#6026,1000.);
#1808=VECTOR('',#6027,1000.);
#1809=VECTOR('',#6030,1000.);
#1810=VECTOR('',#6031,1000.);
#1811=VECTOR('',#6032,1000.);
#1812=VECTOR('',#6035,1000.);
#1813=VECTOR('',#6036,1000.);
#1814=VECTOR('',#6049,1000.);
#1815=VECTOR('',#6050,1000.);
#1816=VECTOR('',#6051,1000.);
#1817=VECTOR('',#6052,1000.);
#1818=VECTOR('',#6053,1000.);
#1819=VECTOR('',#6054,1000.);
#1820=VECTOR('',#6055,1000.);
#1821=VECTOR('',#6056,1000.);
#1822=VECTOR('',#6057,1000.);
#1823=VECTOR('',#6058,1000.);
#1824=VECTOR('',#6059,1000.);
#1825=VECTOR('',#6060,1000.);
#1826=VECTOR('',#6061,1000.);
#1827=VECTOR('',#6062,1000.);
#1828=VECTOR('',#6063,1000.);
#1829=VECTOR('',#6064,1000.);
#1830=VECTOR('',#6065,1000.);
#1831=VECTOR('',#6066,1000.);
#1832=VECTOR('',#6067,1000.);
#1833=VECTOR('',#6068,1000.);
#1834=VECTOR('',#6069,1000.);
#1835=VECTOR('',#6070,1000.);
#1836=VECTOR('',#6071,1000.);
#1837=VECTOR('',#6072,1000.);
#1838=VECTOR('',#6073,1000.);
#1839=VECTOR('',#6074,1000.);
#1840=VECTOR('',#6075,1000.);
#1841=VECTOR('',#6076,1000.);
#1842=VECTOR('',#6077,1000.);
#1843=VECTOR('',#6078,1000.);
#1844=VECTOR('',#6079,1000.);
#1845=VECTOR('',#6080,1000.);
#1846=VECTOR('',#6081,1000.);
#1847=VECTOR('',#6082,1000.);
#1848=VECTOR('',#6083,1000.);
#1849=VECTOR('',#6084,1000.);
#1850=VECTOR('',#6085,1000.);
#1851=VECTOR('',#6086,1000.);
#1852=VECTOR('',#6087,1000.);
#1853=VECTOR('',#6088,1000.);
#1854=VECTOR('',#6089,1000.);
#1855=VECTOR('',#6090,1000.);
#1856=VECTOR('',#6091,1000.);
#1857=VECTOR('',#6092,1000.);
#1858=VECTOR('',#6093,1000.);
#1859=VECTOR('',#6094,1000.);
#1860=VECTOR('',#6095,1000.);
#1861=VECTOR('',#6096,1000.);
#1862=VECTOR('',#6097,1000.);
#1863=VECTOR('',#6098,1000.);
#1864=VECTOR('',#6099,1000.);
#1865=VECTOR('',#6100,1000.);
#1866=VECTOR('',#6101,1000.);
#1867=VECTOR('',#6102,1000.);
#1868=VECTOR('',#6103,1000.);
#1869=VECTOR('',#6104,1000.);
#1870=VECTOR('',#6105,1000.);
#1871=VECTOR('',#6106,1000.);
#1872=VECTOR('',#6107,1000.);
#1873=VECTOR('',#6108,1000.);
#1874=VECTOR('',#6109,1000.);
#1875=VECTOR('',#6110,1000.);
#1876=VECTOR('',#6111,1000.);
#1877=VECTOR('',#6112,1000.);
#1878=VECTOR('',#6113,1000.);
#1879=VECTOR('',#6114,1000.);
#1880=VECTOR('',#6115,1000.);
#1881=VECTOR('',#6116,1000.);
#1882=VECTOR('',#6117,1000.);
#1883=VECTOR('',#6118,1000.);
#1884=VECTOR('',#6119,1000.);
#1885=VECTOR('',#6120,1000.);
#1886=VECTOR('',#6121,1000.);
#1887=VECTOR('',#6122,1000.);
#1888=VECTOR('',#6123,1000.);
#1889=VECTOR('',#6124,1000.);
#1890=VECTOR('',#6125,1000.);
#1891=VECTOR('',#6126,1000.);
#1892=VECTOR('',#6127,1000.);
#1893=VECTOR('',#6128,1000.);
#1894=VECTOR('',#6129,1000.);
#1895=VECTOR('',#6130,1000.);
#1896=VECTOR('',#6131,1000.);
#1897=VECTOR('',#6132,1000.);
#1898=VECTOR('',#6133,1000.);
#1899=VECTOR('',#6134,1000.);
#1900=VECTOR('',#6135,1000.);
#1901=VECTOR('',#6136,1000.);
#1902=VECTOR('',#6137,1000.);
#1903=VECTOR('',#6138,1000.);
#1904=VECTOR('',#6141,1000.);
#1905=VECTOR('',#6142,1000.);
#1906=VECTOR('',#6143,1000.);
#1907=VECTOR('',#6146,1000.);
#1908=VECTOR('',#6147,1000.);
#1909=VECTOR('',#6148,1000.);
#1910=VECTOR('',#6151,1000.);
#1911=VECTOR('',#6152,1000.);
#1912=VECTOR('',#6155,1000.);
#1913=VECTOR('',#6156,1000.);
#1914=VECTOR('',#6157,1000.);
#1915=VECTOR('',#6158,1000.);
#1916=VECTOR('',#6159,1000.);
#1917=VECTOR('',#6160,1000.);
#1918=VECTOR('',#6161,1000.);
#1919=VECTOR('',#6162,1000.);
#1920=VECTOR('',#6163,1000.);
#1921=VECTOR('',#6164,1000.);
#1922=VECTOR('',#6165,1000.);
#1923=VECTOR('',#6166,1000.);
#1924=VECTOR('',#6167,1000.);
#1925=VECTOR('',#6168,1000.);
#1926=VECTOR('',#6171,1000.);
#1927=VECTOR('',#6174,1000.);
#1928=VECTOR('',#6175,1000.);
#1929=VECTOR('',#6176,1000.);
#1930=VECTOR('',#6177,1000.);
#1931=VECTOR('',#6178,1000.);
#1932=VECTOR('',#6179,1000.);
#1933=VECTOR('',#6180,1000.);
#1934=VECTOR('',#6183,1000.);
#1935=VECTOR('',#6186,1000.);
#1936=VECTOR('',#6191,1000.);
#1937=VECTOR('',#6192,1000.);
#1938=VECTOR('',#6195,1000.);
#1939=VECTOR('',#6198,1000.);
#1940=VECTOR('',#6203,1000.);
#1941=VECTOR('',#6204,1000.);
#1942=VECTOR('',#6205,1000.);
#1943=VECTOR('',#6208,1000.);
#1944=VECTOR('',#6209,1000.);
#1945=VECTOR('',#6212,1000.);
#1946=VECTOR('',#6213,1000.);
#1947=VECTOR('',#6216,1000.);
#1948=VECTOR('',#6219,1000.);
#1949=VECTOR('',#6220,1000.);
#1950=VECTOR('',#6221,1000.);
#1951=VECTOR('',#6224,1000.);
#1952=VECTOR('',#6225,1000.);
#1953=VECTOR('',#6228,1000.);
#1954=VECTOR('',#6229,1000.);
#1955=VECTOR('',#6232,1000.);
#1956=VECTOR('',#6237,1000.);
#1957=VECTOR('',#6238,1000.);
#1958=VECTOR('',#6239,1000.);
#1959=VECTOR('',#6242,1000.);
#1960=VECTOR('',#6243,1000.);
#1961=VECTOR('',#6246,1000.);
#1962=VECTOR('',#6247,1000.);
#1963=VECTOR('',#6250,1000.);
#1964=VECTOR('',#6253,1000.);
#1965=VECTOR('',#6254,1000.);
#1966=VECTOR('',#6255,1000.);
#1967=VECTOR('',#6256,1000.);
#1968=VECTOR('',#6257,1000.);
#1969=VECTOR('',#6260,1000.);
#1970=VECTOR('',#6261,1000.);
#1971=VECTOR('',#6262,1000.);
#1972=VECTOR('',#6263,1000.);
#1973=VECTOR('',#6264,1000.);
#1974=VECTOR('',#6265,1000.);
#1975=VECTOR('',#6268,1000.);
#1976=VECTOR('',#6273,1000.);
#1977=VECTOR('',#6274,1000.);
#1978=VECTOR('',#6275,1000.);
#1979=VECTOR('',#6278,1000.);
#1980=VECTOR('',#6279,1000.);
#1981=VECTOR('',#6282,1000.);
#1982=VECTOR('',#6283,1000.);
#1983=VECTOR('',#6286,1000.);
#1984=VECTOR('',#6287,1000.);
#1985=VECTOR('',#6290,1000.);
#1986=VECTOR('',#6291,1000.);
#1987=VECTOR('',#6294,1000.);
#1988=VECTOR('',#6295,1000.);
#1989=VECTOR('',#6298,1000.);
#1990=VECTOR('',#6299,1000.);
#1991=VECTOR('',#6302,1000.);
#1992=VECTOR('',#6303,1000.);
#1993=VECTOR('',#6306,1000.);
#1994=VECTOR('',#6307,1000.);
#1995=VECTOR('',#6310,1000.);
#1996=VECTOR('',#6315,1000.);
#1997=VECTOR('',#6316,1000.);
#1998=VECTOR('',#6317,1000.);
#1999=VECTOR('',#6318,1000.);
#2000=VECTOR('',#6319,1000.);
#2001=VECTOR('',#6320,1000.);
#2002=VECTOR('',#6321,1000.);
#2003=VECTOR('',#6322,1000.);
#2004=VECTOR('',#6327,1000.);
#2005=VECTOR('',#6328,1000.);
#2006=VECTOR('',#6329,1000.);
#2007=VECTOR('',#6332,1000.);
#2008=VECTOR('',#6333,1000.);
#2009=VECTOR('',#6336,1000.);
#2010=VECTOR('',#6337,1000.);
#2011=VECTOR('',#6340,1000.);
#2012=VECTOR('',#6341,1000.);
#2013=VECTOR('',#6344,1000.);
#2014=VECTOR('',#6345,1000.);
#2015=VECTOR('',#6348,1000.);
#2016=VECTOR('',#6349,1000.);
#2017=VECTOR('',#6352,1000.);
#2018=VECTOR('',#6353,1000.);
#2019=VECTOR('',#6356,1000.);
#2020=VECTOR('',#6357,1000.);
#2021=VECTOR('',#6360,1000.);
#2022=VECTOR('',#6361,1000.);
#2023=VECTOR('',#6364,1000.);
#2024=VECTOR('',#6367,1000.);
#2025=VECTOR('',#6368,1000.);
#2026=VECTOR('',#6369,1000.);
#2027=VECTOR('',#6370,1000.);
#2028=VECTOR('',#6371,1000.);
#2029=VECTOR('',#6374,1000.);
#2030=VECTOR('',#6375,1000.);
#2031=VECTOR('',#6376,1000.);
#2032=VECTOR('',#6377,1000.);
#2033=VECTOR('',#6378,1000.);
#2034=VECTOR('',#6379,1000.);
#2035=VECTOR('',#6382,1000.);
#2036=VECTOR('',#6387,1000.);
#2037=VECTOR('',#6388,1000.);
#2038=VECTOR('',#6389,1000.);
#2039=VECTOR('',#6392,1000.);
#2040=VECTOR('',#6393,1000.);
#2041=VECTOR('',#6394,1000.);
#2042=VECTOR('',#6397,1000.);
#2043=VECTOR('',#6398,1000.);
#2044=VECTOR('',#6399,1000.);
#2045=VECTOR('',#6402,1000.);
#2046=VECTOR('',#6403,1000.);
#2047=VECTOR('',#6406,1000.);
#2048=VECTOR('',#6411,1000.);
#2049=VECTOR('',#6412,1000.);
#2050=VECTOR('',#6413,1000.);
#2051=VECTOR('',#6414,1000.);
#2052=VECTOR('',#6415,1000.);
#2053=VECTOR('',#6416,1000.);
#2054=VECTOR('',#6417,1000.);
#2055=VECTOR('',#6418,1000.);
#2056=VECTOR('',#6419,1000.);
#2057=VECTOR('',#6420,1000.);
#2058=VECTOR('',#6421,1000.);
#2059=VECTOR('',#6424,1000.);
#2060=VECTOR('',#6425,1000.);
#2061=VECTOR('',#6428,1000.);
#2062=VECTOR('',#6431,1000.);
#2063=VECTOR('',#6434,1000.);
#2064=VECTOR('',#6437,1000.);
#2065=VECTOR('',#6440,1000.);
#2066=VECTOR('',#6443,1000.);
#2067=VECTOR('',#6448,1000.);
#2068=VECTOR('',#6449,1000.);
#2069=VECTOR('',#6450,1000.);
#2070=VECTOR('',#6453,1000.);
#2071=VECTOR('',#6454,1000.);
#2072=VECTOR('',#6457,1000.);
#2073=VECTOR('',#6458,1000.);
#2074=VECTOR('',#6459,1000.);
#2075=VECTOR('',#6464,1000.);
#2076=VECTOR('',#6465,1000.);
#2077=VECTOR('',#6466,1000.);
#2078=VECTOR('',#6469,1000.);
#2079=VECTOR('',#6470,1000.);
#2080=VECTOR('',#6471,1000.);
#2081=VECTOR('',#6474,1000.);
#2082=VECTOR('',#6475,1000.);
#2083=VECTOR('',#6476,1000.);
#2084=VECTOR('',#6479,1000.);
#2085=VECTOR('',#6480,1000.);
#2086=VECTOR('',#6483,1000.);
#2087=VECTOR('',#6488,1000.);
#2088=VECTOR('',#6489,1000.);
#2089=VECTOR('',#6490,1000.);
#2090=VECTOR('',#6491,1000.);
#2091=VECTOR('',#6492,1000.);
#2092=VECTOR('',#6493,1000.);
#2093=VECTOR('',#6494,1000.);
#2094=VECTOR('',#6497,1000.);
#2095=VECTOR('',#6498,1000.);
#2096=VECTOR('',#6499,1000.);
#2097=VECTOR('',#6500,1000.);
#2098=VECTOR('',#6501,1000.);
#2099=VECTOR('',#6502,1000.);
#2100=VECTOR('',#6503,1000.);
#2101=VECTOR('',#6506,1000.);
#2102=VECTOR('',#6507,1000.);
#2103=VECTOR('',#6510,1000.);
#2104=VECTOR('',#6513,1000.);
#2105=VECTOR('',#6514,1000.);
#2106=VECTOR('',#6515,1000.);
#2107=VECTOR('',#6516,1000.);
#2108=VECTOR('',#6517,1000.);
#2109=VECTOR('',#6518,1000.);
#2110=VECTOR('',#6521,1000.);
#2111=VECTOR('',#6522,1000.);
#2112=VECTOR('',#6525,1000.);
#2113=VECTOR('',#6526,1000.);
#2114=VECTOR('',#6529,1000.);
#2115=VECTOR('',#6530,1000.);
#2116=VECTOR('',#6533,1000.);
#2117=VECTOR('',#6534,1000.);
#2118=VECTOR('',#6537,1000.);
#2119=VECTOR('',#6538,1000.);
#2120=VECTOR('',#6541,1000.);
#2121=VECTOR('',#6542,1000.);
#2122=VECTOR('',#6543,1000.);
#2123=VECTOR('',#6544,1000.);
#2124=VECTOR('',#6545,1000.);
#2125=VECTOR('',#6546,1000.);
#2126=VECTOR('',#6549,1000.);
#2127=VECTOR('',#6554,1000.);
#2128=VECTOR('',#6555,1000.);
#2129=VECTOR('',#6556,1000.);
#2130=VECTOR('',#6557,1000.);
#2131=VECTOR('',#6558,1000.);
#2132=VECTOR('',#6559,1000.);
#2133=VECTOR('',#6560,1000.);
#2134=VECTOR('',#6561,1000.);
#2135=VECTOR('',#6562,1000.);
#2136=VECTOR('',#6563,1000.);
#2137=VECTOR('',#6564,1000.);
#2138=VECTOR('',#6567,1000.);
#2139=VECTOR('',#6568,1000.);
#2140=VECTOR('',#6571,1000.);
#2141=VECTOR('',#6574,1000.);
#2142=VECTOR('',#6577,1000.);
#2143=VECTOR('',#6580,1000.);
#2144=VECTOR('',#6583,1000.);
#2145=VECTOR('',#6586,1000.);
#2146=VECTOR('',#6591,1000.);
#2147=VECTOR('',#6592,1000.);
#2148=VECTOR('',#6593,1000.);
#2149=VECTOR('',#6596,1000.);
#2150=VECTOR('',#6597,1000.);
#2151=VECTOR('',#6600,1000.);
#2152=VECTOR('',#6601,1000.);
#2153=VECTOR('',#6602,1000.);
#2154=VECTOR('',#6607,1000.);
#2155=VECTOR('',#6608,1000.);
#2156=VECTOR('',#6609,1000.);
#2157=VECTOR('',#6612,1000.);
#2158=VECTOR('',#6613,1000.);
#2159=VECTOR('',#6616,1000.);
#2160=VECTOR('',#6617,1000.);
#2161=VECTOR('',#6620,1000.);
#2162=VECTOR('',#6621,1000.);
#2163=VECTOR('',#6622,1000.);
#2164=VECTOR('',#6623,1000.);
#2165=VECTOR('',#6626,1000.);
#2166=VECTOR('',#6627,1000.);
#2167=VECTOR('',#6630,1000.);
#2168=VECTOR('',#6631,1000.);
#2169=VECTOR('',#6634,1000.);
#2170=VECTOR('',#6639,1000.);
#2171=VECTOR('',#6640,1000.);
#2172=VECTOR('',#6641,1000.);
#2173=VECTOR('',#6642,1000.);
#2174=VECTOR('',#6643,1000.);
#2175=VECTOR('',#6644,1000.);
#2176=VECTOR('',#6645,1000.);
#2177=VECTOR('',#6646,1000.);
#2178=VECTOR('',#6647,1000.);
#2179=VECTOR('',#6648,1000.);
#2180=VECTOR('',#6649,1000.);
#2181=VECTOR('',#6652,1000.);
#2182=VECTOR('',#6653,1000.);
#2183=VECTOR('',#6656,1000.);
#2184=VECTOR('',#6659,1000.);
#2185=VECTOR('',#6662,1000.);
#2186=VECTOR('',#6665,1000.);
#2187=VECTOR('',#6668,1000.);
#2188=VECTOR('',#6671,1000.);
#2189=VECTOR('',#6676,1000.);
#2190=VECTOR('',#6677,1000.);
#2191=VECTOR('',#6678,1000.);
#2192=VECTOR('',#6681,1000.);
#2193=VECTOR('',#6682,1000.);
#2194=VECTOR('',#6685,1000.);
#2195=VECTOR('',#6686,1000.);
#2196=VECTOR('',#6687,1000.);
#2197=VECTOR('',#6690,1000.);
#2198=VECTOR('',#6691,1000.);
#2199=VECTOR('',#6692,1000.);
#2200=VECTOR('',#6693,1000.);
#2201=VECTOR('',#6694,1000.);
#2202=VECTOR('',#6697,1000.);
#2203=VECTOR('',#6698,1000.);
#2204=VECTOR('',#6699,1000.);
#2205=VECTOR('',#6700,1000.);
#2206=VECTOR('',#6701,1000.);
#2207=VECTOR('',#6702,1000.);
#2208=VECTOR('',#6705,1000.);
#2209=VECTOR('',#6714,1000.);
#2210=VECTOR('',#6715,1000.);
#2211=VECTOR('',#6716,1000.);
#2212=VECTOR('',#6717,1000.);
#2213=VECTOR('',#6724,1000.);
#2214=VECTOR('',#6725,1000.);
#2215=VECTOR('',#6728,1000.);
#2216=VECTOR('',#6729,1000.);
#2217=VECTOR('',#6730,1000.);
#2218=VECTOR('',#6737,1000.);
#2219=VECTOR('',#6742,1000.);
#2220=VECTOR('',#6751,1000.);
#2221=VECTOR('',#6754,1000.);
#2222=VECTOR('',#6757,1000.);
#2223=VECTOR('',#6758,1000.);
#2224=VECTOR('',#6759,1000.);
#2225=VECTOR('',#6760,1000.);
#2226=VECTOR('',#6763,1000.);
#2227=VECTOR('',#6766,1000.);
#2228=VECTOR('',#6769,1000.);
#2229=VECTOR('',#6776,1000.);
#2230=VECTOR('',#6781,1000.);
#2231=VECTOR('',#6782,1000.);
#2232=VECTOR('',#6783,1000.);
#2233=VECTOR('',#6788,1000.);
#2234=VECTOR('',#6793,1000.);
#2235=VECTOR('',#6794,1000.);
#2236=VECTOR('',#6795,1000.);
#2237=VECTOR('',#6798,1000.);
#2238=VECTOR('',#6801,1000.);
#2239=VECTOR('',#6804,1000.);
#2240=VECTOR('',#6807,1000.);
#2241=VECTOR('',#6812,1000.);
#2242=VECTOR('',#6817,1000.);
#2243=VECTOR('',#6818,1000.);
#2244=VECTOR('',#6819,1000.);
#2245=VECTOR('',#6822,1000.);
#2246=VECTOR('',#6823,1000.);
#2247=VECTOR('',#6824,1000.);
#2248=VECTOR('',#6827,1000.);
#2249=VECTOR('',#6828,1000.);
#2250=VECTOR('',#6835,1000.);
#2251=VECTOR('',#6836,1000.);
#2252=VECTOR('',#6839,1000.);
#2253=VECTOR('',#6842,1000.);
#2254=VECTOR('',#6845,1000.);
#2255=VECTOR('',#6848,1000.);
#2256=VECTOR('',#6851,1000.);
#2257=VECTOR('',#6854,1000.);
#2258=CIRCLE('',#5454,0.249999999999999);
#2259=CIRCLE('',#5455,0.249999999999999);
#2260=CIRCLE('',#5458,0.249999999999999);
#2261=CIRCLE('',#5460,0.249999999999999);
#2262=CIRCLE('',#5462,0.249999999999999);
#2263=CIRCLE('',#5463,0.249999999999999);
#2264=CIRCLE('',#5466,0.249999999999999);
#2265=CIRCLE('',#5468,0.249999999999999);
#2266=CIRCLE('',#5470,0.249999999999999);
#2267=CIRCLE('',#5471,0.249999999999999);
#2268=CIRCLE('',#5474,0.249999999999999);
#2269=CIRCLE('',#5476,0.249999999999999);
#2270=CIRCLE('',#5484,0.5);
#2271=CIRCLE('',#5485,0.5);
#2272=CIRCLE('',#5487,0.5);
#2273=CIRCLE('',#5488,0.5);
#2274=CIRCLE('',#5490,1.1);
#2275=CIRCLE('',#5491,1.1);
#2276=CIRCLE('',#5493,1.1);
#2277=CIRCLE('',#5494,1.1);
#2278=CIRCLE('',#5675,0.7);
#2279=CIRCLE('',#5676,0.7);
#2280=CIRCLE('',#5679,0.7);
#2281=CIRCLE('',#5680,0.7);
#2282=CIRCLE('',#5686,0.0999999999999998);
#2283=CIRCLE('',#5687,0.0999999999999998);
#2284=CIRCLE('',#5689,0.299999999999999);
#2285=CIRCLE('',#5690,0.299999999999999);
#2286=CIRCLE('',#5691,0.3);
#2287=CIRCLE('',#5692,0.3);
#2288=CIRCLE('',#5694,0.0499999999999997);
#2289=CIRCLE('',#5695,0.0499999999999997);
#2290=CIRCLE('',#5698,0.0499999999999997);
#2291=CIRCLE('',#5699,0.0499999999999997);
#2292=CIRCLE('',#5701,0.299999999999999);
#2293=CIRCLE('',#5702,0.3);
#2294=CIRCLE('',#5703,0.3);
#2295=CIRCLE('',#5704,0.299999999999999);
#2296=CIRCLE('',#5706,0.0999999999999998);
#2297=CIRCLE('',#5707,0.0999999999999998);
#2298=VERTEX_POINT('',#6868);
#2299=VERTEX_POINT('',#6869);
#2300=VERTEX_POINT('',#6871);
#2301=VERTEX_POINT('',#6873);
#2302=VERTEX_POINT('',#6877);
#2303=VERTEX_POINT('',#6879);
#2304=VERTEX_POINT('',#6883);
#2305=VERTEX_POINT('',#6885);
#2306=VERTEX_POINT('',#6887);
#2307=VERTEX_POINT('',#6889);
#2308=VERTEX_POINT('',#6893);
#2309=VERTEX_POINT('',#6897);
#2310=VERTEX_POINT('',#6898);
#2311=VERTEX_POINT('',#6900);
#2312=VERTEX_POINT('',#6902);
#2313=VERTEX_POINT('',#6906);
#2314=VERTEX_POINT('',#6908);
#2315=VERTEX_POINT('',#6912);
#2316=VERTEX_POINT('',#6914);
#2317=VERTEX_POINT('',#6916);
#2318=VERTEX_POINT('',#6920);
#2319=VERTEX_POINT('',#6924);
#2320=VERTEX_POINT('',#6925);
#2321=VERTEX_POINT('',#6927);
#2322=VERTEX_POINT('',#6929);
#2323=VERTEX_POINT('',#6933);
#2324=VERTEX_POINT('',#6935);
#2325=VERTEX_POINT('',#6939);
#2326=VERTEX_POINT('',#6941);
#2327=VERTEX_POINT('',#6943);
#2328=VERTEX_POINT('',#6945);
#2329=VERTEX_POINT('',#6949);
#2330=VERTEX_POINT('',#6953);
#2331=VERTEX_POINT('',#6957);
#2332=VERTEX_POINT('',#6961);
#2333=VERTEX_POINT('',#6965);
#2334=VERTEX_POINT('',#6969);
#2335=VERTEX_POINT('',#6973);
#2336=VERTEX_POINT('',#6977);
#2337=VERTEX_POINT('',#6979);
#2338=VERTEX_POINT('',#6983);
#2339=VERTEX_POINT('',#6985);
#2340=VERTEX_POINT('',#6989);
#2341=VERTEX_POINT('',#6991);
#2342=VERTEX_POINT('',#6995);
#2343=VERTEX_POINT('',#6997);
#2344=VERTEX_POINT('',#7001);
#2345=VERTEX_POINT('',#7002);
#2346=VERTEX_POINT('',#7004);
#2347=VERTEX_POINT('',#7006);
#2348=VERTEX_POINT('',#7011);
#2349=VERTEX_POINT('',#7013);
#2350=VERTEX_POINT('',#7015);
#2351=VERTEX_POINT('',#7017);
#2352=VERTEX_POINT('',#7019);
#2353=VERTEX_POINT('',#7024);
#2354=VERTEX_POINT('',#7026);
#2355=VERTEX_POINT('',#7030);
#2356=VERTEX_POINT('',#7032);
#2357=VERTEX_POINT('',#7034);
#2358=VERTEX_POINT('',#7036);
#2359=VERTEX_POINT('',#7038);
#2360=VERTEX_POINT('',#7043);
#2361=VERTEX_POINT('',#7045);
#2362=VERTEX_POINT('',#7049);
#2363=VERTEX_POINT('',#7050);
#2364=VERTEX_POINT('',#7052);
#2365=VERTEX_POINT('',#7054);
#2366=VERTEX_POINT('',#7056);
#2367=VERTEX_POINT('',#7058);
#2368=VERTEX_POINT('',#7060);
#2369=VERTEX_POINT('',#7062);
#2370=VERTEX_POINT('',#7064);
#2371=VERTEX_POINT('',#7066);
#2372=VERTEX_POINT('',#7068);
#2373=VERTEX_POINT('',#7070);
#2374=VERTEX_POINT('',#7080);
#2375=VERTEX_POINT('',#7081);
#2376=VERTEX_POINT('',#7084);
#2377=VERTEX_POINT('',#7087);
#2378=VERTEX_POINT('',#7092);
#2379=VERTEX_POINT('',#7098);
#2380=VERTEX_POINT('',#7104);
#2381=VERTEX_POINT('',#7108);
#2382=VERTEX_POINT('',#7114);
#2383=VERTEX_POINT('',#7115);
#2384=VERTEX_POINT('',#7117);
#2385=VERTEX_POINT('',#7119);
#2386=VERTEX_POINT('',#7123);
#2387=VERTEX_POINT('',#7125);
#2388=VERTEX_POINT('',#7129);
#2389=VERTEX_POINT('',#7133);
#2390=VERTEX_POINT('',#7139);
#2391=VERTEX_POINT('',#7141);
#2392=VERTEX_POINT('',#7144);
#2393=VERTEX_POINT('',#7145);
#2394=VERTEX_POINT('',#7147);
#2395=VERTEX_POINT('',#7149);
#2396=VERTEX_POINT('',#7153);
#2397=VERTEX_POINT('',#7157);
#2398=VERTEX_POINT('',#7163);
#2399=VERTEX_POINT('',#7164);
#2400=VERTEX_POINT('',#7169);
#2401=VERTEX_POINT('',#7171);
#2402=VERTEX_POINT('',#7184);
#2403=VERTEX_POINT('',#7185);
#2404=VERTEX_POINT('',#7187);
#2405=VERTEX_POINT('',#7189);
#2406=VERTEX_POINT('',#7193);
#2407=VERTEX_POINT('',#7195);
#2408=VERTEX_POINT('',#7199);
#2409=VERTEX_POINT('',#7201);
#2410=VERTEX_POINT('',#7213);
#2411=VERTEX_POINT('',#7214);
#2412=VERTEX_POINT('',#7216);
#2413=VERTEX_POINT('',#7218);
#2414=VERTEX_POINT('',#7220);
#2415=VERTEX_POINT('',#7222);
#2416=VERTEX_POINT('',#7224);
#2417=VERTEX_POINT('',#7226);
#2418=VERTEX_POINT('',#7229);
#2419=VERTEX_POINT('',#7230);
#2420=VERTEX_POINT('',#7232);
#2421=VERTEX_POINT('',#7234);
#2422=VERTEX_POINT('',#7237);
#2423=VERTEX_POINT('',#7238);
#2424=VERTEX_POINT('',#7266);
#2425=VERTEX_POINT('',#7294);
#2426=VERTEX_POINT('',#7341);
#2427=VERTEX_POINT('',#7342);
#2428=VERTEX_POINT('',#7344);
#2429=VERTEX_POINT('',#7346);
#2430=VERTEX_POINT('',#7348);
#2431=VERTEX_POINT('',#7350);
#2432=VERTEX_POINT('',#7352);
#2433=VERTEX_POINT('',#7354);
#2434=VERTEX_POINT('',#7356);
#2435=VERTEX_POINT('',#7358);
#2436=VERTEX_POINT('',#7361);
#2437=VERTEX_POINT('',#7362);
#2438=VERTEX_POINT('',#7386);
#2439=VERTEX_POINT('',#7406);
#2440=VERTEX_POINT('',#7408);
#2441=VERTEX_POINT('',#7428);
#2442=VERTEX_POINT('',#7456);
#2443=VERTEX_POINT('',#7484);
#2444=VERTEX_POINT('',#7504);
#2445=VERTEX_POINT('',#7506);
#2446=VERTEX_POINT('',#7549);
#2447=VERTEX_POINT('',#7550);
#2448=VERTEX_POINT('',#7552);
#2449=VERTEX_POINT('',#7554);
#2450=VERTEX_POINT('',#7556);
#2451=VERTEX_POINT('',#7558);
#2452=VERTEX_POINT('',#7570);
#2453=VERTEX_POINT('',#7583);
#2454=VERTEX_POINT('',#7584);
#2455=VERTEX_POINT('',#7586);
#2456=VERTEX_POINT('',#7588);
#2457=VERTEX_POINT('',#7590);
#2458=VERTEX_POINT('',#7592);
#2459=VERTEX_POINT('',#7594);
#2460=VERTEX_POINT('',#7596);
#2461=VERTEX_POINT('',#7599);
#2462=VERTEX_POINT('',#7600);
#2463=VERTEX_POINT('',#7602);
#2464=VERTEX_POINT('',#7604);
#2465=VERTEX_POINT('',#7606);
#2466=VERTEX_POINT('',#7608);
#2467=VERTEX_POINT('',#7610);
#2468=VERTEX_POINT('',#7618);
#2469=VERTEX_POINT('',#7624);
#2470=VERTEX_POINT('',#7627);
#2471=VERTEX_POINT('',#7628);
#2472=VERTEX_POINT('',#7652);
#2473=VERTEX_POINT('',#7672);
#2474=VERTEX_POINT('',#7674);
#2475=VERTEX_POINT('',#7694);
#2476=VERTEX_POINT('',#7722);
#2477=VERTEX_POINT('',#7750);
#2478=VERTEX_POINT('',#7770);
#2479=VERTEX_POINT('',#7772);
#2480=VERTEX_POINT('',#7815);
#2481=VERTEX_POINT('',#7816);
#2482=VERTEX_POINT('',#7818);
#2483=VERTEX_POINT('',#7820);
#2484=VERTEX_POINT('',#7822);
#2485=VERTEX_POINT('',#7824);
#2486=VERTEX_POINT('',#7826);
#2487=VERTEX_POINT('',#7828);
#2488=VERTEX_POINT('',#7831);
#2489=VERTEX_POINT('',#7832);
#2490=VERTEX_POINT('',#7844);
#2491=VERTEX_POINT('',#7864);
#2492=VERTEX_POINT('',#7866);
#2493=VERTEX_POINT('',#7886);
#2494=VERTEX_POINT('',#7906);
#2495=VERTEX_POINT('',#7926);
#2496=VERTEX_POINT('',#7938);
#2497=VERTEX_POINT('',#7940);
#2498=VERTEX_POINT('',#7942);
#2499=VERTEX_POINT('',#7944);
#2500=VERTEX_POINT('',#7946);
#2501=VERTEX_POINT('',#7948);
#2502=VERTEX_POINT('',#7950);
#2503=VERTEX_POINT('',#7962);
#2504=VERTEX_POINT('',#7993);
#2505=VERTEX_POINT('',#7994);
#2506=VERTEX_POINT('',#8008);
#2507=VERTEX_POINT('',#8010);
#2508=VERTEX_POINT('',#8012);
#2509=VERTEX_POINT('',#8014);
#2510=VERTEX_POINT('',#8022);
#2511=VERTEX_POINT('',#8038);
#2512=VERTEX_POINT('',#8058);
#2513=VERTEX_POINT('',#8078);
#2514=VERTEX_POINT('',#8098);
#2515=VERTEX_POINT('',#8100);
#2516=VERTEX_POINT('',#8120);
#2517=VERTEX_POINT('',#8159);
#2518=VERTEX_POINT('',#8160);
#2519=VERTEX_POINT('',#8162);
#2520=VERTEX_POINT('',#8164);
#2521=VERTEX_POINT('',#8166);
#2522=VERTEX_POINT('',#8168);
#2523=VERTEX_POINT('',#8180);
#2524=VERTEX_POINT('',#8193);
#2525=VERTEX_POINT('',#8194);
#2526=VERTEX_POINT('',#8196);
#2527=VERTEX_POINT('',#8198);
#2528=VERTEX_POINT('',#8200);
#2529=VERTEX_POINT('',#8202);
#2530=VERTEX_POINT('',#8204);
#2531=VERTEX_POINT('',#8206);
#2532=VERTEX_POINT('',#8209);
#2533=VERTEX_POINT('',#8210);
#2534=VERTEX_POINT('',#8212);
#2535=VERTEX_POINT('',#8214);
#2536=VERTEX_POINT('',#8216);
#2537=VERTEX_POINT('',#8218);
#2538=VERTEX_POINT('',#8220);
#2539=VERTEX_POINT('',#8222);
#2540=VERTEX_POINT('',#8224);
#2541=VERTEX_POINT('',#8226);
#2542=VERTEX_POINT('',#8229);
#2543=VERTEX_POINT('',#8230);
#2544=VERTEX_POINT('',#8254);
#2545=VERTEX_POINT('',#8274);
#2546=VERTEX_POINT('',#8276);
#2547=VERTEX_POINT('',#8296);
#2548=VERTEX_POINT('',#8324);
#2549=VERTEX_POINT('',#8352);
#2550=VERTEX_POINT('',#8372);
#2551=VERTEX_POINT('',#8374);
#2552=VERTEX_POINT('',#8418);
#2553=VERTEX_POINT('',#8420);
#2554=VERTEX_POINT('',#8424);
#2555=VERTEX_POINT('',#8425);
#2556=VERTEX_POINT('',#8430);
#2557=VERTEX_POINT('',#8434);
#2558=VERTEX_POINT('',#8437);
#2559=VERTEX_POINT('',#8438);
#2560=VERTEX_POINT('',#8440);
#2561=VERTEX_POINT('',#8442);
#2562=VERTEX_POINT('',#8445);
#2563=VERTEX_POINT('',#8446);
#2564=VERTEX_POINT('',#8448);
#2565=VERTEX_POINT('',#8450);
#2566=VERTEX_POINT('',#8453);
#2567=VERTEX_POINT('',#8454);
#2568=VERTEX_POINT('',#8456);
#2569=VERTEX_POINT('',#8458);
#2570=VERTEX_POINT('',#8464);
#2571=VERTEX_POINT('',#8466);
#2572=VERTEX_POINT('',#8469);
#2573=VERTEX_POINT('',#8470);
#2574=VERTEX_POINT('',#8472);
#2575=VERTEX_POINT('',#8474);
#2576=VERTEX_POINT('',#8491);
#2577=VERTEX_POINT('',#8493);
#2578=VERTEX_POINT('',#8497);
#2579=VERTEX_POINT('',#8501);
#2580=VERTEX_POINT('',#8507);
#2581=VERTEX_POINT('',#8509);
#2582=VERTEX_POINT('',#8513);
#2583=VERTEX_POINT('',#8517);
#2584=VERTEX_POINT('',#8524);
#2585=VERTEX_POINT('',#8526);
#2586=VERTEX_POINT('',#8530);
#2587=VERTEX_POINT('',#8534);
#2588=VERTEX_POINT('',#8578);
#2589=VERTEX_POINT('',#8580);
#2590=VERTEX_POINT('',#8647);
#2591=VERTEX_POINT('',#8718);
#2592=VERTEX_POINT('',#8781);
#2593=VERTEX_POINT('',#8803);
#2594=VERTEX_POINT('',#8844);
#2595=VERTEX_POINT('',#8919);
#2596=VERTEX_POINT('',#9002);
#2597=VERTEX_POINT('',#9069);
#2598=VERTEX_POINT('',#9094);
#2599=VERTEX_POINT('',#9096);
#2600=VERTEX_POINT('',#9100);
#2601=VERTEX_POINT('',#9104);
#2602=VERTEX_POINT('',#9108);
#2603=VERTEX_POINT('',#9112);
#2604=VERTEX_POINT('',#9116);
#2605=VERTEX_POINT('',#9120);
#2606=VERTEX_POINT('',#9124);
#2607=VERTEX_POINT('',#9128);
#2608=VERTEX_POINT('',#9135);
#2609=VERTEX_POINT('',#9136);
#2610=VERTEX_POINT('',#9164);
#2611=VERTEX_POINT('',#9192);
#2612=VERTEX_POINT('',#9239);
#2613=VERTEX_POINT('',#9240);
#2614=VERTEX_POINT('',#9260);
#2615=VERTEX_POINT('',#9280);
#2616=VERTEX_POINT('',#9569);
#2617=VERTEX_POINT('',#9570);
#2618=VERTEX_POINT('',#9630);
#2619=VERTEX_POINT('',#9689);
#2620=VERTEX_POINT('',#9793);
#2621=VERTEX_POINT('',#9795);
#2622=VERTEX_POINT('',#9799);
#2623=VERTEX_POINT('',#9803);
#2624=VERTEX_POINT('',#9807);
#2625=VERTEX_POINT('',#9811);
#2626=VERTEX_POINT('',#9815);
#2627=VERTEX_POINT('',#9819);
#2628=VERTEX_POINT('',#9823);
#2629=VERTEX_POINT('',#9827);
#2630=VERTEX_POINT('',#9871);
#2631=VERTEX_POINT('',#9873);
#2632=VERTEX_POINT('',#9940);
#2633=VERTEX_POINT('',#10011);
#2634=VERTEX_POINT('',#10074);
#2635=VERTEX_POINT('',#10096);
#2636=VERTEX_POINT('',#10137);
#2637=VERTEX_POINT('',#10212);
#2638=VERTEX_POINT('',#10295);
#2639=VERTEX_POINT('',#10362);
#2640=VERTEX_POINT('',#10387);
#2641=VERTEX_POINT('',#10389);
#2642=VERTEX_POINT('',#10393);
#2643=VERTEX_POINT('',#10418);
#2644=VERTEX_POINT('',#10432);
#2645=VERTEX_POINT('',#10457);
#2646=VERTEX_POINT('',#10471);
#2647=VERTEX_POINT('',#10478);
#2648=VERTEX_POINT('',#10479);
#2649=VERTEX_POINT('',#10481);
#2650=VERTEX_POINT('',#10483);
#2651=VERTEX_POINT('',#10485);
#2652=VERTEX_POINT('',#10487);
#2653=VERTEX_POINT('',#10489);
#2654=VERTEX_POINT('',#10491);
#2655=VERTEX_POINT('',#10494);
#2656=VERTEX_POINT('',#10495);
#2657=VERTEX_POINT('',#10497);
#2658=VERTEX_POINT('',#10505);
#2659=VERTEX_POINT('',#10517);
#2660=VERTEX_POINT('',#10537);
#2661=VERTEX_POINT('',#10538);
#2662=VERTEX_POINT('',#10543);
#2663=VERTEX_POINT('',#10547);
#2664=VERTEX_POINT('',#10572);
#2665=VERTEX_POINT('',#10608);
#2666=VERTEX_POINT('',#10610);
#2667=VERTEX_POINT('',#10614);
#2668=VERTEX_POINT('',#10639);
#2669=VERTEX_POINT('',#10653);
#2670=VERTEX_POINT('',#10678);
#2671=VERTEX_POINT('',#10692);
#2672=VERTEX_POINT('',#10699);
#2673=VERTEX_POINT('',#10701);
#2674=VERTEX_POINT('',#10730);
#2675=VERTEX_POINT('',#10783);
#2676=VERTEX_POINT('',#10842);
#2677=VERTEX_POINT('',#10901);
#2678=VERTEX_POINT('',#10923);
#2679=VERTEX_POINT('',#10964);
#2680=VERTEX_POINT('',#11023);
#2681=VERTEX_POINT('',#11082);
#2682=VERTEX_POINT('',#11133);
#2683=VERTEX_POINT('',#11164);
#2684=VERTEX_POINT('',#11174);
#2685=VERTEX_POINT('',#11218);
#2686=VERTEX_POINT('',#11220);
#2687=VERTEX_POINT('',#11263);
#2688=VERTEX_POINT('',#11298);
#2689=VERTEX_POINT('',#11349);
#2690=VERTEX_POINT('',#11392);
#2691=VERTEX_POINT('',#11406);
#2692=VERTEX_POINT('',#11410);
#2693=VERTEX_POINT('',#11414);
#2694=VERTEX_POINT('',#11418);
#2695=VERTEX_POINT('',#11422);
#2696=VERTEX_POINT('',#11426);
#2697=VERTEX_POINT('',#11451);
#2698=VERTEX_POINT('',#11502);
#2699=VERTEX_POINT('',#11561);
#2700=VERTEX_POINT('',#11620);
#2701=VERTEX_POINT('',#11645);
#2702=VERTEX_POINT('',#11646);
#2703=VERTEX_POINT('',#11648);
#2704=VERTEX_POINT('',#11650);
#2705=VERTEX_POINT('',#11652);
#2706=VERTEX_POINT('',#11654);
#2707=VERTEX_POINT('',#11656);
#2708=VERTEX_POINT('',#11658);
#2709=VERTEX_POINT('',#11661);
#2710=VERTEX_POINT('',#11662);
#2711=VERTEX_POINT('',#11664);
#2712=VERTEX_POINT('',#11672);
#2713=VERTEX_POINT('',#11684);
#2714=VERTEX_POINT('',#11704);
#2715=VERTEX_POINT('',#11705);
#2716=VERTEX_POINT('',#11710);
#2717=VERTEX_POINT('',#11714);
#2718=VERTEX_POINT('',#11739);
#2719=VERTEX_POINT('',#11775);
#2720=VERTEX_POINT('',#11777);
#2721=VERTEX_POINT('',#11781);
#2722=VERTEX_POINT('',#11785);
#2723=VERTEX_POINT('',#11789);
#2724=VERTEX_POINT('',#11802);
#2725=VERTEX_POINT('',#11823);
#2726=VERTEX_POINT('',#11833);
#2727=VERTEX_POINT('',#11837);
#2728=VERTEX_POINT('',#11844);
#2729=VERTEX_POINT('',#11845);
#2730=VERTEX_POINT('',#11847);
#2731=VERTEX_POINT('',#11849);
#2732=VERTEX_POINT('',#11851);
#2733=VERTEX_POINT('',#11853);
#2734=VERTEX_POINT('',#11855);
#2735=VERTEX_POINT('',#11857);
#2736=VERTEX_POINT('',#11860);
#2737=VERTEX_POINT('',#11861);
#2738=VERTEX_POINT('',#11863);
#2739=VERTEX_POINT('',#11871);
#2740=VERTEX_POINT('',#11883);
#2741=VERTEX_POINT('',#11903);
#2742=VERTEX_POINT('',#11904);
#2743=VERTEX_POINT('',#11909);
#2744=VERTEX_POINT('',#11913);
#2745=VERTEX_POINT('',#11938);
#2746=VERTEX_POINT('',#12011);
#2747=VERTEX_POINT('',#12013);
#2748=VERTEX_POINT('',#12080);
#2749=VERTEX_POINT('',#12151);
#2750=VERTEX_POINT('',#12214);
#2751=VERTEX_POINT('',#12236);
#2752=VERTEX_POINT('',#12277);
#2753=VERTEX_POINT('',#12352);
#2754=VERTEX_POINT('',#12435);
#2755=VERTEX_POINT('',#12502);
#2756=VERTEX_POINT('',#12529);
#2757=VERTEX_POINT('',#12530);
#2758=VERTEX_POINT('',#12532);
#2759=VERTEX_POINT('',#12534);
#2760=VERTEX_POINT('',#12538);
#2761=VERTEX_POINT('',#12539);
#2762=VERTEX_POINT('',#12542);
#2763=VERTEX_POINT('',#12546);
#2764=VERTEX_POINT('',#12547);
#2765=VERTEX_POINT('',#12552);
#2766=VERTEX_POINT('',#12562);
#2767=VERTEX_POINT('',#12563);
#2768=VERTEX_POINT('',#12565);
#2769=VERTEX_POINT('',#12567);
#2770=VERTEX_POINT('',#12571);
#2771=VERTEX_POINT('',#12573);
#2772=VERTEX_POINT('',#12576);
#2773=VERTEX_POINT('',#12577);
#2774=VERTEX_POINT('',#12579);
#2775=VERTEX_POINT('',#12581);
#2776=VERTEX_POINT('',#12583);
#2777=VERTEX_POINT('',#12585);
#2778=VERTEX_POINT('',#12587);
#2779=VERTEX_POINT('',#12589);
#2780=VERTEX_POINT('',#12593);
#2781=VERTEX_POINT('',#12595);
#2782=VERTEX_POINT('',#12599);
#2783=VERTEX_POINT('',#12601);
#2784=VERTEX_POINT('',#12605);
#2785=VERTEX_POINT('',#12607);
#2786=VERTEX_POINT('',#12611);
#2787=VERTEX_POINT('',#12613);
#2788=VERTEX_POINT('',#12616);
#2789=VERTEX_POINT('',#12617);
#2790=VERTEX_POINT('',#12619);
#2791=VERTEX_POINT('',#12621);
#2792=VERTEX_POINT('',#12623);
#2793=VERTEX_POINT('',#12625);
#2794=VERTEX_POINT('',#12627);
#2795=VERTEX_POINT('',#12629);
#2796=VERTEX_POINT('',#12633);
#2797=VERTEX_POINT('',#12635);
#2798=VERTEX_POINT('',#12639);
#2799=VERTEX_POINT('',#12641);
#2800=VERTEX_POINT('',#12645);
#2801=VERTEX_POINT('',#12647);
#2802=EDGE_CURVE('',#2298,#2299,#2258,.T.);
#2803=EDGE_CURVE('',#2299,#2300,#1074,.T.);
#2804=EDGE_CURVE('',#2300,#2301,#2259,.T.);
#2805=EDGE_CURVE('',#2301,#2298,#1075,.T.);
#2806=EDGE_CURVE('',#2299,#2302,#1076,.T.);
#2807=EDGE_CURVE('',#2303,#2302,#1077,.T.);
#2808=EDGE_CURVE('',#2303,#2300,#1078,.T.);
#2809=EDGE_CURVE('',#2298,#2304,#1079,.T.);
#2810=EDGE_CURVE('',#2304,#2305,#1080,.T.);
#2811=EDGE_CURVE('',#2306,#2305,#1081,.T.);
#2812=EDGE_CURVE('',#2307,#2306,#1082,.T.);
#2813=EDGE_CURVE('',#2302,#2307,#2260,.T.);
#2814=EDGE_CURVE('',#2308,#2303,#2261,.T.);
#2815=EDGE_CURVE('',#2307,#2308,#1083,.T.);
#2816=EDGE_CURVE('',#2309,#2310,#2262,.T.);
#2817=EDGE_CURVE('',#2310,#2311,#1084,.T.);
#2818=EDGE_CURVE('',#2311,#2312,#2263,.T.);
#2819=EDGE_CURVE('',#2312,#2309,#1085,.T.);
#2820=EDGE_CURVE('',#2310,#2313,#1086,.T.);
#2821=EDGE_CURVE('',#2314,#2313,#1087,.T.);
#2822=EDGE_CURVE('',#2314,#2311,#1088,.T.);
#2823=EDGE_CURVE('',#2309,#2315,#1089,.T.);
#2824=EDGE_CURVE('',#2315,#2316,#1090,.T.);
#2825=EDGE_CURVE('',#2317,#2316,#1091,.T.);
#2826=EDGE_CURVE('',#2313,#2317,#2264,.T.);
#2827=EDGE_CURVE('',#2318,#2314,#2265,.T.);
#2828=EDGE_CURVE('',#2317,#2318,#1092,.T.);
#2829=EDGE_CURVE('',#2319,#2320,#2266,.T.);
#2830=EDGE_CURVE('',#2320,#2321,#1093,.T.);
#2831=EDGE_CURVE('',#2321,#2322,#2267,.T.);
#2832=EDGE_CURVE('',#2322,#2319,#1094,.T.);
#2833=EDGE_CURVE('',#2320,#2323,#1095,.T.);
#2834=EDGE_CURVE('',#2324,#2323,#1096,.T.);
#2835=EDGE_CURVE('',#2324,#2321,#1097,.T.);
#2836=EDGE_CURVE('',#2319,#2325,#1098,.T.);
#2837=EDGE_CURVE('',#2326,#2325,#1099,.T.);
#2838=EDGE_CURVE('',#2326,#2327,#1100,.T.);
#2839=EDGE_CURVE('',#2328,#2327,#1101,.T.);
#2840=EDGE_CURVE('',#2323,#2328,#2268,.T.);
#2841=EDGE_CURVE('',#2329,#2324,#2269,.T.);
#2842=EDGE_CURVE('',#2328,#2329,#1102,.T.);
#2843=EDGE_CURVE('',#2322,#2330,#1103,.T.);
#2844=EDGE_CURVE('',#2325,#2330,#1104,.T.);
#2845=EDGE_CURVE('',#2312,#2331,#1105,.T.);
#2846=EDGE_CURVE('',#2331,#2315,#1106,.T.);
#2847=EDGE_CURVE('',#2301,#2332,#1107,.T.);
#2848=EDGE_CURVE('',#2332,#2304,#1108,.T.);
#2849=EDGE_CURVE('',#2327,#2333,#1109,.T.);
#2850=EDGE_CURVE('',#2329,#2333,#1110,.T.);
#2851=EDGE_CURVE('',#2316,#2334,#1111,.T.);
#2852=EDGE_CURVE('',#2318,#2334,#1112,.T.);
#2853=EDGE_CURVE('',#2335,#2306,#1113,.T.);
#2854=EDGE_CURVE('',#2308,#2335,#1114,.T.);
#2855=EDGE_CURVE('',#2336,#2336,#2270,.T.);
#2856=EDGE_CURVE('',#2336,#2337,#1115,.T.);
#2857=EDGE_CURVE('',#2337,#2337,#2271,.T.);
#2858=EDGE_CURVE('',#2338,#2338,#2272,.T.);
#2859=EDGE_CURVE('',#2338,#2339,#1116,.T.);
#2860=EDGE_CURVE('',#2339,#2339,#2273,.T.);
#2861=EDGE_CURVE('',#2340,#2340,#2274,.T.);
#2862=EDGE_CURVE('',#2340,#2341,#1117,.T.);
#2863=EDGE_CURVE('',#2341,#2341,#2275,.T.);
#2864=EDGE_CURVE('',#2342,#2342,#2276,.T.);
#2865=EDGE_CURVE('',#2342,#2343,#1118,.T.);
#2866=EDGE_CURVE('',#2343,#2343,#2277,.T.);
#2867=EDGE_CURVE('',#2344,#2345,#1119,.T.);
#2868=EDGE_CURVE('',#2345,#2346,#1120,.T.);
#2869=EDGE_CURVE('',#2347,#2346,#1121,.T.);
#2870=EDGE_CURVE('',#2344,#2347,#1122,.T.);
#2871=EDGE_CURVE('',#2334,#2331,#1123,.T.);
#2872=EDGE_CURVE('',#2348,#2332,#1124,.T.);
#2873=EDGE_CURVE('',#2349,#2348,#1125,.T.);
#2874=EDGE_CURVE('',#2349,#2350,#1126,.T.);
#2875=EDGE_CURVE('',#2351,#2350,#1127,.T.);
#2876=EDGE_CURVE('',#2352,#2351,#1128,.T.);
#2877=EDGE_CURVE('',#2305,#2352,#1129,.T.);
#2878=EDGE_CURVE('',#2348,#2335,#1130,.T.);
#2879=EDGE_CURVE('',#2353,#2352,#1131,.T.);
#2880=EDGE_CURVE('',#2354,#2353,#1132,.T.);
#2881=EDGE_CURVE('',#2354,#2349,#1133,.T.);
#2882=EDGE_CURVE('',#2326,#2355,#1134,.T.);
#2883=EDGE_CURVE('',#2356,#2355,#1135,.T.);
#2884=EDGE_CURVE('',#2356,#2357,#1136,.T.);
#2885=EDGE_CURVE('',#2357,#2358,#1137,.T.);
#2886=EDGE_CURVE('',#2358,#2359,#1138,.T.);
#2887=EDGE_CURVE('',#2333,#2359,#1139,.T.);
#2888=EDGE_CURVE('',#2330,#2359,#1140,.T.);
#2889=EDGE_CURVE('',#2358,#2360,#1141,.T.);
#2890=EDGE_CURVE('',#2360,#2361,#1142,.T.);
#2891=EDGE_CURVE('',#2355,#2361,#1143,.T.);
#2892=EDGE_CURVE('',#2362,#2363,#1144,.T.);
#2893=EDGE_CURVE('',#2363,#2364,#1145,.T.);
#2894=EDGE_CURVE('',#2365,#2364,#1146,.T.);
#2895=EDGE_CURVE('',#2366,#2365,#1147,.T.);
#2896=EDGE_CURVE('',#2367,#2366,#1148,.T.);
#2897=EDGE_CURVE('',#2368,#2367,#1149,.T.);
#2898=EDGE_CURVE('',#2368,#2369,#1150,.T.);
#2899=EDGE_CURVE('',#2370,#2369,#1151,.T.);
#2900=EDGE_CURVE('',#2370,#2371,#1152,.T.);
#2901=EDGE_CURVE('',#2371,#2372,#1153,.T.);
#2902=EDGE_CURVE('',#2373,#2372,#1154,.T.);
#2903=EDGE_CURVE('',#2373,#2362,#1155,.T.);
#2904=EDGE_CURVE('',#2350,#2371,#1156,.T.);
#2905=EDGE_CURVE('',#2351,#2370,#1157,.T.);
#2906=EDGE_CURVE('',#2364,#2357,#1158,.T.);
#2907=EDGE_CURVE('',#2365,#2356,#1159,.T.);
#2908=EDGE_CURVE('',#2374,#2375,#1160,.T.);
#2909=EDGE_CURVE('',#2366,#2374,#1161,.T.);
#2910=EDGE_CURVE('',#2361,#2376,#1162,.T.);
#2911=EDGE_CURVE('',#2376,#2347,#1163,.T.);
#2912=EDGE_CURVE('',#2346,#2377,#1164,.T.);
#2913=EDGE_CURVE('',#2377,#2353,#1165,.T.);
#2914=EDGE_CURVE('',#2375,#2369,#1166,.T.);
#2915=EDGE_CURVE('',#2360,#2378,#1167,.T.);
#2916=EDGE_CURVE('',#2378,#2376,#1168,.T.);
#2917=EDGE_CURVE('',#2378,#2344,#1169,.T.);
#2918=EDGE_CURVE('',#2345,#2379,#1170,.T.);
#2919=EDGE_CURVE('',#2379,#2377,#1171,.T.);
#2920=EDGE_CURVE('',#2379,#2354,#1172,.T.);
#2921=EDGE_CURVE('',#2380,#2374,#1173,.T.);
#2922=EDGE_CURVE('',#2367,#2380,#1174,.T.);
#2923=EDGE_CURVE('',#2381,#2368,#1175,.T.);
#2924=EDGE_CURVE('',#2381,#2375,#1176,.T.);
#2925=EDGE_CURVE('',#2380,#2381,#1177,.T.);
#2926=EDGE_CURVE('',#2382,#2383,#1178,.T.);
#2927=EDGE_CURVE('',#2384,#2382,#1179,.T.);
#2928=EDGE_CURVE('',#2385,#2384,#1180,.T.);
#2929=EDGE_CURVE('',#2383,#2385,#1181,.T.);
#2930=EDGE_CURVE('',#2385,#2386,#1182,.T.);
#2931=EDGE_CURVE('',#2387,#2386,#1183,.T.);
#2932=EDGE_CURVE('',#2383,#2387,#1184,.T.);
#2933=EDGE_CURVE('',#2388,#2387,#1185,.T.);
#2934=EDGE_CURVE('',#2382,#2388,#1186,.T.);
#2935=EDGE_CURVE('',#2389,#2388,#1187,.T.);
#2936=EDGE_CURVE('',#2389,#2384,#1188,.T.);
#2937=EDGE_CURVE('',#2386,#2389,#1189,.T.);
#2938=EDGE_CURVE('',#2362,#2390,#1190,.T.);
#2939=EDGE_CURVE('',#2391,#2373,#1191,.T.);
#2940=EDGE_CURVE('',#2390,#2391,#1192,.T.);
#2941=EDGE_CURVE('',#2392,#2393,#1193,.T.);
#2942=EDGE_CURVE('',#2393,#2394,#1194,.T.);
#2943=EDGE_CURVE('',#2394,#2395,#1195,.T.);
#2944=EDGE_CURVE('',#2395,#2392,#1196,.T.);
#2945=EDGE_CURVE('',#2363,#2396,#1197,.T.);
#2946=EDGE_CURVE('',#2390,#2396,#1198,.T.);
#2947=EDGE_CURVE('',#2396,#2397,#1199,.T.);
#2948=EDGE_CURVE('',#2391,#2397,#1200,.T.);
#2949=EDGE_CURVE('',#2397,#2372,#1201,.T.);
#2950=EDGE_CURVE('',#2398,#2399,#1202,.T.);
#2951=EDGE_CURVE('',#2399,#2393,#1203,.T.);
#2952=EDGE_CURVE('',#2392,#2398,#1204,.T.);
#2953=EDGE_CURVE('',#2394,#2400,#1205,.T.);
#2954=EDGE_CURVE('',#2400,#2401,#1206,.T.);
#2955=EDGE_CURVE('',#2395,#2401,#1207,.T.);
#2956=EDGE_CURVE('',#2401,#2398,#1208,.T.);
#2957=EDGE_CURVE('',#2400,#2399,#1209,.T.);
#2958=EDGE_CURVE('',#2402,#2403,#1210,.T.);
#2959=EDGE_CURVE('',#2404,#2403,#1211,.T.);
#2960=EDGE_CURVE('',#2405,#2404,#1212,.T.);
#2961=EDGE_CURVE('',#2405,#2402,#1213,.T.);
#2962=EDGE_CURVE('',#2406,#2402,#1214,.T.);
#2963=EDGE_CURVE('',#2407,#2405,#1215,.T.);
#2964=EDGE_CURVE('',#2407,#2406,#1216,.T.);
#2965=EDGE_CURVE('',#2408,#2406,#1217,.T.);
#2966=EDGE_CURVE('',#2409,#2407,#1218,.T.);
#2967=EDGE_CURVE('',#2409,#2408,#1219,.T.);
#2968=EDGE_CURVE('',#2403,#2408,#1220,.T.);
#2969=EDGE_CURVE('',#2404,#2409,#1221,.T.);
#2970=EDGE_CURVE('',#2410,#2411,#1222,.T.);
#2971=EDGE_CURVE('',#2411,#2412,#1223,.T.);
#2972=EDGE_CURVE('',#2412,#2413,#1224,.T.);
#2973=EDGE_CURVE('',#2413,#2414,#1225,.T.);
#2974=EDGE_CURVE('',#2414,#2415,#1226,.T.);
#2975=EDGE_CURVE('',#2415,#2416,#1227,.T.);
#2976=EDGE_CURVE('',#2416,#2417,#1228,.T.);
#2977=EDGE_CURVE('',#2417,#2410,#1229,.T.);
#2978=EDGE_CURVE('',#2418,#2419,#1230,.T.);
#2979=EDGE_CURVE('',#2420,#2418,#1231,.T.);
#2980=EDGE_CURVE('',#2421,#2420,#1232,.T.);
#2981=EDGE_CURVE('',#2419,#2421,#1233,.T.);
#2982=EDGE_CURVE('',#2422,#2423,#89,.T.);
#2983=EDGE_CURVE('',#2423,#2424,#90,.T.);
#2984=EDGE_CURVE('',#2424,#2425,#91,.T.);
#2985=EDGE_CURVE('',#2425,#2422,#92,.T.);
#2986=EDGE_CURVE('',#2426,#2427,#1234,.T.);
#2987=EDGE_CURVE('',#2427,#2428,#1235,.T.);
#2988=EDGE_CURVE('',#2428,#2429,#1236,.T.);
#2989=EDGE_CURVE('',#2429,#2430,#1237,.T.);
#2990=EDGE_CURVE('',#2430,#2431,#1238,.T.);
#2991=EDGE_CURVE('',#2431,#2432,#1239,.T.);
#2992=EDGE_CURVE('',#2432,#2433,#1240,.T.);
#2993=EDGE_CURVE('',#2433,#2434,#1241,.T.);
#2994=EDGE_CURVE('',#2434,#2435,#1242,.T.);
#2995=EDGE_CURVE('',#2435,#2426,#1243,.T.);
#2996=EDGE_CURVE('',#2436,#2437,#93,.T.);
#2997=EDGE_CURVE('',#2437,#2438,#94,.T.);
#2998=EDGE_CURVE('',#2438,#2439,#1244,.T.);
#2999=EDGE_CURVE('',#2439,#2440,#95,.T.);
#3000=EDGE_CURVE('',#2440,#2441,#96,.T.);
#3001=EDGE_CURVE('',#2441,#2442,#97,.T.);
#3002=EDGE_CURVE('',#2442,#2443,#98,.T.);
#3003=EDGE_CURVE('',#2443,#2444,#1245,.T.);
#3004=EDGE_CURVE('',#2444,#2445,#99,.T.);
#3005=EDGE_CURVE('',#2445,#2436,#100,.T.);
#3006=EDGE_CURVE('',#2446,#2447,#1246,.T.);
#3007=EDGE_CURVE('',#2447,#2448,#1247,.T.);
#3008=EDGE_CURVE('',#2448,#2449,#1248,.T.);
#3009=EDGE_CURVE('',#2449,#2450,#1249,.T.);
#3010=EDGE_CURVE('',#2450,#2451,#101,.T.);
#3011=EDGE_CURVE('',#2451,#2452,#1250,.T.);
#3012=EDGE_CURVE('',#2452,#2446,#102,.T.);
#3013=EDGE_CURVE('',#2453,#2454,#1251,.T.);
#3014=EDGE_CURVE('',#2454,#2455,#1252,.T.);
#3015=EDGE_CURVE('',#2455,#2456,#1253,.T.);
#3016=EDGE_CURVE('',#2456,#2457,#1254,.T.);
#3017=EDGE_CURVE('',#2457,#2458,#1255,.T.);
#3018=EDGE_CURVE('',#2458,#2459,#1256,.T.);
#3019=EDGE_CURVE('',#2459,#2460,#1257,.T.);
#3020=EDGE_CURVE('',#2460,#2453,#1258,.T.);
#3021=EDGE_CURVE('',#2461,#2462,#1259,.T.);
#3022=EDGE_CURVE('',#2462,#2463,#1260,.T.);
#3023=EDGE_CURVE('',#2463,#2464,#1261,.T.);
#3024=EDGE_CURVE('',#2464,#2465,#1262,.T.);
#3025=EDGE_CURVE('',#2465,#2466,#1263,.T.);
#3026=EDGE_CURVE('',#2466,#2467,#103,.T.);
#3027=EDGE_CURVE('',#2467,#2468,#104,.T.);
#3028=EDGE_CURVE('',#2468,#2469,#1264,.T.);
#3029=EDGE_CURVE('',#2469,#2461,#1265,.T.);
#3030=EDGE_CURVE('',#2470,#2471,#105,.T.);
#3031=EDGE_CURVE('',#2471,#2472,#106,.T.);
#3032=EDGE_CURVE('',#2472,#2473,#1266,.T.);
#3033=EDGE_CURVE('',#2473,#2474,#107,.T.);
#3034=EDGE_CURVE('',#2474,#2475,#108,.T.);
#3035=EDGE_CURVE('',#2475,#2476,#109,.T.);
#3036=EDGE_CURVE('',#2476,#2477,#110,.T.);
#3037=EDGE_CURVE('',#2477,#2478,#1267,.T.);
#3038=EDGE_CURVE('',#2478,#2479,#111,.T.);
#3039=EDGE_CURVE('',#2479,#2470,#112,.T.);
#3040=EDGE_CURVE('',#2480,#2481,#1268,.T.);
#3041=EDGE_CURVE('',#2481,#2482,#1269,.T.);
#3042=EDGE_CURVE('',#2482,#2483,#1270,.T.);
#3043=EDGE_CURVE('',#2483,#2484,#1271,.T.);
#3044=EDGE_CURVE('',#2484,#2485,#1272,.T.);
#3045=EDGE_CURVE('',#2485,#2486,#1273,.T.);
#3046=EDGE_CURVE('',#2486,#2487,#1274,.T.);
#3047=EDGE_CURVE('',#2487,#2480,#1275,.T.);
#3048=EDGE_CURVE('',#2488,#2489,#113,.T.);
#3049=EDGE_CURVE('',#2489,#2490,#114,.T.);
#3050=EDGE_CURVE('',#2490,#2491,#1276,.T.);
#3051=EDGE_CURVE('',#2491,#2492,#115,.T.);
#3052=EDGE_CURVE('',#2492,#2493,#116,.T.);
#3053=EDGE_CURVE('',#2493,#2494,#117,.T.);
#3054=EDGE_CURVE('',#2494,#2495,#118,.T.);
#3055=EDGE_CURVE('',#2495,#2496,#1277,.T.);
#3056=EDGE_CURVE('',#2496,#2497,#1278,.T.);
#3057=EDGE_CURVE('',#2497,#2498,#1279,.T.);
#3058=EDGE_CURVE('',#2498,#2499,#1280,.T.);
#3059=EDGE_CURVE('',#2499,#2500,#1281,.T.);
#3060=EDGE_CURVE('',#2500,#2501,#1282,.T.);
#3061=EDGE_CURVE('',#2501,#2502,#119,.T.);
#3062=EDGE_CURVE('',#2502,#2503,#120,.T.);
#3063=EDGE_CURVE('',#2503,#2488,#121,.T.);
#3064=EDGE_CURVE('',#2504,#2505,#122,.T.);
#3065=EDGE_CURVE('',#2505,#2506,#1283,.T.);
#3066=EDGE_CURVE('',#2506,#2507,#1284,.T.);
#3067=EDGE_CURVE('',#2507,#2508,#1285,.T.);
#3068=EDGE_CURVE('',#2508,#2509,#123,.T.);
#3069=EDGE_CURVE('',#2509,#2510,#124,.T.);
#3070=EDGE_CURVE('',#2510,#2511,#125,.T.);
#3071=EDGE_CURVE('',#2511,#2512,#126,.T.);
#3072=EDGE_CURVE('',#2512,#2513,#127,.T.);
#3073=EDGE_CURVE('',#2513,#2514,#1286,.T.);
#3074=EDGE_CURVE('',#2514,#2515,#128,.T.);
#3075=EDGE_CURVE('',#2515,#2516,#129,.T.);
#3076=EDGE_CURVE('',#2516,#2504,#130,.T.);
#3077=EDGE_CURVE('',#2517,#2518,#1287,.T.);
#3078=EDGE_CURVE('',#2518,#2519,#1288,.T.);
#3079=EDGE_CURVE('',#2519,#2520,#1289,.T.);
#3080=EDGE_CURVE('',#2520,#2521,#1290,.T.);
#3081=EDGE_CURVE('',#2521,#2522,#131,.T.);
#3082=EDGE_CURVE('',#2522,#2523,#1291,.T.);
#3083=EDGE_CURVE('',#2523,#2517,#132,.T.);
#3084=EDGE_CURVE('',#2524,#2525,#1292,.T.);
#3085=EDGE_CURVE('',#2525,#2526,#1293,.T.);
#3086=EDGE_CURVE('',#2526,#2527,#1294,.T.);
#3087=EDGE_CURVE('',#2527,#2528,#1295,.T.);
#3088=EDGE_CURVE('',#2528,#2529,#1296,.T.);
#3089=EDGE_CURVE('',#2529,#2530,#1297,.T.);
#3090=EDGE_CURVE('',#2530,#2531,#1298,.T.);
#3091=EDGE_CURVE('',#2531,#2524,#1299,.T.);
#3092=EDGE_CURVE('',#2532,#2533,#1300,.T.);
#3093=EDGE_CURVE('',#2533,#2534,#1301,.T.);
#3094=EDGE_CURVE('',#2534,#2535,#1302,.T.);
#3095=EDGE_CURVE('',#2535,#2536,#1303,.T.);
#3096=EDGE_CURVE('',#2536,#2537,#1304,.T.);
#3097=EDGE_CURVE('',#2537,#2538,#1305,.T.);
#3098=EDGE_CURVE('',#2538,#2539,#1306,.T.);
#3099=EDGE_CURVE('',#2539,#2540,#1307,.T.);
#3100=EDGE_CURVE('',#2540,#2541,#1308,.T.);
#3101=EDGE_CURVE('',#2541,#2532,#1309,.T.);
#3102=EDGE_CURVE('',#2542,#2543,#133,.T.);
#3103=EDGE_CURVE('',#2543,#2544,#134,.T.);
#3104=EDGE_CURVE('',#2544,#2545,#1310,.T.);
#3105=EDGE_CURVE('',#2545,#2546,#135,.T.);
#3106=EDGE_CURVE('',#2546,#2547,#136,.T.);
#3107=EDGE_CURVE('',#2547,#2548,#137,.T.);
#3108=EDGE_CURVE('',#2548,#2549,#138,.T.);
#3109=EDGE_CURVE('',#2549,#2550,#1311,.T.);
#3110=EDGE_CURVE('',#2550,#2551,#139,.T.);
#3111=EDGE_CURVE('',#2551,#2542,#140,.T.);
#3112=EDGE_CURVE('',#2552,#2415,#1312,.T.);
#3113=EDGE_CURVE('',#2553,#2552,#1313,.T.);
#3114=EDGE_CURVE('',#2553,#2416,#1314,.T.);
#3115=EDGE_CURVE('',#2554,#2555,#1315,.T.);
#3116=EDGE_CURVE('',#2554,#2412,#1316,.T.);
#3117=EDGE_CURVE('',#2555,#2411,#1317,.T.);
#3118=EDGE_CURVE('',#2555,#2556,#1318,.T.);
#3119=EDGE_CURVE('',#2556,#2410,#1319,.T.);
#3120=EDGE_CURVE('',#2556,#2557,#1320,.T.);
#3121=EDGE_CURVE('',#2557,#2417,#1321,.T.);
#3122=EDGE_CURVE('',#2558,#2559,#1322,.T.);
#3123=EDGE_CURVE('',#2560,#2558,#1323,.T.);
#3124=EDGE_CURVE('',#2561,#2560,#1324,.T.);
#3125=EDGE_CURVE('',#2559,#2561,#1325,.T.);
#3126=EDGE_CURVE('',#2562,#2563,#1326,.T.);
#3127=EDGE_CURVE('',#2564,#2562,#1327,.T.);
#3128=EDGE_CURVE('',#2565,#2564,#1328,.T.);
#3129=EDGE_CURVE('',#2563,#2565,#1329,.T.);
#3130=EDGE_CURVE('',#2566,#2567,#1330,.T.);
#3131=EDGE_CURVE('',#2568,#2566,#1331,.T.);
#3132=EDGE_CURVE('',#2569,#2568,#1332,.T.);
#3133=EDGE_CURVE('',#2567,#2569,#1333,.T.);
#3134=EDGE_CURVE('',#2557,#2553,#1334,.T.);
#3135=EDGE_CURVE('',#2570,#2552,#1335,.T.);
#3136=EDGE_CURVE('',#2571,#2570,#1336,.T.);
#3137=EDGE_CURVE('',#2554,#2571,#1337,.T.);
#3138=EDGE_CURVE('',#2572,#2573,#1338,.T.);
#3139=EDGE_CURVE('',#2573,#2574,#1339,.T.);
#3140=EDGE_CURVE('',#2574,#2575,#1340,.T.);
#3141=EDGE_CURVE('',#2575,#2572,#1341,.T.);
#3142=EDGE_CURVE('',#2571,#2413,#1342,.T.);
#3143=EDGE_CURVE('',#2570,#2414,#1343,.T.);
#3144=EDGE_CURVE('',#2575,#2421,#1344,.T.);
#3145=EDGE_CURVE('',#2574,#2419,#1345,.T.);
#3146=EDGE_CURVE('',#2572,#2420,#1346,.T.);
#3147=EDGE_CURVE('',#2573,#2418,#1347,.T.);
#3148=EDGE_CURVE('',#2576,#2567,#1348,.T.);
#3149=EDGE_CURVE('',#2577,#2576,#1349,.T.);
#3150=EDGE_CURVE('',#2577,#2566,#1350,.T.);
#3151=EDGE_CURVE('',#2578,#2577,#1351,.T.);
#3152=EDGE_CURVE('',#2578,#2568,#1352,.T.);
#3153=EDGE_CURVE('',#2579,#2578,#1353,.T.);
#3154=EDGE_CURVE('',#2579,#2569,#1354,.T.);
#3155=EDGE_CURVE('',#2576,#2579,#1355,.T.);
#3156=EDGE_CURVE('',#2580,#2563,#1356,.T.);
#3157=EDGE_CURVE('',#2581,#2580,#1357,.T.);
#3158=EDGE_CURVE('',#2581,#2562,#1358,.T.);
#3159=EDGE_CURVE('',#2582,#2581,#1359,.T.);
#3160=EDGE_CURVE('',#2582,#2564,#1360,.T.);
#3161=EDGE_CURVE('',#2583,#2582,#1361,.T.);
#3162=EDGE_CURVE('',#2583,#2565,#1362,.T.);
#3163=EDGE_CURVE('',#2580,#2583,#1363,.T.);
#3164=EDGE_CURVE('',#2584,#2559,#1364,.T.);
#3165=EDGE_CURVE('',#2585,#2584,#1365,.T.);
#3166=EDGE_CURVE('',#2585,#2558,#1366,.T.);
#3167=EDGE_CURVE('',#2586,#2585,#1367,.T.);
#3168=EDGE_CURVE('',#2586,#2560,#1368,.T.);
#3169=EDGE_CURVE('',#2587,#2586,#1369,.T.);
#3170=EDGE_CURVE('',#2587,#2561,#1370,.T.);
#3171=EDGE_CURVE('',#2584,#2587,#1371,.T.);
#3172=EDGE_CURVE('',#2588,#2543,#1372,.T.);
#3173=EDGE_CURVE('',#2588,#2589,#141,.T.);
#3174=EDGE_CURVE('',#2589,#2544,#1373,.T.);
#3175=EDGE_CURVE('',#2590,#2542,#1374,.T.);
#3176=EDGE_CURVE('',#2590,#2588,#142,.T.);
#3177=EDGE_CURVE('',#2591,#2551,#1375,.T.);
#3178=EDGE_CURVE('',#2591,#2590,#143,.T.);
#3179=EDGE_CURVE('',#2592,#2550,#1376,.T.);
#3180=EDGE_CURVE('',#2592,#2591,#144,.T.);
#3181=EDGE_CURVE('',#2593,#2549,#1377,.T.);
#3182=EDGE_CURVE('',#2593,#2592,#1378,.T.);
#3183=EDGE_CURVE('',#2594,#2548,#1379,.T.);
#3184=EDGE_CURVE('',#2594,#2593,#145,.T.);
#3185=EDGE_CURVE('',#2595,#2547,#1380,.T.);
#3186=EDGE_CURVE('',#2595,#2594,#146,.T.);
#3187=EDGE_CURVE('',#2596,#2546,#1381,.T.);
#3188=EDGE_CURVE('',#2596,#2595,#147,.T.);
#3189=EDGE_CURVE('',#2597,#2545,#1382,.T.);
#3190=EDGE_CURVE('',#2597,#2596,#148,.T.);
#3191=EDGE_CURVE('',#2589,#2597,#1383,.T.);
#3192=EDGE_CURVE('',#2598,#2533,#1384,.T.);
#3193=EDGE_CURVE('',#2598,#2599,#1385,.T.);
#3194=EDGE_CURVE('',#2599,#2534,#1386,.T.);
#3195=EDGE_CURVE('',#2600,#2532,#1387,.T.);
#3196=EDGE_CURVE('',#2600,#2598,#1388,.T.);
#3197=EDGE_CURVE('',#2601,#2541,#1389,.T.);
#3198=EDGE_CURVE('',#2601,#2600,#1390,.T.);
#3199=EDGE_CURVE('',#2602,#2540,#1391,.T.);
#3200=EDGE_CURVE('',#2602,#2601,#1392,.T.);
#3201=EDGE_CURVE('',#2603,#2539,#1393,.T.);
#3202=EDGE_CURVE('',#2603,#2602,#1394,.T.);
#3203=EDGE_CURVE('',#2604,#2538,#1395,.T.);
#3204=EDGE_CURVE('',#2604,#2603,#1396,.T.);
#3205=EDGE_CURVE('',#2605,#2537,#1397,.T.);
#3206=EDGE_CURVE('',#2605,#2604,#1398,.T.);
#3207=EDGE_CURVE('',#2606,#2536,#1399,.T.);
#3208=EDGE_CURVE('',#2606,#2605,#1400,.T.);
#3209=EDGE_CURVE('',#2607,#2535,#1401,.T.);
#3210=EDGE_CURVE('',#2607,#2606,#1402,.T.);
#3211=EDGE_CURVE('',#2599,#2607,#1403,.T.);
#3212=EDGE_CURVE('',#2608,#2609,#149,.T.);
#3213=EDGE_CURVE('',#2610,#2608,#150,.T.);
#3214=EDGE_CURVE('',#2611,#2610,#151,.T.);
#3215=EDGE_CURVE('',#2609,#2611,#152,.T.);
#3216=EDGE_CURVE('',#2612,#2613,#153,.T.);
#3217=EDGE_CURVE('',#2614,#2612,#154,.T.);
#3218=EDGE_CURVE('',#2615,#2614,#155,.T.);
#3219=EDGE_CURVE('',#2613,#2615,#156,.T.);
#3220=EDGE_CURVE('',#2608,#2423,#1404,.T.);
#3221=EDGE_CURVE('',#2609,#2424,#1405,.T.);
#3222=EDGE_CURVE('',#2610,#2422,#1406,.T.);
#3223=EDGE_CURVE('',#2611,#2425,#1407,.T.);
#3224=EDGE_CURVE('',#2616,#2617,#157,.T.);
#3225=EDGE_CURVE('',#2614,#2616,#1408,.T.);
#3226=EDGE_CURVE('',#2612,#2617,#1409,.T.);
#3227=EDGE_CURVE('',#2617,#2618,#158,.T.);
#3228=EDGE_CURVE('',#2613,#2618,#1410,.T.);
#3229=EDGE_CURVE('',#2618,#2619,#159,.T.);
#3230=EDGE_CURVE('',#2615,#2619,#1411,.T.);
#3231=EDGE_CURVE('',#2619,#2616,#160,.T.);
#3232=EDGE_CURVE('',#2620,#2427,#1412,.T.);
#3233=EDGE_CURVE('',#2620,#2621,#1413,.T.);
#3234=EDGE_CURVE('',#2621,#2428,#1414,.T.);
#3235=EDGE_CURVE('',#2622,#2426,#1415,.T.);
#3236=EDGE_CURVE('',#2622,#2620,#1416,.T.);
#3237=EDGE_CURVE('',#2623,#2435,#1417,.T.);
#3238=EDGE_CURVE('',#2623,#2622,#1418,.T.);
#3239=EDGE_CURVE('',#2624,#2434,#1419,.T.);
#3240=EDGE_CURVE('',#2624,#2623,#1420,.T.);
#3241=EDGE_CURVE('',#2625,#2433,#1421,.T.);
#3242=EDGE_CURVE('',#2625,#2624,#1422,.T.);
#3243=EDGE_CURVE('',#2626,#2432,#1423,.T.);
#3244=EDGE_CURVE('',#2626,#2625,#1424,.T.);
#3245=EDGE_CURVE('',#2627,#2431,#1425,.T.);
#3246=EDGE_CURVE('',#2627,#2626,#1426,.T.);
#3247=EDGE_CURVE('',#2628,#2430,#1427,.T.);
#3248=EDGE_CURVE('',#2628,#2627,#1428,.T.);
#3249=EDGE_CURVE('',#2629,#2429,#1429,.T.);
#3250=EDGE_CURVE('',#2629,#2628,#1430,.T.);
#3251=EDGE_CURVE('',#2621,#2629,#1431,.T.);
#3252=EDGE_CURVE('',#2630,#2437,#1432,.T.);
#3253=EDGE_CURVE('',#2630,#2631,#161,.T.);
#3254=EDGE_CURVE('',#2631,#2438,#1433,.T.);
#3255=EDGE_CURVE('',#2632,#2436,#1434,.T.);
#3256=EDGE_CURVE('',#2632,#2630,#162,.T.);
#3257=EDGE_CURVE('',#2633,#2445,#1435,.T.);
#3258=EDGE_CURVE('',#2633,#2632,#163,.T.);
#3259=EDGE_CURVE('',#2634,#2444,#1436,.T.);
#3260=EDGE_CURVE('',#2634,#2633,#164,.T.);
#3261=EDGE_CURVE('',#2635,#2443,#1437,.T.);
#3262=EDGE_CURVE('',#2635,#2634,#1438,.T.);
#3263=EDGE_CURVE('',#2636,#2442,#1439,.T.);
#3264=EDGE_CURVE('',#2636,#2635,#165,.T.);
#3265=EDGE_CURVE('',#2637,#2441,#1440,.T.);
#3266=EDGE_CURVE('',#2637,#2636,#166,.T.);
#3267=EDGE_CURVE('',#2638,#2440,#1441,.T.);
#3268=EDGE_CURVE('',#2638,#2637,#167,.T.);
#3269=EDGE_CURVE('',#2639,#2439,#1442,.T.);
#3270=EDGE_CURVE('',#2639,#2638,#168,.T.);
#3271=EDGE_CURVE('',#2631,#2639,#1443,.T.);
#3272=EDGE_CURVE('',#2640,#2447,#1444,.T.);
#3273=EDGE_CURVE('',#2640,#2641,#1445,.T.);
#3274=EDGE_CURVE('',#2641,#2448,#1446,.T.);
#3275=EDGE_CURVE('',#2642,#2446,#1447,.T.);
#3276=EDGE_CURVE('',#2642,#2640,#1448,.T.);
#3277=EDGE_CURVE('',#2643,#2452,#1449,.T.);
#3278=EDGE_CURVE('',#2643,#2642,#169,.T.);
#3279=EDGE_CURVE('',#2644,#2451,#1450,.T.);
#3280=EDGE_CURVE('',#2644,#2643,#1451,.T.);
#3281=EDGE_CURVE('',#2645,#2450,#1452,.T.);
#3282=EDGE_CURVE('',#2645,#2644,#170,.T.);
#3283=EDGE_CURVE('',#2646,#2449,#1453,.T.);
#3284=EDGE_CURVE('',#2646,#2645,#1454,.T.);
#3285=EDGE_CURVE('',#2641,#2646,#1455,.T.);
#3286=EDGE_CURVE('',#2647,#2648,#1456,.T.);
#3287=EDGE_CURVE('',#2649,#2647,#1457,.T.);
#3288=EDGE_CURVE('',#2650,#2649,#1458,.T.);
#3289=EDGE_CURVE('',#2651,#2650,#1459,.T.);
#3290=EDGE_CURVE('',#2652,#2651,#1460,.T.);
#3291=EDGE_CURVE('',#2653,#2652,#1461,.T.);
#3292=EDGE_CURVE('',#2654,#2653,#1462,.T.);
#3293=EDGE_CURVE('',#2648,#2654,#1463,.T.);
#3294=EDGE_CURVE('',#2655,#2656,#1464,.T.);
#3295=EDGE_CURVE('',#2657,#2655,#171,.T.);
#3296=EDGE_CURVE('',#2658,#2657,#172,.T.);
#3297=EDGE_CURVE('',#2659,#2658,#1465,.T.);
#3298=EDGE_CURVE('',#2656,#2659,#1466,.T.);
#3299=EDGE_CURVE('',#2647,#2525,#1467,.T.);
#3300=EDGE_CURVE('',#2648,#2526,#1468,.T.);
#3301=EDGE_CURVE('',#2649,#2524,#1469,.T.);
#3302=EDGE_CURVE('',#2650,#2531,#1470,.T.);
#3303=EDGE_CURVE('',#2651,#2530,#1471,.T.);
#3304=EDGE_CURVE('',#2652,#2529,#1472,.T.);
#3305=EDGE_CURVE('',#2653,#2528,#1473,.T.);
#3306=EDGE_CURVE('',#2654,#2527,#1474,.T.);
#3307=EDGE_CURVE('',#2660,#2661,#1475,.T.);
#3308=EDGE_CURVE('',#2655,#2660,#1476,.T.);
#3309=EDGE_CURVE('',#2656,#2661,#1477,.T.);
#3310=EDGE_CURVE('',#2661,#2662,#1478,.T.);
#3311=EDGE_CURVE('',#2659,#2662,#1479,.T.);
#3312=EDGE_CURVE('',#2662,#2663,#1480,.T.);
#3313=EDGE_CURVE('',#2658,#2663,#1481,.T.);
#3314=EDGE_CURVE('',#2663,#2664,#173,.T.);
#3315=EDGE_CURVE('',#2657,#2664,#1482,.T.);
#3316=EDGE_CURVE('',#2664,#2660,#174,.T.);
#3317=EDGE_CURVE('',#2665,#2518,#1483,.T.);
#3318=EDGE_CURVE('',#2665,#2666,#1484,.T.);
#3319=EDGE_CURVE('',#2666,#2519,#1485,.T.);
#3320=EDGE_CURVE('',#2667,#2517,#1486,.T.);
#3321=EDGE_CURVE('',#2667,#2665,#1487,.T.);
#3322=EDGE_CURVE('',#2668,#2523,#1488,.T.);
#3323=EDGE_CURVE('',#2668,#2667,#175,.T.);
#3324=EDGE_CURVE('',#2669,#2522,#1489,.T.);
#3325=EDGE_CURVE('',#2669,#2668,#1490,.T.);
#3326=EDGE_CURVE('',#2670,#2521,#1491,.T.);
#3327=EDGE_CURVE('',#2670,#2669,#176,.T.);
#3328=EDGE_CURVE('',#2671,#2520,#1492,.T.);
#3329=EDGE_CURVE('',#2671,#2670,#1493,.T.);
#3330=EDGE_CURVE('',#2666,#2671,#1494,.T.);
#3331=EDGE_CURVE('',#2672,#2505,#1495,.T.);
#3332=EDGE_CURVE('',#2672,#2673,#1496,.T.);
#3333=EDGE_CURVE('',#2673,#2506,#1497,.T.);
#3334=EDGE_CURVE('',#2674,#2504,#1498,.T.);
#3335=EDGE_CURVE('',#2674,#2672,#177,.T.);
#3336=EDGE_CURVE('',#2675,#2516,#1499,.T.);
#3337=EDGE_CURVE('',#2675,#2674,#178,.T.);
#3338=EDGE_CURVE('',#2676,#2515,#1500,.T.);
#3339=EDGE_CURVE('',#2676,#2675,#179,.T.);
#3340=EDGE_CURVE('',#2677,#2514,#1501,.T.);
#3341=EDGE_CURVE('',#2677,#2676,#180,.T.);
#3342=EDGE_CURVE('',#2678,#2513,#1502,.T.);
#3343=EDGE_CURVE('',#2678,#2677,#1503,.T.);
#3344=EDGE_CURVE('',#2679,#2512,#1504,.T.);
#3345=EDGE_CURVE('',#2679,#2678,#181,.T.);
#3346=EDGE_CURVE('',#2680,#2511,#1505,.T.);
#3347=EDGE_CURVE('',#2680,#2679,#182,.T.);
#3348=EDGE_CURVE('',#2681,#2510,#1506,.T.);
#3349=EDGE_CURVE('',#2681,#2680,#183,.T.);
#3350=EDGE_CURVE('',#2682,#2509,#1507,.T.);
#3351=EDGE_CURVE('',#2682,#2681,#184,.T.);
#3352=EDGE_CURVE('',#2683,#2508,#1508,.T.);
#3353=EDGE_CURVE('',#2683,#2682,#185,.T.);
#3354=EDGE_CURVE('',#2684,#2507,#1509,.T.);
#3355=EDGE_CURVE('',#2684,#2683,#1510,.T.);
#3356=EDGE_CURVE('',#2673,#2684,#1511,.T.);
#3357=EDGE_CURVE('',#2685,#2489,#1512,.T.);
#3358=EDGE_CURVE('',#2685,#2686,#186,.T.);
#3359=EDGE_CURVE('',#2686,#2490,#1513,.T.);
#3360=EDGE_CURVE('',#2687,#2488,#1514,.T.);
#3361=EDGE_CURVE('',#2687,#2685,#187,.T.);
#3362=EDGE_CURVE('',#2688,#2503,#1515,.T.);
#3363=EDGE_CURVE('',#2688,#2687,#188,.T.);
#3364=EDGE_CURVE('',#2689,#2502,#1516,.T.);
#3365=EDGE_CURVE('',#2689,#2688,#189,.T.);
#3366=EDGE_CURVE('',#2690,#2501,#1517,.T.);
#3367=EDGE_CURVE('',#2690,#2689,#190,.T.);
#3368=EDGE_CURVE('',#2691,#2500,#1518,.T.);
#3369=EDGE_CURVE('',#2691,#2690,#1519,.T.);
#3370=EDGE_CURVE('',#2692,#2499,#1520,.T.);
#3371=EDGE_CURVE('',#2692,#2691,#1521,.T.);
#3372=EDGE_CURVE('',#2693,#2498,#1522,.T.);
#3373=EDGE_CURVE('',#2693,#2692,#1523,.T.);
#3374=EDGE_CURVE('',#2694,#2497,#1524,.T.);
#3375=EDGE_CURVE('',#2694,#2693,#1525,.T.);
#3376=EDGE_CURVE('',#2695,#2496,#1526,.T.);
#3377=EDGE_CURVE('',#2695,#2694,#1527,.T.);
#3378=EDGE_CURVE('',#2696,#2495,#1528,.T.);
#3379=EDGE_CURVE('',#2696,#2695,#1529,.T.);
#3380=EDGE_CURVE('',#2697,#2494,#1530,.T.);
#3381=EDGE_CURVE('',#2697,#2696,#191,.T.);
#3382=EDGE_CURVE('',#2698,#2493,#1531,.T.);
#3383=EDGE_CURVE('',#2698,#2697,#192,.T.);
#3384=EDGE_CURVE('',#2699,#2492,#1532,.T.);
#3385=EDGE_CURVE('',#2699,#2698,#193,.T.);
#3386=EDGE_CURVE('',#2700,#2491,#1533,.T.);
#3387=EDGE_CURVE('',#2700,#2699,#194,.T.);
#3388=EDGE_CURVE('',#2686,#2700,#1534,.T.);
#3389=EDGE_CURVE('',#2701,#2702,#1535,.T.);
#3390=EDGE_CURVE('',#2703,#2701,#1536,.T.);
#3391=EDGE_CURVE('',#2704,#2703,#1537,.T.);
#3392=EDGE_CURVE('',#2705,#2704,#1538,.T.);
#3393=EDGE_CURVE('',#2706,#2705,#1539,.T.);
#3394=EDGE_CURVE('',#2707,#2706,#1540,.T.);
#3395=EDGE_CURVE('',#2708,#2707,#1541,.T.);
#3396=EDGE_CURVE('',#2702,#2708,#1542,.T.);
#3397=EDGE_CURVE('',#2709,#2710,#1543,.T.);
#3398=EDGE_CURVE('',#2711,#2709,#195,.T.);
#3399=EDGE_CURVE('',#2712,#2711,#196,.T.);
#3400=EDGE_CURVE('',#2713,#2712,#1544,.T.);
#3401=EDGE_CURVE('',#2710,#2713,#1545,.T.);
#3402=EDGE_CURVE('',#2701,#2454,#1546,.T.);
#3403=EDGE_CURVE('',#2702,#2455,#1547,.T.);
#3404=EDGE_CURVE('',#2703,#2453,#1548,.T.);
#3405=EDGE_CURVE('',#2704,#2460,#1549,.T.);
#3406=EDGE_CURVE('',#2705,#2459,#1550,.T.);
#3407=EDGE_CURVE('',#2706,#2458,#1551,.T.);
#3408=EDGE_CURVE('',#2707,#2457,#1552,.T.);
#3409=EDGE_CURVE('',#2708,#2456,#1553,.T.);
#3410=EDGE_CURVE('',#2714,#2715,#1554,.T.);
#3411=EDGE_CURVE('',#2709,#2714,#1555,.T.);
#3412=EDGE_CURVE('',#2710,#2715,#1556,.T.);
#3413=EDGE_CURVE('',#2715,#2716,#1557,.T.);
#3414=EDGE_CURVE('',#2713,#2716,#1558,.T.);
#3415=EDGE_CURVE('',#2716,#2717,#1559,.T.);
#3416=EDGE_CURVE('',#2712,#2717,#1560,.T.);
#3417=EDGE_CURVE('',#2717,#2718,#197,.T.);
#3418=EDGE_CURVE('',#2711,#2718,#1561,.T.);
#3419=EDGE_CURVE('',#2718,#2714,#198,.T.);
#3420=EDGE_CURVE('',#2719,#2462,#1562,.T.);
#3421=EDGE_CURVE('',#2719,#2720,#1563,.T.);
#3422=EDGE_CURVE('',#2720,#2463,#1564,.T.);
#3423=EDGE_CURVE('',#2721,#2461,#1565,.T.);
#3424=EDGE_CURVE('',#2721,#2719,#1566,.T.);
#3425=EDGE_CURVE('',#2722,#2469,#1567,.T.);
#3426=EDGE_CURVE('',#2722,#2721,#1568,.T.);
#3427=EDGE_CURVE('',#2723,#2468,#1569,.T.);
#3428=EDGE_CURVE('',#2723,#2722,#1570,.T.);
#3429=EDGE_CURVE('',#2724,#2467,#1571,.T.);
#3430=EDGE_CURVE('',#2724,#2723,#199,.T.);
#3431=EDGE_CURVE('',#2725,#2466,#1572,.T.);
#3432=EDGE_CURVE('',#2725,#2724,#200,.T.);
#3433=EDGE_CURVE('',#2726,#2465,#1573,.T.);
#3434=EDGE_CURVE('',#2726,#2725,#1574,.T.);
#3435=EDGE_CURVE('',#2727,#2464,#1575,.T.);
#3436=EDGE_CURVE('',#2727,#2726,#1576,.T.);
#3437=EDGE_CURVE('',#2720,#2727,#1577,.T.);
#3438=EDGE_CURVE('',#2728,#2729,#1578,.T.);
#3439=EDGE_CURVE('',#2730,#2728,#1579,.T.);
#3440=EDGE_CURVE('',#2731,#2730,#1580,.T.);
#3441=EDGE_CURVE('',#2732,#2731,#1581,.T.);
#3442=EDGE_CURVE('',#2733,#2732,#1582,.T.);
#3443=EDGE_CURVE('',#2734,#2733,#1583,.T.);
#3444=EDGE_CURVE('',#2735,#2734,#1584,.T.);
#3445=EDGE_CURVE('',#2729,#2735,#1585,.T.);
#3446=EDGE_CURVE('',#2736,#2737,#1586,.T.);
#3447=EDGE_CURVE('',#2738,#2736,#201,.T.);
#3448=EDGE_CURVE('',#2739,#2738,#202,.T.);
#3449=EDGE_CURVE('',#2740,#2739,#1587,.T.);
#3450=EDGE_CURVE('',#2737,#2740,#1588,.T.);
#3451=EDGE_CURVE('',#2728,#2481,#1589,.T.);
#3452=EDGE_CURVE('',#2729,#2482,#1590,.T.);
#3453=EDGE_CURVE('',#2730,#2480,#1591,.T.);
#3454=EDGE_CURVE('',#2731,#2487,#1592,.T.);
#3455=EDGE_CURVE('',#2732,#2486,#1593,.T.);
#3456=EDGE_CURVE('',#2733,#2485,#1594,.T.);
#3457=EDGE_CURVE('',#2734,#2484,#1595,.T.);
#3458=EDGE_CURVE('',#2735,#2483,#1596,.T.);
#3459=EDGE_CURVE('',#2741,#2742,#1597,.T.);
#3460=EDGE_CURVE('',#2736,#2741,#1598,.T.);
#3461=EDGE_CURVE('',#2737,#2742,#1599,.T.);
#3462=EDGE_CURVE('',#2742,#2743,#1600,.T.);
#3463=EDGE_CURVE('',#2740,#2743,#1601,.T.);
#3464=EDGE_CURVE('',#2743,#2744,#1602,.T.);
#3465=EDGE_CURVE('',#2739,#2744,#1603,.T.);
#3466=EDGE_CURVE('',#2744,#2745,#203,.T.);
#3467=EDGE_CURVE('',#2738,#2745,#1604,.T.);
#3468=EDGE_CURVE('',#2745,#2741,#204,.T.);
#3469=EDGE_CURVE('',#2746,#2471,#1605,.T.);
#3470=EDGE_CURVE('',#2746,#2747,#205,.T.);
#3471=EDGE_CURVE('',#2747,#2472,#1606,.T.);
#3472=EDGE_CURVE('',#2748,#2470,#1607,.T.);
#3473=EDGE_CURVE('',#2748,#2746,#206,.T.);
#3474=EDGE_CURVE('',#2749,#2479,#1608,.T.);
#3475=EDGE_CURVE('',#2749,#2748,#207,.T.);
#3476=EDGE_CURVE('',#2750,#2478,#1609,.T.);
#3477=EDGE_CURVE('',#2750,#2749,#208,.T.);
#3478=EDGE_CURVE('',#2751,#2477,#1610,.T.);
#3479=EDGE_CURVE('',#2751,#2750,#1611,.T.);
#3480=EDGE_CURVE('',#2752,#2476,#1612,.T.);
#3481=EDGE_CURVE('',#2752,#2751,#209,.T.);
#3482=EDGE_CURVE('',#2753,#2475,#1613,.T.);
#3483=EDGE_CURVE('',#2753,#2752,#210,.T.);
#3484=EDGE_CURVE('',#2754,#2474,#1614,.T.);
#3485=EDGE_CURVE('',#2754,#2753,#211,.T.);
#3486=EDGE_CURVE('',#2755,#2473,#1615,.T.);
#3487=EDGE_CURVE('',#2755,#2754,#212,.T.);
#3488=EDGE_CURVE('',#2747,#2755,#1616,.T.);
#3489=EDGE_CURVE('',#2756,#2757,#1617,.T.);
#3490=EDGE_CURVE('',#2756,#2758,#1618,.T.);
#3491=EDGE_CURVE('',#2758,#2759,#1619,.T.);
#3492=EDGE_CURVE('',#2759,#2757,#1620,.T.);
#3493=EDGE_CURVE('',#2760,#2761,#2278,.T.);
#3494=EDGE_CURVE('',#2761,#2756,#2279,.T.);
#3495=EDGE_CURVE('',#2757,#2762,#1621,.T.);
#3496=EDGE_CURVE('',#2760,#2762,#1622,.T.);
#3497=EDGE_CURVE('',#2763,#2764,#1623,.T.);
#3498=EDGE_CURVE('',#2763,#2760,#1624,.T.);
#3499=EDGE_CURVE('',#2762,#2764,#1625,.T.);
#3500=EDGE_CURVE('',#2758,#2765,#2280,.T.);
#3501=EDGE_CURVE('',#2765,#2763,#2281,.T.);
#3502=EDGE_CURVE('',#2764,#2759,#1626,.T.);
#3503=EDGE_CURVE('',#2761,#2765,#1627,.T.);
#3504=EDGE_CURVE('',#2766,#2767,#2282,.T.);
#3505=EDGE_CURVE('',#2768,#2766,#1628,.T.);
#3506=EDGE_CURVE('',#2768,#2769,#2283,.T.);
#3507=EDGE_CURVE('',#2769,#2767,#1629,.T.);
#3508=EDGE_CURVE('',#2766,#2770,#1630,.T.);
#3509=EDGE_CURVE('',#2771,#2770,#1631,.T.);
#3510=EDGE_CURVE('',#2768,#2771,#1632,.T.);
#3511=EDGE_CURVE('',#2772,#2773,#1633,.T.);
#3512=EDGE_CURVE('',#2773,#2774,#2284,.T.);
#3513=EDGE_CURVE('',#2774,#2775,#1634,.T.);
#3514=EDGE_CURVE('',#2775,#2776,#2285,.T.);
#3515=EDGE_CURVE('',#2776,#2777,#1635,.T.);
#3516=EDGE_CURVE('',#2777,#2778,#2286,.T.);
#3517=EDGE_CURVE('',#2778,#2779,#1636,.T.);
#3518=EDGE_CURVE('',#2779,#2772,#2287,.T.);
#3519=EDGE_CURVE('',#2780,#2770,#2288,.T.);
#3520=EDGE_CURVE('',#2781,#2780,#1637,.T.);
#3521=EDGE_CURVE('',#2781,#2771,#2289,.T.);
#3522=EDGE_CURVE('',#2780,#2782,#1638,.T.);
#3523=EDGE_CURVE('',#2783,#2782,#1639,.T.);
#3524=EDGE_CURVE('',#2781,#2783,#1640,.T.);
#3525=EDGE_CURVE('',#2782,#2784,#2290,.T.);
#3526=EDGE_CURVE('',#2785,#2784,#1641,.T.);
#3527=EDGE_CURVE('',#2783,#2785,#2291,.T.);
#3528=EDGE_CURVE('',#2786,#2784,#1642,.T.);
#3529=EDGE_CURVE('',#2787,#2786,#1643,.T.);
#3530=EDGE_CURVE('',#2787,#2785,#1644,.T.);
#3531=EDGE_CURVE('',#2788,#2789,#2292,.T.);
#3532=EDGE_CURVE('',#2790,#2788,#1645,.T.);
#3533=EDGE_CURVE('',#2791,#2790,#2293,.T.);
#3534=EDGE_CURVE('',#2792,#2791,#1646,.T.);
#3535=EDGE_CURVE('',#2793,#2792,#2294,.T.);
#3536=EDGE_CURVE('',#2794,#2793,#1647,.T.);
#3537=EDGE_CURVE('',#2795,#2794,#2295,.T.);
#3538=EDGE_CURVE('',#2789,#2795,#1648,.T.);
#3539=EDGE_CURVE('',#2786,#2796,#2296,.T.);
#3540=EDGE_CURVE('',#2797,#2796,#1649,.T.);
#3541=EDGE_CURVE('',#2787,#2797,#2297,.T.);
#3542=EDGE_CURVE('',#2796,#2798,#1650,.T.);
#3543=EDGE_CURVE('',#2799,#2798,#1651,.T.);
#3544=EDGE_CURVE('',#2797,#2799,#1652,.T.);
#3545=EDGE_CURVE('',#2798,#2800,#1653,.T.);
#3546=EDGE_CURVE('',#2801,#2800,#1654,.T.);
#3547=EDGE_CURVE('',#2799,#2801,#1655,.T.);
#3548=EDGE_CURVE('',#2767,#2800,#1656,.T.);
#3549=EDGE_CURVE('',#2769,#2801,#1657,.T.);
#3550=EDGE_CURVE('',#2773,#2788,#1658,.T.);
#3551=EDGE_CURVE('',#2774,#2789,#1659,.T.);
#3552=EDGE_CURVE('',#2772,#2790,#1660,.T.);
#3553=EDGE_CURVE('',#2779,#2791,#1661,.T.);
#3554=EDGE_CURVE('',#2778,#2792,#1662,.T.);
#3555=EDGE_CURVE('',#2777,#2793,#1663,.T.);
#3556=EDGE_CURVE('',#2776,#2794,#1664,.T.);
#3557=EDGE_CURVE('',#2775,#2795,#1665,.T.);
#3558=ORIENTED_EDGE('',*,*,#2802,.T.);
#3559=ORIENTED_EDGE('',*,*,#2803,.T.);
#3560=ORIENTED_EDGE('',*,*,#2804,.T.);
#3561=ORIENTED_EDGE('',*,*,#2805,.T.);
#3562=ORIENTED_EDGE('',*,*,#2803,.F.);
#3563=ORIENTED_EDGE('',*,*,#2806,.T.);
#3564=ORIENTED_EDGE('',*,*,#2807,.F.);
#3565=ORIENTED_EDGE('',*,*,#2808,.T.);
#3566=ORIENTED_EDGE('',*,*,#2802,.F.);
#3567=ORIENTED_EDGE('',*,*,#2809,.T.);
#3568=ORIENTED_EDGE('',*,*,#2810,.T.);
#3569=ORIENTED_EDGE('',*,*,#2811,.F.);
#3570=ORIENTED_EDGE('',*,*,#2812,.F.);
#3571=ORIENTED_EDGE('',*,*,#2813,.F.);
#3572=ORIENTED_EDGE('',*,*,#2806,.F.);
#3573=ORIENTED_EDGE('',*,*,#2814,.T.);
#3574=ORIENTED_EDGE('',*,*,#2807,.T.);
#3575=ORIENTED_EDGE('',*,*,#2813,.T.);
#3576=ORIENTED_EDGE('',*,*,#2815,.T.);
#3577=ORIENTED_EDGE('',*,*,#2816,.T.);
#3578=ORIENTED_EDGE('',*,*,#2817,.T.);
#3579=ORIENTED_EDGE('',*,*,#2818,.T.);
#3580=ORIENTED_EDGE('',*,*,#2819,.T.);
#3581=ORIENTED_EDGE('',*,*,#2817,.F.);
#3582=ORIENTED_EDGE('',*,*,#2820,.T.);
#3583=ORIENTED_EDGE('',*,*,#2821,.F.);
#3584=ORIENTED_EDGE('',*,*,#2822,.T.);
#3585=ORIENTED_EDGE('',*,*,#2816,.F.);
#3586=ORIENTED_EDGE('',*,*,#2823,.T.);
#3587=ORIENTED_EDGE('',*,*,#2824,.T.);
#3588=ORIENTED_EDGE('',*,*,#2825,.F.);
#3589=ORIENTED_EDGE('',*,*,#2826,.F.);
#3590=ORIENTED_EDGE('',*,*,#2820,.F.);
#3591=ORIENTED_EDGE('',*,*,#2827,.T.);
#3592=ORIENTED_EDGE('',*,*,#2821,.T.);
#3593=ORIENTED_EDGE('',*,*,#2826,.T.);
#3594=ORIENTED_EDGE('',*,*,#2828,.T.);
#3595=ORIENTED_EDGE('',*,*,#2829,.T.);
#3596=ORIENTED_EDGE('',*,*,#2830,.T.);
#3597=ORIENTED_EDGE('',*,*,#2831,.T.);
#3598=ORIENTED_EDGE('',*,*,#2832,.T.);
#3599=ORIENTED_EDGE('',*,*,#2830,.F.);
#3600=ORIENTED_EDGE('',*,*,#2833,.T.);
#3601=ORIENTED_EDGE('',*,*,#2834,.F.);
#3602=ORIENTED_EDGE('',*,*,#2835,.T.);
#3603=ORIENTED_EDGE('',*,*,#2829,.F.);
#3604=ORIENTED_EDGE('',*,*,#2836,.T.);
#3605=ORIENTED_EDGE('',*,*,#2837,.F.);
#3606=ORIENTED_EDGE('',*,*,#2838,.T.);
#3607=ORIENTED_EDGE('',*,*,#2839,.F.);
#3608=ORIENTED_EDGE('',*,*,#2840,.F.);
#3609=ORIENTED_EDGE('',*,*,#2833,.F.);
#3610=ORIENTED_EDGE('',*,*,#2841,.T.);
#3611=ORIENTED_EDGE('',*,*,#2834,.T.);
#3612=ORIENTED_EDGE('',*,*,#2840,.T.);
#3613=ORIENTED_EDGE('',*,*,#2842,.T.);
#3614=ORIENTED_EDGE('',*,*,#2832,.F.);
#3615=ORIENTED_EDGE('',*,*,#2843,.T.);
#3616=ORIENTED_EDGE('',*,*,#2844,.F.);
#3617=ORIENTED_EDGE('',*,*,#2836,.F.);
#3618=ORIENTED_EDGE('',*,*,#2819,.F.);
#3619=ORIENTED_EDGE('',*,*,#2845,.T.);
#3620=ORIENTED_EDGE('',*,*,#2846,.T.);
#3621=ORIENTED_EDGE('',*,*,#2823,.F.);
#3622=ORIENTED_EDGE('',*,*,#2805,.F.);
#3623=ORIENTED_EDGE('',*,*,#2847,.T.);
#3624=ORIENTED_EDGE('',*,*,#2848,.T.);
#3625=ORIENTED_EDGE('',*,*,#2809,.F.);
#3626=ORIENTED_EDGE('',*,*,#2842,.F.);
#3627=ORIENTED_EDGE('',*,*,#2839,.T.);
#3628=ORIENTED_EDGE('',*,*,#2849,.T.);
#3629=ORIENTED_EDGE('',*,*,#2850,.F.);
#3630=ORIENTED_EDGE('',*,*,#2828,.F.);
#3631=ORIENTED_EDGE('',*,*,#2825,.T.);
#3632=ORIENTED_EDGE('',*,*,#2851,.T.);
#3633=ORIENTED_EDGE('',*,*,#2852,.F.);
#3634=ORIENTED_EDGE('',*,*,#2815,.F.);
#3635=ORIENTED_EDGE('',*,*,#2812,.T.);
#3636=ORIENTED_EDGE('',*,*,#2853,.F.);
#3637=ORIENTED_EDGE('',*,*,#2854,.F.);
#3638=ORIENTED_EDGE('',*,*,#2855,.F.);
#3639=ORIENTED_EDGE('',*,*,#2856,.T.);
#3640=ORIENTED_EDGE('',*,*,#2857,.T.);
#3641=ORIENTED_EDGE('',*,*,#2856,.F.);
#3642=ORIENTED_EDGE('',*,*,#2858,.F.);
#3643=ORIENTED_EDGE('',*,*,#2859,.T.);
#3644=ORIENTED_EDGE('',*,*,#2860,.T.);
#3645=ORIENTED_EDGE('',*,*,#2859,.F.);
#3646=ORIENTED_EDGE('',*,*,#2861,.F.);
#3647=ORIENTED_EDGE('',*,*,#2862,.T.);
#3648=ORIENTED_EDGE('',*,*,#2863,.T.);
#3649=ORIENTED_EDGE('',*,*,#2862,.F.);
#3650=ORIENTED_EDGE('',*,*,#2864,.F.);
#3651=ORIENTED_EDGE('',*,*,#2865,.T.);
#3652=ORIENTED_EDGE('',*,*,#2866,.T.);
#3653=ORIENTED_EDGE('',*,*,#2865,.F.);
#3654=ORIENTED_EDGE('',*,*,#2867,.T.);
#3655=ORIENTED_EDGE('',*,*,#2868,.T.);
#3656=ORIENTED_EDGE('',*,*,#2869,.F.);
#3657=ORIENTED_EDGE('',*,*,#2870,.F.);
#3658=ORIENTED_EDGE('',*,*,#2824,.F.);
#3659=ORIENTED_EDGE('',*,*,#2846,.F.);
#3660=ORIENTED_EDGE('',*,*,#2871,.F.);
#3661=ORIENTED_EDGE('',*,*,#2851,.F.);
#3662=ORIENTED_EDGE('',*,*,#2872,.F.);
#3663=ORIENTED_EDGE('',*,*,#2873,.F.);
#3664=ORIENTED_EDGE('',*,*,#2874,.T.);
#3665=ORIENTED_EDGE('',*,*,#2875,.F.);
#3666=ORIENTED_EDGE('',*,*,#2876,.F.);
#3667=ORIENTED_EDGE('',*,*,#2877,.F.);
#3668=ORIENTED_EDGE('',*,*,#2810,.F.);
#3669=ORIENTED_EDGE('',*,*,#2848,.F.);
#3670=ORIENTED_EDGE('',*,*,#2873,.T.);
#3671=ORIENTED_EDGE('',*,*,#2878,.T.);
#3672=ORIENTED_EDGE('',*,*,#2853,.T.);
#3673=ORIENTED_EDGE('',*,*,#2811,.T.);
#3674=ORIENTED_EDGE('',*,*,#2877,.T.);
#3675=ORIENTED_EDGE('',*,*,#2879,.F.);
#3676=ORIENTED_EDGE('',*,*,#2880,.F.);
#3677=ORIENTED_EDGE('',*,*,#2881,.T.);
#3678=ORIENTED_EDGE('',*,*,#2838,.F.);
#3679=ORIENTED_EDGE('',*,*,#2882,.T.);
#3680=ORIENTED_EDGE('',*,*,#2883,.F.);
#3681=ORIENTED_EDGE('',*,*,#2884,.T.);
#3682=ORIENTED_EDGE('',*,*,#2885,.T.);
#3683=ORIENTED_EDGE('',*,*,#2886,.T.);
#3684=ORIENTED_EDGE('',*,*,#2887,.F.);
#3685=ORIENTED_EDGE('',*,*,#2849,.F.);
#3686=ORIENTED_EDGE('',*,*,#2882,.F.);
#3687=ORIENTED_EDGE('',*,*,#2837,.T.);
#3688=ORIENTED_EDGE('',*,*,#2844,.T.);
#3689=ORIENTED_EDGE('',*,*,#2888,.T.);
#3690=ORIENTED_EDGE('',*,*,#2886,.F.);
#3691=ORIENTED_EDGE('',*,*,#2889,.T.);
#3692=ORIENTED_EDGE('',*,*,#2890,.T.);
#3693=ORIENTED_EDGE('',*,*,#2891,.F.);
#3694=ORIENTED_EDGE('',*,*,#2892,.T.);
#3695=ORIENTED_EDGE('',*,*,#2893,.T.);
#3696=ORIENTED_EDGE('',*,*,#2894,.F.);
#3697=ORIENTED_EDGE('',*,*,#2895,.F.);
#3698=ORIENTED_EDGE('',*,*,#2896,.F.);
#3699=ORIENTED_EDGE('',*,*,#2897,.F.);
#3700=ORIENTED_EDGE('',*,*,#2898,.T.);
#3701=ORIENTED_EDGE('',*,*,#2899,.F.);
#3702=ORIENTED_EDGE('',*,*,#2900,.T.);
#3703=ORIENTED_EDGE('',*,*,#2901,.T.);
#3704=ORIENTED_EDGE('',*,*,#2902,.F.);
#3705=ORIENTED_EDGE('',*,*,#2903,.T.);
#3706=ORIENTED_EDGE('',*,*,#2904,.T.);
#3707=ORIENTED_EDGE('',*,*,#2900,.F.);
#3708=ORIENTED_EDGE('',*,*,#2905,.F.);
#3709=ORIENTED_EDGE('',*,*,#2875,.T.);
#3710=ORIENTED_EDGE('',*,*,#2906,.T.);
#3711=ORIENTED_EDGE('',*,*,#2884,.F.);
#3712=ORIENTED_EDGE('',*,*,#2907,.F.);
#3713=ORIENTED_EDGE('',*,*,#2894,.T.);
#3714=ORIENTED_EDGE('',*,*,#2908,.F.);
#3715=ORIENTED_EDGE('',*,*,#2909,.F.);
#3716=ORIENTED_EDGE('',*,*,#2895,.T.);
#3717=ORIENTED_EDGE('',*,*,#2907,.T.);
#3718=ORIENTED_EDGE('',*,*,#2883,.T.);
#3719=ORIENTED_EDGE('',*,*,#2891,.T.);
#3720=ORIENTED_EDGE('',*,*,#2910,.T.);
#3721=ORIENTED_EDGE('',*,*,#2911,.T.);
#3722=ORIENTED_EDGE('',*,*,#2869,.T.);
#3723=ORIENTED_EDGE('',*,*,#2912,.T.);
#3724=ORIENTED_EDGE('',*,*,#2913,.T.);
#3725=ORIENTED_EDGE('',*,*,#2879,.T.);
#3726=ORIENTED_EDGE('',*,*,#2876,.T.);
#3727=ORIENTED_EDGE('',*,*,#2905,.T.);
#3728=ORIENTED_EDGE('',*,*,#2899,.T.);
#3729=ORIENTED_EDGE('',*,*,#2914,.F.);
#3730=ORIENTED_EDGE('',*,*,#2857,.F.);
#3731=ORIENTED_EDGE('',*,*,#2860,.F.);
#3732=ORIENTED_EDGE('',*,*,#2863,.F.);
#3733=ORIENTED_EDGE('',*,*,#2866,.F.);
#3734=ORIENTED_EDGE('',*,*,#2890,.F.);
#3735=ORIENTED_EDGE('',*,*,#2915,.T.);
#3736=ORIENTED_EDGE('',*,*,#2916,.T.);
#3737=ORIENTED_EDGE('',*,*,#2910,.F.);
#3738=ORIENTED_EDGE('',*,*,#2916,.F.);
#3739=ORIENTED_EDGE('',*,*,#2917,.T.);
#3740=ORIENTED_EDGE('',*,*,#2870,.T.);
#3741=ORIENTED_EDGE('',*,*,#2911,.F.);
#3742=ORIENTED_EDGE('',*,*,#2868,.F.);
#3743=ORIENTED_EDGE('',*,*,#2918,.T.);
#3744=ORIENTED_EDGE('',*,*,#2919,.T.);
#3745=ORIENTED_EDGE('',*,*,#2912,.F.);
#3746=ORIENTED_EDGE('',*,*,#2919,.F.);
#3747=ORIENTED_EDGE('',*,*,#2920,.T.);
#3748=ORIENTED_EDGE('',*,*,#2880,.T.);
#3749=ORIENTED_EDGE('',*,*,#2913,.F.);
#3750=ORIENTED_EDGE('',*,*,#2909,.T.);
#3751=ORIENTED_EDGE('',*,*,#2921,.F.);
#3752=ORIENTED_EDGE('',*,*,#2922,.F.);
#3753=ORIENTED_EDGE('',*,*,#2896,.T.);
#3754=ORIENTED_EDGE('',*,*,#2914,.T.);
#3755=ORIENTED_EDGE('',*,*,#2898,.F.);
#3756=ORIENTED_EDGE('',*,*,#2923,.F.);
#3757=ORIENTED_EDGE('',*,*,#2924,.T.);
#3758=ORIENTED_EDGE('',*,*,#2908,.T.);
#3759=ORIENTED_EDGE('',*,*,#2924,.F.);
#3760=ORIENTED_EDGE('',*,*,#2925,.F.);
#3761=ORIENTED_EDGE('',*,*,#2921,.T.);
#3762=ORIENTED_EDGE('',*,*,#2922,.T.);
#3763=ORIENTED_EDGE('',*,*,#2925,.T.);
#3764=ORIENTED_EDGE('',*,*,#2923,.T.);
#3765=ORIENTED_EDGE('',*,*,#2897,.T.);
#3766=ORIENTED_EDGE('',*,*,#2926,.F.);
#3767=ORIENTED_EDGE('',*,*,#2927,.F.);
#3768=ORIENTED_EDGE('',*,*,#2928,.F.);
#3769=ORIENTED_EDGE('',*,*,#2929,.F.);
#3770=ORIENTED_EDGE('',*,*,#2929,.T.);
#3771=ORIENTED_EDGE('',*,*,#2930,.T.);
#3772=ORIENTED_EDGE('',*,*,#2931,.F.);
#3773=ORIENTED_EDGE('',*,*,#2932,.F.);
#3774=ORIENTED_EDGE('',*,*,#2933,.F.);
#3775=ORIENTED_EDGE('',*,*,#2934,.F.);
#3776=ORIENTED_EDGE('',*,*,#2926,.T.);
#3777=ORIENTED_EDGE('',*,*,#2932,.T.);
#3778=ORIENTED_EDGE('',*,*,#2935,.F.);
#3779=ORIENTED_EDGE('',*,*,#2936,.T.);
#3780=ORIENTED_EDGE('',*,*,#2927,.T.);
#3781=ORIENTED_EDGE('',*,*,#2934,.T.);
#3782=ORIENTED_EDGE('',*,*,#2931,.T.);
#3783=ORIENTED_EDGE('',*,*,#2937,.T.);
#3784=ORIENTED_EDGE('',*,*,#2935,.T.);
#3785=ORIENTED_EDGE('',*,*,#2933,.T.);
#3786=ORIENTED_EDGE('',*,*,#2938,.F.);
#3787=ORIENTED_EDGE('',*,*,#2903,.F.);
#3788=ORIENTED_EDGE('',*,*,#2939,.F.);
#3789=ORIENTED_EDGE('',*,*,#2940,.F.);
#3790=ORIENTED_EDGE('',*,*,#2941,.T.);
#3791=ORIENTED_EDGE('',*,*,#2942,.T.);
#3792=ORIENTED_EDGE('',*,*,#2943,.T.);
#3793=ORIENTED_EDGE('',*,*,#2944,.T.);
#3794=ORIENTED_EDGE('',*,*,#2945,.F.);
#3795=ORIENTED_EDGE('',*,*,#2892,.F.);
#3796=ORIENTED_EDGE('',*,*,#2938,.T.);
#3797=ORIENTED_EDGE('',*,*,#2946,.T.);
#3798=ORIENTED_EDGE('',*,*,#2947,.F.);
#3799=ORIENTED_EDGE('',*,*,#2946,.F.);
#3800=ORIENTED_EDGE('',*,*,#2940,.T.);
#3801=ORIENTED_EDGE('',*,*,#2948,.T.);
#3802=ORIENTED_EDGE('',*,*,#2949,.F.);
#3803=ORIENTED_EDGE('',*,*,#2948,.F.);
#3804=ORIENTED_EDGE('',*,*,#2939,.T.);
#3805=ORIENTED_EDGE('',*,*,#2902,.T.);
#3806=ORIENTED_EDGE('',*,*,#2950,.T.);
#3807=ORIENTED_EDGE('',*,*,#2951,.T.);
#3808=ORIENTED_EDGE('',*,*,#2941,.F.);
#3809=ORIENTED_EDGE('',*,*,#2952,.T.);
#3810=ORIENTED_EDGE('',*,*,#2943,.F.);
#3811=ORIENTED_EDGE('',*,*,#2953,.T.);
#3812=ORIENTED_EDGE('',*,*,#2954,.T.);
#3813=ORIENTED_EDGE('',*,*,#2955,.F.);
#3814=ORIENTED_EDGE('',*,*,#2956,.T.);
#3815=ORIENTED_EDGE('',*,*,#2952,.F.);
#3816=ORIENTED_EDGE('',*,*,#2944,.F.);
#3817=ORIENTED_EDGE('',*,*,#2955,.T.);
#3818=ORIENTED_EDGE('',*,*,#2954,.F.);
#3819=ORIENTED_EDGE('',*,*,#2957,.T.);
#3820=ORIENTED_EDGE('',*,*,#2950,.F.);
#3821=ORIENTED_EDGE('',*,*,#2956,.F.);
#3822=ORIENTED_EDGE('',*,*,#2951,.F.);
#3823=ORIENTED_EDGE('',*,*,#2957,.F.);
#3824=ORIENTED_EDGE('',*,*,#2953,.F.);
#3825=ORIENTED_EDGE('',*,*,#2942,.F.);
#3826=ORIENTED_EDGE('',*,*,#2930,.F.);
#3827=ORIENTED_EDGE('',*,*,#2928,.T.);
#3828=ORIENTED_EDGE('',*,*,#2936,.F.);
#3829=ORIENTED_EDGE('',*,*,#2937,.F.);
#3830=ORIENTED_EDGE('',*,*,#2831,.F.);
#3831=ORIENTED_EDGE('',*,*,#2835,.F.);
#3832=ORIENTED_EDGE('',*,*,#2841,.F.);
#3833=ORIENTED_EDGE('',*,*,#2850,.T.);
#3834=ORIENTED_EDGE('',*,*,#2887,.T.);
#3835=ORIENTED_EDGE('',*,*,#2888,.F.);
#3836=ORIENTED_EDGE('',*,*,#2843,.F.);
#3837=ORIENTED_EDGE('',*,*,#2804,.F.);
#3838=ORIENTED_EDGE('',*,*,#2808,.F.);
#3839=ORIENTED_EDGE('',*,*,#2814,.F.);
#3840=ORIENTED_EDGE('',*,*,#2854,.T.);
#3841=ORIENTED_EDGE('',*,*,#2878,.F.);
#3842=ORIENTED_EDGE('',*,*,#2872,.T.);
#3843=ORIENTED_EDGE('',*,*,#2847,.F.);
#3844=ORIENTED_EDGE('',*,*,#2818,.F.);
#3845=ORIENTED_EDGE('',*,*,#2822,.F.);
#3846=ORIENTED_EDGE('',*,*,#2827,.F.);
#3847=ORIENTED_EDGE('',*,*,#2852,.T.);
#3848=ORIENTED_EDGE('',*,*,#2871,.T.);
#3849=ORIENTED_EDGE('',*,*,#2845,.F.);
#3850=ORIENTED_EDGE('',*,*,#2958,.T.);
#3851=ORIENTED_EDGE('',*,*,#2959,.F.);
#3852=ORIENTED_EDGE('',*,*,#2960,.F.);
#3853=ORIENTED_EDGE('',*,*,#2961,.T.);
#3854=ORIENTED_EDGE('',*,*,#2962,.T.);
#3855=ORIENTED_EDGE('',*,*,#2961,.F.);
#3856=ORIENTED_EDGE('',*,*,#2963,.F.);
#3857=ORIENTED_EDGE('',*,*,#2964,.T.);
#3858=ORIENTED_EDGE('',*,*,#2965,.T.);
#3859=ORIENTED_EDGE('',*,*,#2964,.F.);
#3860=ORIENTED_EDGE('',*,*,#2966,.F.);
#3861=ORIENTED_EDGE('',*,*,#2967,.T.);
#3862=ORIENTED_EDGE('',*,*,#2968,.T.);
#3863=ORIENTED_EDGE('',*,*,#2967,.F.);
#3864=ORIENTED_EDGE('',*,*,#2969,.F.);
#3865=ORIENTED_EDGE('',*,*,#2959,.T.);
#3866=ORIENTED_EDGE('',*,*,#2960,.T.);
#3867=ORIENTED_EDGE('',*,*,#2969,.T.);
#3868=ORIENTED_EDGE('',*,*,#2966,.T.);
#3869=ORIENTED_EDGE('',*,*,#2963,.T.);
#3870=ORIENTED_EDGE('',*,*,#2893,.F.);
#3871=ORIENTED_EDGE('',*,*,#2945,.T.);
#3872=ORIENTED_EDGE('',*,*,#2947,.T.);
#3873=ORIENTED_EDGE('',*,*,#2949,.T.);
#3874=ORIENTED_EDGE('',*,*,#2901,.F.);
#3875=ORIENTED_EDGE('',*,*,#2904,.F.);
#3876=ORIENTED_EDGE('',*,*,#2874,.F.);
#3877=ORIENTED_EDGE('',*,*,#2881,.F.);
#3878=ORIENTED_EDGE('',*,*,#2920,.F.);
#3879=ORIENTED_EDGE('',*,*,#2918,.F.);
#3880=ORIENTED_EDGE('',*,*,#2867,.F.);
#3881=ORIENTED_EDGE('',*,*,#2917,.F.);
#3882=ORIENTED_EDGE('',*,*,#2915,.F.);
#3883=ORIENTED_EDGE('',*,*,#2889,.F.);
#3884=ORIENTED_EDGE('',*,*,#2885,.F.);
#3885=ORIENTED_EDGE('',*,*,#2906,.F.);
#3886=ORIENTED_EDGE('',*,*,#2958,.F.);
#3887=ORIENTED_EDGE('',*,*,#2962,.F.);
#3888=ORIENTED_EDGE('',*,*,#2965,.F.);
#3889=ORIENTED_EDGE('',*,*,#2968,.F.);
#3890=ORIENTED_EDGE('',*,*,#2864,.T.);
#3891=ORIENTED_EDGE('',*,*,#2861,.T.);
#3892=ORIENTED_EDGE('',*,*,#2858,.T.);
#3893=ORIENTED_EDGE('',*,*,#2855,.T.);
#3894=ORIENTED_EDGE('',*,*,#2970,.T.);
#3895=ORIENTED_EDGE('',*,*,#2971,.T.);
#3896=ORIENTED_EDGE('',*,*,#2972,.T.);
#3897=ORIENTED_EDGE('',*,*,#2973,.T.);
#3898=ORIENTED_EDGE('',*,*,#2974,.T.);
#3899=ORIENTED_EDGE('',*,*,#2975,.T.);
#3900=ORIENTED_EDGE('',*,*,#2976,.T.);
#3901=ORIENTED_EDGE('',*,*,#2977,.T.);
#3902=ORIENTED_EDGE('',*,*,#2978,.F.);
#3903=ORIENTED_EDGE('',*,*,#2979,.F.);
#3904=ORIENTED_EDGE('',*,*,#2980,.F.);
#3905=ORIENTED_EDGE('',*,*,#2981,.F.);
#3906=ORIENTED_EDGE('',*,*,#2982,.T.);
#3907=ORIENTED_EDGE('',*,*,#2983,.T.);
#3908=ORIENTED_EDGE('',*,*,#2984,.T.);
#3909=ORIENTED_EDGE('',*,*,#2985,.T.);
#3910=ORIENTED_EDGE('',*,*,#2986,.T.);
#3911=ORIENTED_EDGE('',*,*,#2987,.T.);
#3912=ORIENTED_EDGE('',*,*,#2988,.T.);
#3913=ORIENTED_EDGE('',*,*,#2989,.T.);
#3914=ORIENTED_EDGE('',*,*,#2990,.T.);
#3915=ORIENTED_EDGE('',*,*,#2991,.T.);
#3916=ORIENTED_EDGE('',*,*,#2992,.T.);
#3917=ORIENTED_EDGE('',*,*,#2993,.T.);
#3918=ORIENTED_EDGE('',*,*,#2994,.T.);
#3919=ORIENTED_EDGE('',*,*,#2995,.T.);
#3920=ORIENTED_EDGE('',*,*,#2996,.T.);
#3921=ORIENTED_EDGE('',*,*,#2997,.T.);
#3922=ORIENTED_EDGE('',*,*,#2998,.T.);
#3923=ORIENTED_EDGE('',*,*,#2999,.T.);
#3924=ORIENTED_EDGE('',*,*,#3000,.T.);
#3925=ORIENTED_EDGE('',*,*,#3001,.T.);
#3926=ORIENTED_EDGE('',*,*,#3002,.T.);
#3927=ORIENTED_EDGE('',*,*,#3003,.T.);
#3928=ORIENTED_EDGE('',*,*,#3004,.T.);
#3929=ORIENTED_EDGE('',*,*,#3005,.T.);
#3930=ORIENTED_EDGE('',*,*,#3006,.T.);
#3931=ORIENTED_EDGE('',*,*,#3007,.T.);
#3932=ORIENTED_EDGE('',*,*,#3008,.T.);
#3933=ORIENTED_EDGE('',*,*,#3009,.T.);
#3934=ORIENTED_EDGE('',*,*,#3010,.T.);
#3935=ORIENTED_EDGE('',*,*,#3011,.T.);
#3936=ORIENTED_EDGE('',*,*,#3012,.T.);
#3937=ORIENTED_EDGE('',*,*,#3013,.T.);
#3938=ORIENTED_EDGE('',*,*,#3014,.T.);
#3939=ORIENTED_EDGE('',*,*,#3015,.T.);
#3940=ORIENTED_EDGE('',*,*,#3016,.T.);
#3941=ORIENTED_EDGE('',*,*,#3017,.T.);
#3942=ORIENTED_EDGE('',*,*,#3018,.T.);
#3943=ORIENTED_EDGE('',*,*,#3019,.T.);
#3944=ORIENTED_EDGE('',*,*,#3020,.T.);
#3945=ORIENTED_EDGE('',*,*,#3021,.T.);
#3946=ORIENTED_EDGE('',*,*,#3022,.T.);
#3947=ORIENTED_EDGE('',*,*,#3023,.T.);
#3948=ORIENTED_EDGE('',*,*,#3024,.T.);
#3949=ORIENTED_EDGE('',*,*,#3025,.T.);
#3950=ORIENTED_EDGE('',*,*,#3026,.T.);
#3951=ORIENTED_EDGE('',*,*,#3027,.T.);
#3952=ORIENTED_EDGE('',*,*,#3028,.T.);
#3953=ORIENTED_EDGE('',*,*,#3029,.T.);
#3954=ORIENTED_EDGE('',*,*,#3030,.T.);
#3955=ORIENTED_EDGE('',*,*,#3031,.T.);
#3956=ORIENTED_EDGE('',*,*,#3032,.T.);
#3957=ORIENTED_EDGE('',*,*,#3033,.T.);
#3958=ORIENTED_EDGE('',*,*,#3034,.T.);
#3959=ORIENTED_EDGE('',*,*,#3035,.T.);
#3960=ORIENTED_EDGE('',*,*,#3036,.T.);
#3961=ORIENTED_EDGE('',*,*,#3037,.T.);
#3962=ORIENTED_EDGE('',*,*,#3038,.T.);
#3963=ORIENTED_EDGE('',*,*,#3039,.T.);
#3964=ORIENTED_EDGE('',*,*,#3040,.T.);
#3965=ORIENTED_EDGE('',*,*,#3041,.T.);
#3966=ORIENTED_EDGE('',*,*,#3042,.T.);
#3967=ORIENTED_EDGE('',*,*,#3043,.T.);
#3968=ORIENTED_EDGE('',*,*,#3044,.T.);
#3969=ORIENTED_EDGE('',*,*,#3045,.T.);
#3970=ORIENTED_EDGE('',*,*,#3046,.T.);
#3971=ORIENTED_EDGE('',*,*,#3047,.T.);
#3972=ORIENTED_EDGE('',*,*,#3048,.T.);
#3973=ORIENTED_EDGE('',*,*,#3049,.T.);
#3974=ORIENTED_EDGE('',*,*,#3050,.T.);
#3975=ORIENTED_EDGE('',*,*,#3051,.T.);
#3976=ORIENTED_EDGE('',*,*,#3052,.T.);
#3977=ORIENTED_EDGE('',*,*,#3053,.T.);
#3978=ORIENTED_EDGE('',*,*,#3054,.T.);
#3979=ORIENTED_EDGE('',*,*,#3055,.T.);
#3980=ORIENTED_EDGE('',*,*,#3056,.T.);
#3981=ORIENTED_EDGE('',*,*,#3057,.T.);
#3982=ORIENTED_EDGE('',*,*,#3058,.T.);
#3983=ORIENTED_EDGE('',*,*,#3059,.T.);
#3984=ORIENTED_EDGE('',*,*,#3060,.T.);
#3985=ORIENTED_EDGE('',*,*,#3061,.T.);
#3986=ORIENTED_EDGE('',*,*,#3062,.T.);
#3987=ORIENTED_EDGE('',*,*,#3063,.T.);
#3988=ORIENTED_EDGE('',*,*,#3064,.T.);
#3989=ORIENTED_EDGE('',*,*,#3065,.T.);
#3990=ORIENTED_EDGE('',*,*,#3066,.T.);
#3991=ORIENTED_EDGE('',*,*,#3067,.T.);
#3992=ORIENTED_EDGE('',*,*,#3068,.T.);
#3993=ORIENTED_EDGE('',*,*,#3069,.T.);
#3994=ORIENTED_EDGE('',*,*,#3070,.T.);
#3995=ORIENTED_EDGE('',*,*,#3071,.T.);
#3996=ORIENTED_EDGE('',*,*,#3072,.T.);
#3997=ORIENTED_EDGE('',*,*,#3073,.T.);
#3998=ORIENTED_EDGE('',*,*,#3074,.T.);
#3999=ORIENTED_EDGE('',*,*,#3075,.T.);
#4000=ORIENTED_EDGE('',*,*,#3076,.T.);
#4001=ORIENTED_EDGE('',*,*,#3077,.T.);
#4002=ORIENTED_EDGE('',*,*,#3078,.T.);
#4003=ORIENTED_EDGE('',*,*,#3079,.T.);
#4004=ORIENTED_EDGE('',*,*,#3080,.T.);
#4005=ORIENTED_EDGE('',*,*,#3081,.T.);
#4006=ORIENTED_EDGE('',*,*,#3082,.T.);
#4007=ORIENTED_EDGE('',*,*,#3083,.T.);
#4008=ORIENTED_EDGE('',*,*,#3084,.T.);
#4009=ORIENTED_EDGE('',*,*,#3085,.T.);
#4010=ORIENTED_EDGE('',*,*,#3086,.T.);
#4011=ORIENTED_EDGE('',*,*,#3087,.T.);
#4012=ORIENTED_EDGE('',*,*,#3088,.T.);
#4013=ORIENTED_EDGE('',*,*,#3089,.T.);
#4014=ORIENTED_EDGE('',*,*,#3090,.T.);
#4015=ORIENTED_EDGE('',*,*,#3091,.T.);
#4016=ORIENTED_EDGE('',*,*,#3092,.T.);
#4017=ORIENTED_EDGE('',*,*,#3093,.T.);
#4018=ORIENTED_EDGE('',*,*,#3094,.T.);
#4019=ORIENTED_EDGE('',*,*,#3095,.T.);
#4020=ORIENTED_EDGE('',*,*,#3096,.T.);
#4021=ORIENTED_EDGE('',*,*,#3097,.T.);
#4022=ORIENTED_EDGE('',*,*,#3098,.T.);
#4023=ORIENTED_EDGE('',*,*,#3099,.T.);
#4024=ORIENTED_EDGE('',*,*,#3100,.T.);
#4025=ORIENTED_EDGE('',*,*,#3101,.T.);
#4026=ORIENTED_EDGE('',*,*,#3102,.T.);
#4027=ORIENTED_EDGE('',*,*,#3103,.T.);
#4028=ORIENTED_EDGE('',*,*,#3104,.T.);
#4029=ORIENTED_EDGE('',*,*,#3105,.T.);
#4030=ORIENTED_EDGE('',*,*,#3106,.T.);
#4031=ORIENTED_EDGE('',*,*,#3107,.T.);
#4032=ORIENTED_EDGE('',*,*,#3108,.T.);
#4033=ORIENTED_EDGE('',*,*,#3109,.T.);
#4034=ORIENTED_EDGE('',*,*,#3110,.T.);
#4035=ORIENTED_EDGE('',*,*,#3111,.T.);
#4036=ORIENTED_EDGE('',*,*,#3112,.F.);
#4037=ORIENTED_EDGE('',*,*,#3113,.F.);
#4038=ORIENTED_EDGE('',*,*,#3114,.T.);
#4039=ORIENTED_EDGE('',*,*,#2975,.F.);
#4040=ORIENTED_EDGE('',*,*,#3115,.F.);
#4041=ORIENTED_EDGE('',*,*,#3116,.T.);
#4042=ORIENTED_EDGE('',*,*,#2971,.F.);
#4043=ORIENTED_EDGE('',*,*,#3117,.F.);
#4044=ORIENTED_EDGE('',*,*,#3118,.F.);
#4045=ORIENTED_EDGE('',*,*,#3117,.T.);
#4046=ORIENTED_EDGE('',*,*,#2970,.F.);
#4047=ORIENTED_EDGE('',*,*,#3119,.F.);
#4048=ORIENTED_EDGE('',*,*,#3120,.F.);
#4049=ORIENTED_EDGE('',*,*,#3119,.T.);
#4050=ORIENTED_EDGE('',*,*,#2977,.F.);
#4051=ORIENTED_EDGE('',*,*,#3121,.F.);
#4052=ORIENTED_EDGE('',*,*,#3122,.F.);
#4053=ORIENTED_EDGE('',*,*,#3123,.F.);
#4054=ORIENTED_EDGE('',*,*,#3124,.F.);
#4055=ORIENTED_EDGE('',*,*,#3125,.F.);
#4056=ORIENTED_EDGE('',*,*,#3126,.F.);
#4057=ORIENTED_EDGE('',*,*,#3127,.F.);
#4058=ORIENTED_EDGE('',*,*,#3128,.F.);
#4059=ORIENTED_EDGE('',*,*,#3129,.F.);
#4060=ORIENTED_EDGE('',*,*,#3130,.F.);
#4061=ORIENTED_EDGE('',*,*,#3131,.F.);
#4062=ORIENTED_EDGE('',*,*,#3132,.F.);
#4063=ORIENTED_EDGE('',*,*,#3133,.F.);
#4064=ORIENTED_EDGE('',*,*,#3134,.F.);
#4065=ORIENTED_EDGE('',*,*,#3121,.T.);
#4066=ORIENTED_EDGE('',*,*,#2976,.F.);
#4067=ORIENTED_EDGE('',*,*,#3114,.F.);
#4068=ORIENTED_EDGE('',*,*,#3118,.T.);
#4069=ORIENTED_EDGE('',*,*,#3120,.T.);
#4070=ORIENTED_EDGE('',*,*,#3134,.T.);
#4071=ORIENTED_EDGE('',*,*,#3113,.T.);
#4072=ORIENTED_EDGE('',*,*,#3135,.F.);
#4073=ORIENTED_EDGE('',*,*,#3136,.F.);
#4074=ORIENTED_EDGE('',*,*,#3137,.F.);
#4075=ORIENTED_EDGE('',*,*,#3115,.T.);
#4076=ORIENTED_EDGE('',*,*,#3138,.T.);
#4077=ORIENTED_EDGE('',*,*,#3139,.T.);
#4078=ORIENTED_EDGE('',*,*,#3140,.T.);
#4079=ORIENTED_EDGE('',*,*,#3141,.T.);
#4080=ORIENTED_EDGE('',*,*,#3116,.F.);
#4081=ORIENTED_EDGE('',*,*,#3137,.T.);
#4082=ORIENTED_EDGE('',*,*,#3142,.T.);
#4083=ORIENTED_EDGE('',*,*,#2972,.F.);
#4084=ORIENTED_EDGE('',*,*,#3142,.F.);
#4085=ORIENTED_EDGE('',*,*,#3136,.T.);
#4086=ORIENTED_EDGE('',*,*,#3143,.T.);
#4087=ORIENTED_EDGE('',*,*,#2973,.F.);
#4088=ORIENTED_EDGE('',*,*,#3143,.F.);
#4089=ORIENTED_EDGE('',*,*,#3135,.T.);
#4090=ORIENTED_EDGE('',*,*,#3112,.T.);
#4091=ORIENTED_EDGE('',*,*,#2974,.F.);
#4092=ORIENTED_EDGE('',*,*,#3144,.F.);
#4093=ORIENTED_EDGE('',*,*,#3140,.F.);
#4094=ORIENTED_EDGE('',*,*,#3145,.T.);
#4095=ORIENTED_EDGE('',*,*,#2981,.T.);
#4096=ORIENTED_EDGE('',*,*,#3146,.F.);
#4097=ORIENTED_EDGE('',*,*,#3141,.F.);
#4098=ORIENTED_EDGE('',*,*,#3144,.T.);
#4099=ORIENTED_EDGE('',*,*,#2980,.T.);
#4100=ORIENTED_EDGE('',*,*,#3147,.F.);
#4101=ORIENTED_EDGE('',*,*,#3138,.F.);
#4102=ORIENTED_EDGE('',*,*,#3146,.T.);
#4103=ORIENTED_EDGE('',*,*,#2979,.T.);
#4104=ORIENTED_EDGE('',*,*,#3145,.F.);
#4105=ORIENTED_EDGE('',*,*,#3139,.F.);
#4106=ORIENTED_EDGE('',*,*,#3147,.T.);
#4107=ORIENTED_EDGE('',*,*,#2978,.T.);
#4108=ORIENTED_EDGE('',*,*,#3130,.T.);
#4109=ORIENTED_EDGE('',*,*,#3148,.F.);
#4110=ORIENTED_EDGE('',*,*,#3149,.F.);
#4111=ORIENTED_EDGE('',*,*,#3150,.T.);
#4112=ORIENTED_EDGE('',*,*,#3131,.T.);
#4113=ORIENTED_EDGE('',*,*,#3150,.F.);
#4114=ORIENTED_EDGE('',*,*,#3151,.F.);
#4115=ORIENTED_EDGE('',*,*,#3152,.T.);
#4116=ORIENTED_EDGE('',*,*,#3132,.T.);
#4117=ORIENTED_EDGE('',*,*,#3152,.F.);
#4118=ORIENTED_EDGE('',*,*,#3153,.F.);
#4119=ORIENTED_EDGE('',*,*,#3154,.T.);
#4120=ORIENTED_EDGE('',*,*,#3133,.T.);
#4121=ORIENTED_EDGE('',*,*,#3154,.F.);
#4122=ORIENTED_EDGE('',*,*,#3155,.F.);
#4123=ORIENTED_EDGE('',*,*,#3148,.T.);
#4124=ORIENTED_EDGE('',*,*,#3126,.T.);
#4125=ORIENTED_EDGE('',*,*,#3156,.F.);
#4126=ORIENTED_EDGE('',*,*,#3157,.F.);
#4127=ORIENTED_EDGE('',*,*,#3158,.T.);
#4128=ORIENTED_EDGE('',*,*,#3127,.T.);
#4129=ORIENTED_EDGE('',*,*,#3158,.F.);
#4130=ORIENTED_EDGE('',*,*,#3159,.F.);
#4131=ORIENTED_EDGE('',*,*,#3160,.T.);
#4132=ORIENTED_EDGE('',*,*,#3128,.T.);
#4133=ORIENTED_EDGE('',*,*,#3160,.F.);
#4134=ORIENTED_EDGE('',*,*,#3161,.F.);
#4135=ORIENTED_EDGE('',*,*,#3162,.T.);
#4136=ORIENTED_EDGE('',*,*,#3129,.T.);
#4137=ORIENTED_EDGE('',*,*,#3162,.F.);
#4138=ORIENTED_EDGE('',*,*,#3163,.F.);
#4139=ORIENTED_EDGE('',*,*,#3156,.T.);
#4140=ORIENTED_EDGE('',*,*,#3157,.T.);
#4141=ORIENTED_EDGE('',*,*,#3163,.T.);
#4142=ORIENTED_EDGE('',*,*,#3161,.T.);
#4143=ORIENTED_EDGE('',*,*,#3159,.T.);
#4144=ORIENTED_EDGE('',*,*,#3122,.T.);
#4145=ORIENTED_EDGE('',*,*,#3164,.F.);
#4146=ORIENTED_EDGE('',*,*,#3165,.F.);
#4147=ORIENTED_EDGE('',*,*,#3166,.T.);
#4148=ORIENTED_EDGE('',*,*,#3123,.T.);
#4149=ORIENTED_EDGE('',*,*,#3166,.F.);
#4150=ORIENTED_EDGE('',*,*,#3167,.F.);
#4151=ORIENTED_EDGE('',*,*,#3168,.T.);
#4152=ORIENTED_EDGE('',*,*,#3124,.T.);
#4153=ORIENTED_EDGE('',*,*,#3168,.F.);
#4154=ORIENTED_EDGE('',*,*,#3169,.F.);
#4155=ORIENTED_EDGE('',*,*,#3170,.T.);
#4156=ORIENTED_EDGE('',*,*,#3125,.T.);
#4157=ORIENTED_EDGE('',*,*,#3170,.F.);
#4158=ORIENTED_EDGE('',*,*,#3171,.F.);
#4159=ORIENTED_EDGE('',*,*,#3164,.T.);
#4160=ORIENTED_EDGE('',*,*,#3165,.T.);
#4161=ORIENTED_EDGE('',*,*,#3171,.T.);
#4162=ORIENTED_EDGE('',*,*,#3169,.T.);
#4163=ORIENTED_EDGE('',*,*,#3167,.T.);
#4164=ORIENTED_EDGE('',*,*,#3103,.F.);
#4165=ORIENTED_EDGE('',*,*,#3172,.F.);
#4166=ORIENTED_EDGE('',*,*,#3173,.T.);
#4167=ORIENTED_EDGE('',*,*,#3174,.T.);
#4168=ORIENTED_EDGE('',*,*,#3102,.F.);
#4169=ORIENTED_EDGE('',*,*,#3175,.F.);
#4170=ORIENTED_EDGE('',*,*,#3176,.T.);
#4171=ORIENTED_EDGE('',*,*,#3172,.T.);
#4172=ORIENTED_EDGE('',*,*,#3111,.F.);
#4173=ORIENTED_EDGE('',*,*,#3177,.F.);
#4174=ORIENTED_EDGE('',*,*,#3178,.T.);
#4175=ORIENTED_EDGE('',*,*,#3175,.T.);
#4176=ORIENTED_EDGE('',*,*,#3110,.F.);
#4177=ORIENTED_EDGE('',*,*,#3179,.F.);
#4178=ORIENTED_EDGE('',*,*,#3180,.T.);
#4179=ORIENTED_EDGE('',*,*,#3177,.T.);
#4180=ORIENTED_EDGE('',*,*,#3109,.F.);
#4181=ORIENTED_EDGE('',*,*,#3181,.F.);
#4182=ORIENTED_EDGE('',*,*,#3182,.T.);
#4183=ORIENTED_EDGE('',*,*,#3179,.T.);
#4184=ORIENTED_EDGE('',*,*,#3108,.F.);
#4185=ORIENTED_EDGE('',*,*,#3183,.F.);
#4186=ORIENTED_EDGE('',*,*,#3184,.T.);
#4187=ORIENTED_EDGE('',*,*,#3181,.T.);
#4188=ORIENTED_EDGE('',*,*,#3107,.F.);
#4189=ORIENTED_EDGE('',*,*,#3185,.F.);
#4190=ORIENTED_EDGE('',*,*,#3186,.T.);
#4191=ORIENTED_EDGE('',*,*,#3183,.T.);
#4192=ORIENTED_EDGE('',*,*,#3106,.F.);
#4193=ORIENTED_EDGE('',*,*,#3187,.F.);
#4194=ORIENTED_EDGE('',*,*,#3188,.T.);
#4195=ORIENTED_EDGE('',*,*,#3185,.T.);
#4196=ORIENTED_EDGE('',*,*,#3105,.F.);
#4197=ORIENTED_EDGE('',*,*,#3189,.F.);
#4198=ORIENTED_EDGE('',*,*,#3190,.T.);
#4199=ORIENTED_EDGE('',*,*,#3187,.T.);
#4200=ORIENTED_EDGE('',*,*,#3104,.F.);
#4201=ORIENTED_EDGE('',*,*,#3174,.F.);
#4202=ORIENTED_EDGE('',*,*,#3191,.T.);
#4203=ORIENTED_EDGE('',*,*,#3189,.T.);
#4204=ORIENTED_EDGE('',*,*,#3173,.F.);
#4205=ORIENTED_EDGE('',*,*,#3176,.F.);
#4206=ORIENTED_EDGE('',*,*,#3178,.F.);
#4207=ORIENTED_EDGE('',*,*,#3180,.F.);
#4208=ORIENTED_EDGE('',*,*,#3182,.F.);
#4209=ORIENTED_EDGE('',*,*,#3184,.F.);
#4210=ORIENTED_EDGE('',*,*,#3186,.F.);
#4211=ORIENTED_EDGE('',*,*,#3188,.F.);
#4212=ORIENTED_EDGE('',*,*,#3190,.F.);
#4213=ORIENTED_EDGE('',*,*,#3191,.F.);
#4214=ORIENTED_EDGE('',*,*,#3093,.F.);
#4215=ORIENTED_EDGE('',*,*,#3192,.F.);
#4216=ORIENTED_EDGE('',*,*,#3193,.T.);
#4217=ORIENTED_EDGE('',*,*,#3194,.T.);
#4218=ORIENTED_EDGE('',*,*,#3092,.F.);
#4219=ORIENTED_EDGE('',*,*,#3195,.F.);
#4220=ORIENTED_EDGE('',*,*,#3196,.T.);
#4221=ORIENTED_EDGE('',*,*,#3192,.T.);
#4222=ORIENTED_EDGE('',*,*,#3101,.F.);
#4223=ORIENTED_EDGE('',*,*,#3197,.F.);
#4224=ORIENTED_EDGE('',*,*,#3198,.T.);
#4225=ORIENTED_EDGE('',*,*,#3195,.T.);
#4226=ORIENTED_EDGE('',*,*,#3100,.F.);
#4227=ORIENTED_EDGE('',*,*,#3199,.F.);
#4228=ORIENTED_EDGE('',*,*,#3200,.T.);
#4229=ORIENTED_EDGE('',*,*,#3197,.T.);
#4230=ORIENTED_EDGE('',*,*,#3099,.F.);
#4231=ORIENTED_EDGE('',*,*,#3201,.F.);
#4232=ORIENTED_EDGE('',*,*,#3202,.T.);
#4233=ORIENTED_EDGE('',*,*,#3199,.T.);
#4234=ORIENTED_EDGE('',*,*,#3098,.F.);
#4235=ORIENTED_EDGE('',*,*,#3203,.F.);
#4236=ORIENTED_EDGE('',*,*,#3204,.T.);
#4237=ORIENTED_EDGE('',*,*,#3201,.T.);
#4238=ORIENTED_EDGE('',*,*,#3097,.F.);
#4239=ORIENTED_EDGE('',*,*,#3205,.F.);
#4240=ORIENTED_EDGE('',*,*,#3206,.T.);
#4241=ORIENTED_EDGE('',*,*,#3203,.T.);
#4242=ORIENTED_EDGE('',*,*,#3096,.F.);
#4243=ORIENTED_EDGE('',*,*,#3207,.F.);
#4244=ORIENTED_EDGE('',*,*,#3208,.T.);
#4245=ORIENTED_EDGE('',*,*,#3205,.T.);
#4246=ORIENTED_EDGE('',*,*,#3095,.F.);
#4247=ORIENTED_EDGE('',*,*,#3209,.F.);
#4248=ORIENTED_EDGE('',*,*,#3210,.T.);
#4249=ORIENTED_EDGE('',*,*,#3207,.T.);
#4250=ORIENTED_EDGE('',*,*,#3094,.F.);
#4251=ORIENTED_EDGE('',*,*,#3194,.F.);
#4252=ORIENTED_EDGE('',*,*,#3211,.T.);
#4253=ORIENTED_EDGE('',*,*,#3209,.T.);
#4254=ORIENTED_EDGE('',*,*,#3193,.F.);
#4255=ORIENTED_EDGE('',*,*,#3196,.F.);
#4256=ORIENTED_EDGE('',*,*,#3198,.F.);
#4257=ORIENTED_EDGE('',*,*,#3200,.F.);
#4258=ORIENTED_EDGE('',*,*,#3202,.F.);
#4259=ORIENTED_EDGE('',*,*,#3204,.F.);
#4260=ORIENTED_EDGE('',*,*,#3206,.F.);
#4261=ORIENTED_EDGE('',*,*,#3208,.F.);
#4262=ORIENTED_EDGE('',*,*,#3210,.F.);
#4263=ORIENTED_EDGE('',*,*,#3211,.F.);
#4264=ORIENTED_EDGE('',*,*,#3212,.F.);
#4265=ORIENTED_EDGE('',*,*,#3213,.F.);
#4266=ORIENTED_EDGE('',*,*,#3214,.F.);
#4267=ORIENTED_EDGE('',*,*,#3215,.F.);
#4268=ORIENTED_EDGE('',*,*,#3216,.F.);
#4269=ORIENTED_EDGE('',*,*,#3217,.F.);
#4270=ORIENTED_EDGE('',*,*,#3218,.F.);
#4271=ORIENTED_EDGE('',*,*,#3219,.F.);
#4272=ORIENTED_EDGE('',*,*,#2983,.F.);
#4273=ORIENTED_EDGE('',*,*,#3220,.F.);
#4274=ORIENTED_EDGE('',*,*,#3212,.T.);
#4275=ORIENTED_EDGE('',*,*,#3221,.T.);
#4276=ORIENTED_EDGE('',*,*,#2982,.F.);
#4277=ORIENTED_EDGE('',*,*,#3222,.F.);
#4278=ORIENTED_EDGE('',*,*,#3213,.T.);
#4279=ORIENTED_EDGE('',*,*,#3220,.T.);
#4280=ORIENTED_EDGE('',*,*,#2985,.F.);
#4281=ORIENTED_EDGE('',*,*,#3223,.F.);
#4282=ORIENTED_EDGE('',*,*,#3214,.T.);
#4283=ORIENTED_EDGE('',*,*,#3222,.T.);
#4284=ORIENTED_EDGE('',*,*,#2984,.F.);
#4285=ORIENTED_EDGE('',*,*,#3221,.F.);
#4286=ORIENTED_EDGE('',*,*,#3215,.T.);
#4287=ORIENTED_EDGE('',*,*,#3223,.T.);
#4288=ORIENTED_EDGE('',*,*,#3224,.F.);
#4289=ORIENTED_EDGE('',*,*,#3225,.F.);
#4290=ORIENTED_EDGE('',*,*,#3217,.T.);
#4291=ORIENTED_EDGE('',*,*,#3226,.T.);
#4292=ORIENTED_EDGE('',*,*,#3227,.F.);
#4293=ORIENTED_EDGE('',*,*,#3226,.F.);
#4294=ORIENTED_EDGE('',*,*,#3216,.T.);
#4295=ORIENTED_EDGE('',*,*,#3228,.T.);
#4296=ORIENTED_EDGE('',*,*,#3229,.F.);
#4297=ORIENTED_EDGE('',*,*,#3228,.F.);
#4298=ORIENTED_EDGE('',*,*,#3219,.T.);
#4299=ORIENTED_EDGE('',*,*,#3230,.T.);
#4300=ORIENTED_EDGE('',*,*,#3231,.F.);
#4301=ORIENTED_EDGE('',*,*,#3230,.F.);
#4302=ORIENTED_EDGE('',*,*,#3218,.T.);
#4303=ORIENTED_EDGE('',*,*,#3225,.T.);
#4304=ORIENTED_EDGE('',*,*,#3231,.T.);
#4305=ORIENTED_EDGE('',*,*,#3224,.T.);
#4306=ORIENTED_EDGE('',*,*,#3227,.T.);
#4307=ORIENTED_EDGE('',*,*,#3229,.T.);
#4308=ORIENTED_EDGE('',*,*,#2987,.F.);
#4309=ORIENTED_EDGE('',*,*,#3232,.F.);
#4310=ORIENTED_EDGE('',*,*,#3233,.T.);
#4311=ORIENTED_EDGE('',*,*,#3234,.T.);
#4312=ORIENTED_EDGE('',*,*,#2986,.F.);
#4313=ORIENTED_EDGE('',*,*,#3235,.F.);
#4314=ORIENTED_EDGE('',*,*,#3236,.T.);
#4315=ORIENTED_EDGE('',*,*,#3232,.T.);
#4316=ORIENTED_EDGE('',*,*,#2995,.F.);
#4317=ORIENTED_EDGE('',*,*,#3237,.F.);
#4318=ORIENTED_EDGE('',*,*,#3238,.T.);
#4319=ORIENTED_EDGE('',*,*,#3235,.T.);
#4320=ORIENTED_EDGE('',*,*,#2994,.F.);
#4321=ORIENTED_EDGE('',*,*,#3239,.F.);
#4322=ORIENTED_EDGE('',*,*,#3240,.T.);
#4323=ORIENTED_EDGE('',*,*,#3237,.T.);
#4324=ORIENTED_EDGE('',*,*,#2993,.F.);
#4325=ORIENTED_EDGE('',*,*,#3241,.F.);
#4326=ORIENTED_EDGE('',*,*,#3242,.T.);
#4327=ORIENTED_EDGE('',*,*,#3239,.T.);
#4328=ORIENTED_EDGE('',*,*,#2992,.F.);
#4329=ORIENTED_EDGE('',*,*,#3243,.F.);
#4330=ORIENTED_EDGE('',*,*,#3244,.T.);
#4331=ORIENTED_EDGE('',*,*,#3241,.T.);
#4332=ORIENTED_EDGE('',*,*,#2991,.F.);
#4333=ORIENTED_EDGE('',*,*,#3245,.F.);
#4334=ORIENTED_EDGE('',*,*,#3246,.T.);
#4335=ORIENTED_EDGE('',*,*,#3243,.T.);
#4336=ORIENTED_EDGE('',*,*,#2990,.F.);
#4337=ORIENTED_EDGE('',*,*,#3247,.F.);
#4338=ORIENTED_EDGE('',*,*,#3248,.T.);
#4339=ORIENTED_EDGE('',*,*,#3245,.T.);
#4340=ORIENTED_EDGE('',*,*,#2989,.F.);
#4341=ORIENTED_EDGE('',*,*,#3249,.F.);
#4342=ORIENTED_EDGE('',*,*,#3250,.T.);
#4343=ORIENTED_EDGE('',*,*,#3247,.T.);
#4344=ORIENTED_EDGE('',*,*,#2988,.F.);
#4345=ORIENTED_EDGE('',*,*,#3234,.F.);
#4346=ORIENTED_EDGE('',*,*,#3251,.T.);
#4347=ORIENTED_EDGE('',*,*,#3249,.T.);
#4348=ORIENTED_EDGE('',*,*,#3233,.F.);
#4349=ORIENTED_EDGE('',*,*,#3236,.F.);
#4350=ORIENTED_EDGE('',*,*,#3238,.F.);
#4351=ORIENTED_EDGE('',*,*,#3240,.F.);
#4352=ORIENTED_EDGE('',*,*,#3242,.F.);
#4353=ORIENTED_EDGE('',*,*,#3244,.F.);
#4354=ORIENTED_EDGE('',*,*,#3246,.F.);
#4355=ORIENTED_EDGE('',*,*,#3248,.F.);
#4356=ORIENTED_EDGE('',*,*,#3250,.F.);
#4357=ORIENTED_EDGE('',*,*,#3251,.F.);
#4358=ORIENTED_EDGE('',*,*,#2997,.F.);
#4359=ORIENTED_EDGE('',*,*,#3252,.F.);
#4360=ORIENTED_EDGE('',*,*,#3253,.T.);
#4361=ORIENTED_EDGE('',*,*,#3254,.T.);
#4362=ORIENTED_EDGE('',*,*,#2996,.F.);
#4363=ORIENTED_EDGE('',*,*,#3255,.F.);
#4364=ORIENTED_EDGE('',*,*,#3256,.T.);
#4365=ORIENTED_EDGE('',*,*,#3252,.T.);
#4366=ORIENTED_EDGE('',*,*,#3005,.F.);
#4367=ORIENTED_EDGE('',*,*,#3257,.F.);
#4368=ORIENTED_EDGE('',*,*,#3258,.T.);
#4369=ORIENTED_EDGE('',*,*,#3255,.T.);
#4370=ORIENTED_EDGE('',*,*,#3004,.F.);
#4371=ORIENTED_EDGE('',*,*,#3259,.F.);
#4372=ORIENTED_EDGE('',*,*,#3260,.T.);
#4373=ORIENTED_EDGE('',*,*,#3257,.T.);
#4374=ORIENTED_EDGE('',*,*,#3003,.F.);
#4375=ORIENTED_EDGE('',*,*,#3261,.F.);
#4376=ORIENTED_EDGE('',*,*,#3262,.T.);
#4377=ORIENTED_EDGE('',*,*,#3259,.T.);
#4378=ORIENTED_EDGE('',*,*,#3002,.F.);
#4379=ORIENTED_EDGE('',*,*,#3263,.F.);
#4380=ORIENTED_EDGE('',*,*,#3264,.T.);
#4381=ORIENTED_EDGE('',*,*,#3261,.T.);
#4382=ORIENTED_EDGE('',*,*,#3001,.F.);
#4383=ORIENTED_EDGE('',*,*,#3265,.F.);
#4384=ORIENTED_EDGE('',*,*,#3266,.T.);
#4385=ORIENTED_EDGE('',*,*,#3263,.T.);
#4386=ORIENTED_EDGE('',*,*,#3000,.F.);
#4387=ORIENTED_EDGE('',*,*,#3267,.F.);
#4388=ORIENTED_EDGE('',*,*,#3268,.T.);
#4389=ORIENTED_EDGE('',*,*,#3265,.T.);
#4390=ORIENTED_EDGE('',*,*,#2999,.F.);
#4391=ORIENTED_EDGE('',*,*,#3269,.F.);
#4392=ORIENTED_EDGE('',*,*,#3270,.T.);
#4393=ORIENTED_EDGE('',*,*,#3267,.T.);
#4394=ORIENTED_EDGE('',*,*,#2998,.F.);
#4395=ORIENTED_EDGE('',*,*,#3254,.F.);
#4396=ORIENTED_EDGE('',*,*,#3271,.T.);
#4397=ORIENTED_EDGE('',*,*,#3269,.T.);
#4398=ORIENTED_EDGE('',*,*,#3253,.F.);
#4399=ORIENTED_EDGE('',*,*,#3256,.F.);
#4400=ORIENTED_EDGE('',*,*,#3258,.F.);
#4401=ORIENTED_EDGE('',*,*,#3260,.F.);
#4402=ORIENTED_EDGE('',*,*,#3262,.F.);
#4403=ORIENTED_EDGE('',*,*,#3264,.F.);
#4404=ORIENTED_EDGE('',*,*,#3266,.F.);
#4405=ORIENTED_EDGE('',*,*,#3268,.F.);
#4406=ORIENTED_EDGE('',*,*,#3270,.F.);
#4407=ORIENTED_EDGE('',*,*,#3271,.F.);
#4408=ORIENTED_EDGE('',*,*,#3007,.F.);
#4409=ORIENTED_EDGE('',*,*,#3272,.F.);
#4410=ORIENTED_EDGE('',*,*,#3273,.T.);
#4411=ORIENTED_EDGE('',*,*,#3274,.T.);
#4412=ORIENTED_EDGE('',*,*,#3006,.F.);
#4413=ORIENTED_EDGE('',*,*,#3275,.F.);
#4414=ORIENTED_EDGE('',*,*,#3276,.T.);
#4415=ORIENTED_EDGE('',*,*,#3272,.T.);
#4416=ORIENTED_EDGE('',*,*,#3012,.F.);
#4417=ORIENTED_EDGE('',*,*,#3277,.F.);
#4418=ORIENTED_EDGE('',*,*,#3278,.T.);
#4419=ORIENTED_EDGE('',*,*,#3275,.T.);
#4420=ORIENTED_EDGE('',*,*,#3011,.F.);
#4421=ORIENTED_EDGE('',*,*,#3279,.F.);
#4422=ORIENTED_EDGE('',*,*,#3280,.T.);
#4423=ORIENTED_EDGE('',*,*,#3277,.T.);
#4424=ORIENTED_EDGE('',*,*,#3010,.F.);
#4425=ORIENTED_EDGE('',*,*,#3281,.F.);
#4426=ORIENTED_EDGE('',*,*,#3282,.T.);
#4427=ORIENTED_EDGE('',*,*,#3279,.T.);
#4428=ORIENTED_EDGE('',*,*,#3009,.F.);
#4429=ORIENTED_EDGE('',*,*,#3283,.F.);
#4430=ORIENTED_EDGE('',*,*,#3284,.T.);
#4431=ORIENTED_EDGE('',*,*,#3281,.T.);
#4432=ORIENTED_EDGE('',*,*,#3008,.F.);
#4433=ORIENTED_EDGE('',*,*,#3274,.F.);
#4434=ORIENTED_EDGE('',*,*,#3285,.T.);
#4435=ORIENTED_EDGE('',*,*,#3283,.T.);
#4436=ORIENTED_EDGE('',*,*,#3273,.F.);
#4437=ORIENTED_EDGE('',*,*,#3276,.F.);
#4438=ORIENTED_EDGE('',*,*,#3278,.F.);
#4439=ORIENTED_EDGE('',*,*,#3280,.F.);
#4440=ORIENTED_EDGE('',*,*,#3282,.F.);
#4441=ORIENTED_EDGE('',*,*,#3284,.F.);
#4442=ORIENTED_EDGE('',*,*,#3285,.F.);
#4443=ORIENTED_EDGE('',*,*,#3286,.F.);
#4444=ORIENTED_EDGE('',*,*,#3287,.F.);
#4445=ORIENTED_EDGE('',*,*,#3288,.F.);
#4446=ORIENTED_EDGE('',*,*,#3289,.F.);
#4447=ORIENTED_EDGE('',*,*,#3290,.F.);
#4448=ORIENTED_EDGE('',*,*,#3291,.F.);
#4449=ORIENTED_EDGE('',*,*,#3292,.F.);
#4450=ORIENTED_EDGE('',*,*,#3293,.F.);
#4451=ORIENTED_EDGE('',*,*,#3294,.F.);
#4452=ORIENTED_EDGE('',*,*,#3295,.F.);
#4453=ORIENTED_EDGE('',*,*,#3296,.F.);
#4454=ORIENTED_EDGE('',*,*,#3297,.F.);
#4455=ORIENTED_EDGE('',*,*,#3298,.F.);
#4456=ORIENTED_EDGE('',*,*,#3085,.F.);
#4457=ORIENTED_EDGE('',*,*,#3299,.F.);
#4458=ORIENTED_EDGE('',*,*,#3286,.T.);
#4459=ORIENTED_EDGE('',*,*,#3300,.T.);
#4460=ORIENTED_EDGE('',*,*,#3084,.F.);
#4461=ORIENTED_EDGE('',*,*,#3301,.F.);
#4462=ORIENTED_EDGE('',*,*,#3287,.T.);
#4463=ORIENTED_EDGE('',*,*,#3299,.T.);
#4464=ORIENTED_EDGE('',*,*,#3091,.F.);
#4465=ORIENTED_EDGE('',*,*,#3302,.F.);
#4466=ORIENTED_EDGE('',*,*,#3288,.T.);
#4467=ORIENTED_EDGE('',*,*,#3301,.T.);
#4468=ORIENTED_EDGE('',*,*,#3090,.F.);
#4469=ORIENTED_EDGE('',*,*,#3303,.F.);
#4470=ORIENTED_EDGE('',*,*,#3289,.T.);
#4471=ORIENTED_EDGE('',*,*,#3302,.T.);
#4472=ORIENTED_EDGE('',*,*,#3089,.F.);
#4473=ORIENTED_EDGE('',*,*,#3304,.F.);
#4474=ORIENTED_EDGE('',*,*,#3290,.T.);
#4475=ORIENTED_EDGE('',*,*,#3303,.T.);
#4476=ORIENTED_EDGE('',*,*,#3088,.F.);
#4477=ORIENTED_EDGE('',*,*,#3305,.F.);
#4478=ORIENTED_EDGE('',*,*,#3291,.T.);
#4479=ORIENTED_EDGE('',*,*,#3304,.T.);
#4480=ORIENTED_EDGE('',*,*,#3087,.F.);
#4481=ORIENTED_EDGE('',*,*,#3306,.F.);
#4482=ORIENTED_EDGE('',*,*,#3292,.T.);
#4483=ORIENTED_EDGE('',*,*,#3305,.T.);
#4484=ORIENTED_EDGE('',*,*,#3086,.F.);
#4485=ORIENTED_EDGE('',*,*,#3300,.F.);
#4486=ORIENTED_EDGE('',*,*,#3293,.T.);
#4487=ORIENTED_EDGE('',*,*,#3306,.T.);
#4488=ORIENTED_EDGE('',*,*,#3307,.F.);
#4489=ORIENTED_EDGE('',*,*,#3308,.F.);
#4490=ORIENTED_EDGE('',*,*,#3294,.T.);
#4491=ORIENTED_EDGE('',*,*,#3309,.T.);
#4492=ORIENTED_EDGE('',*,*,#3310,.F.);
#4493=ORIENTED_EDGE('',*,*,#3309,.F.);
#4494=ORIENTED_EDGE('',*,*,#3298,.T.);
#4495=ORIENTED_EDGE('',*,*,#3311,.T.);
#4496=ORIENTED_EDGE('',*,*,#3312,.F.);
#4497=ORIENTED_EDGE('',*,*,#3311,.F.);
#4498=ORIENTED_EDGE('',*,*,#3297,.T.);
#4499=ORIENTED_EDGE('',*,*,#3313,.T.);
#4500=ORIENTED_EDGE('',*,*,#3314,.F.);
#4501=ORIENTED_EDGE('',*,*,#3313,.F.);
#4502=ORIENTED_EDGE('',*,*,#3296,.T.);
#4503=ORIENTED_EDGE('',*,*,#3315,.T.);
#4504=ORIENTED_EDGE('',*,*,#3316,.F.);
#4505=ORIENTED_EDGE('',*,*,#3315,.F.);
#4506=ORIENTED_EDGE('',*,*,#3295,.T.);
#4507=ORIENTED_EDGE('',*,*,#3308,.T.);
#4508=ORIENTED_EDGE('',*,*,#3316,.T.);
#4509=ORIENTED_EDGE('',*,*,#3307,.T.);
#4510=ORIENTED_EDGE('',*,*,#3310,.T.);
#4511=ORIENTED_EDGE('',*,*,#3312,.T.);
#4512=ORIENTED_EDGE('',*,*,#3314,.T.);
#4513=ORIENTED_EDGE('',*,*,#3078,.F.);
#4514=ORIENTED_EDGE('',*,*,#3317,.F.);
#4515=ORIENTED_EDGE('',*,*,#3318,.T.);
#4516=ORIENTED_EDGE('',*,*,#3319,.T.);
#4517=ORIENTED_EDGE('',*,*,#3077,.F.);
#4518=ORIENTED_EDGE('',*,*,#3320,.F.);
#4519=ORIENTED_EDGE('',*,*,#3321,.T.);
#4520=ORIENTED_EDGE('',*,*,#3317,.T.);
#4521=ORIENTED_EDGE('',*,*,#3083,.F.);
#4522=ORIENTED_EDGE('',*,*,#3322,.F.);
#4523=ORIENTED_EDGE('',*,*,#3323,.T.);
#4524=ORIENTED_EDGE('',*,*,#3320,.T.);
#4525=ORIENTED_EDGE('',*,*,#3082,.F.);
#4526=ORIENTED_EDGE('',*,*,#3324,.F.);
#4527=ORIENTED_EDGE('',*,*,#3325,.T.);
#4528=ORIENTED_EDGE('',*,*,#3322,.T.);
#4529=ORIENTED_EDGE('',*,*,#3081,.F.);
#4530=ORIENTED_EDGE('',*,*,#3326,.F.);
#4531=ORIENTED_EDGE('',*,*,#3327,.T.);
#4532=ORIENTED_EDGE('',*,*,#3324,.T.);
#4533=ORIENTED_EDGE('',*,*,#3080,.F.);
#4534=ORIENTED_EDGE('',*,*,#3328,.F.);
#4535=ORIENTED_EDGE('',*,*,#3329,.T.);
#4536=ORIENTED_EDGE('',*,*,#3326,.T.);
#4537=ORIENTED_EDGE('',*,*,#3079,.F.);
#4538=ORIENTED_EDGE('',*,*,#3319,.F.);
#4539=ORIENTED_EDGE('',*,*,#3330,.T.);
#4540=ORIENTED_EDGE('',*,*,#3328,.T.);
#4541=ORIENTED_EDGE('',*,*,#3318,.F.);
#4542=ORIENTED_EDGE('',*,*,#3321,.F.);
#4543=ORIENTED_EDGE('',*,*,#3323,.F.);
#4544=ORIENTED_EDGE('',*,*,#3325,.F.);
#4545=ORIENTED_EDGE('',*,*,#3327,.F.);
#4546=ORIENTED_EDGE('',*,*,#3329,.F.);
#4547=ORIENTED_EDGE('',*,*,#3330,.F.);
#4548=ORIENTED_EDGE('',*,*,#3065,.F.);
#4549=ORIENTED_EDGE('',*,*,#3331,.F.);
#4550=ORIENTED_EDGE('',*,*,#3332,.T.);
#4551=ORIENTED_EDGE('',*,*,#3333,.T.);
#4552=ORIENTED_EDGE('',*,*,#3064,.F.);
#4553=ORIENTED_EDGE('',*,*,#3334,.F.);
#4554=ORIENTED_EDGE('',*,*,#3335,.T.);
#4555=ORIENTED_EDGE('',*,*,#3331,.T.);
#4556=ORIENTED_EDGE('',*,*,#3076,.F.);
#4557=ORIENTED_EDGE('',*,*,#3336,.F.);
#4558=ORIENTED_EDGE('',*,*,#3337,.T.);
#4559=ORIENTED_EDGE('',*,*,#3334,.T.);
#4560=ORIENTED_EDGE('',*,*,#3075,.F.);
#4561=ORIENTED_EDGE('',*,*,#3338,.F.);
#4562=ORIENTED_EDGE('',*,*,#3339,.T.);
#4563=ORIENTED_EDGE('',*,*,#3336,.T.);
#4564=ORIENTED_EDGE('',*,*,#3074,.F.);
#4565=ORIENTED_EDGE('',*,*,#3340,.F.);
#4566=ORIENTED_EDGE('',*,*,#3341,.T.);
#4567=ORIENTED_EDGE('',*,*,#3338,.T.);
#4568=ORIENTED_EDGE('',*,*,#3073,.F.);
#4569=ORIENTED_EDGE('',*,*,#3342,.F.);
#4570=ORIENTED_EDGE('',*,*,#3343,.T.);
#4571=ORIENTED_EDGE('',*,*,#3340,.T.);
#4572=ORIENTED_EDGE('',*,*,#3072,.F.);
#4573=ORIENTED_EDGE('',*,*,#3344,.F.);
#4574=ORIENTED_EDGE('',*,*,#3345,.T.);
#4575=ORIENTED_EDGE('',*,*,#3342,.T.);
#4576=ORIENTED_EDGE('',*,*,#3071,.F.);
#4577=ORIENTED_EDGE('',*,*,#3346,.F.);
#4578=ORIENTED_EDGE('',*,*,#3347,.T.);
#4579=ORIENTED_EDGE('',*,*,#3344,.T.);
#4580=ORIENTED_EDGE('',*,*,#3070,.F.);
#4581=ORIENTED_EDGE('',*,*,#3348,.F.);
#4582=ORIENTED_EDGE('',*,*,#3349,.T.);
#4583=ORIENTED_EDGE('',*,*,#3346,.T.);
#4584=ORIENTED_EDGE('',*,*,#3069,.F.);
#4585=ORIENTED_EDGE('',*,*,#3350,.F.);
#4586=ORIENTED_EDGE('',*,*,#3351,.T.);
#4587=ORIENTED_EDGE('',*,*,#3348,.T.);
#4588=ORIENTED_EDGE('',*,*,#3068,.F.);
#4589=ORIENTED_EDGE('',*,*,#3352,.F.);
#4590=ORIENTED_EDGE('',*,*,#3353,.T.);
#4591=ORIENTED_EDGE('',*,*,#3350,.T.);
#4592=ORIENTED_EDGE('',*,*,#3067,.F.);
#4593=ORIENTED_EDGE('',*,*,#3354,.F.);
#4594=ORIENTED_EDGE('',*,*,#3355,.T.);
#4595=ORIENTED_EDGE('',*,*,#3352,.T.);
#4596=ORIENTED_EDGE('',*,*,#3066,.F.);
#4597=ORIENTED_EDGE('',*,*,#3333,.F.);
#4598=ORIENTED_EDGE('',*,*,#3356,.T.);
#4599=ORIENTED_EDGE('',*,*,#3354,.T.);
#4600=ORIENTED_EDGE('',*,*,#3332,.F.);
#4601=ORIENTED_EDGE('',*,*,#3335,.F.);
#4602=ORIENTED_EDGE('',*,*,#3337,.F.);
#4603=ORIENTED_EDGE('',*,*,#3339,.F.);
#4604=ORIENTED_EDGE('',*,*,#3341,.F.);
#4605=ORIENTED_EDGE('',*,*,#3343,.F.);
#4606=ORIENTED_EDGE('',*,*,#3345,.F.);
#4607=ORIENTED_EDGE('',*,*,#3347,.F.);
#4608=ORIENTED_EDGE('',*,*,#3349,.F.);
#4609=ORIENTED_EDGE('',*,*,#3351,.F.);
#4610=ORIENTED_EDGE('',*,*,#3353,.F.);
#4611=ORIENTED_EDGE('',*,*,#3355,.F.);
#4612=ORIENTED_EDGE('',*,*,#3356,.F.);
#4613=ORIENTED_EDGE('',*,*,#3049,.F.);
#4614=ORIENTED_EDGE('',*,*,#3357,.F.);
#4615=ORIENTED_EDGE('',*,*,#3358,.T.);
#4616=ORIENTED_EDGE('',*,*,#3359,.T.);
#4617=ORIENTED_EDGE('',*,*,#3048,.F.);
#4618=ORIENTED_EDGE('',*,*,#3360,.F.);
#4619=ORIENTED_EDGE('',*,*,#3361,.T.);
#4620=ORIENTED_EDGE('',*,*,#3357,.T.);
#4621=ORIENTED_EDGE('',*,*,#3063,.F.);
#4622=ORIENTED_EDGE('',*,*,#3362,.F.);
#4623=ORIENTED_EDGE('',*,*,#3363,.T.);
#4624=ORIENTED_EDGE('',*,*,#3360,.T.);
#4625=ORIENTED_EDGE('',*,*,#3062,.F.);
#4626=ORIENTED_EDGE('',*,*,#3364,.F.);
#4627=ORIENTED_EDGE('',*,*,#3365,.T.);
#4628=ORIENTED_EDGE('',*,*,#3362,.T.);
#4629=ORIENTED_EDGE('',*,*,#3061,.F.);
#4630=ORIENTED_EDGE('',*,*,#3366,.F.);
#4631=ORIENTED_EDGE('',*,*,#3367,.T.);
#4632=ORIENTED_EDGE('',*,*,#3364,.T.);
#4633=ORIENTED_EDGE('',*,*,#3060,.F.);
#4634=ORIENTED_EDGE('',*,*,#3368,.F.);
#4635=ORIENTED_EDGE('',*,*,#3369,.T.);
#4636=ORIENTED_EDGE('',*,*,#3366,.T.);
#4637=ORIENTED_EDGE('',*,*,#3059,.F.);
#4638=ORIENTED_EDGE('',*,*,#3370,.F.);
#4639=ORIENTED_EDGE('',*,*,#3371,.T.);
#4640=ORIENTED_EDGE('',*,*,#3368,.T.);
#4641=ORIENTED_EDGE('',*,*,#3058,.F.);
#4642=ORIENTED_EDGE('',*,*,#3372,.F.);
#4643=ORIENTED_EDGE('',*,*,#3373,.T.);
#4644=ORIENTED_EDGE('',*,*,#3370,.T.);
#4645=ORIENTED_EDGE('',*,*,#3057,.F.);
#4646=ORIENTED_EDGE('',*,*,#3374,.F.);
#4647=ORIENTED_EDGE('',*,*,#3375,.T.);
#4648=ORIENTED_EDGE('',*,*,#3372,.T.);
#4649=ORIENTED_EDGE('',*,*,#3056,.F.);
#4650=ORIENTED_EDGE('',*,*,#3376,.F.);
#4651=ORIENTED_EDGE('',*,*,#3377,.T.);
#4652=ORIENTED_EDGE('',*,*,#3374,.T.);
#4653=ORIENTED_EDGE('',*,*,#3055,.F.);
#4654=ORIENTED_EDGE('',*,*,#3378,.F.);
#4655=ORIENTED_EDGE('',*,*,#3379,.T.);
#4656=ORIENTED_EDGE('',*,*,#3376,.T.);
#4657=ORIENTED_EDGE('',*,*,#3054,.F.);
#4658=ORIENTED_EDGE('',*,*,#3380,.F.);
#4659=ORIENTED_EDGE('',*,*,#3381,.T.);
#4660=ORIENTED_EDGE('',*,*,#3378,.T.);
#4661=ORIENTED_EDGE('',*,*,#3053,.F.);
#4662=ORIENTED_EDGE('',*,*,#3382,.F.);
#4663=ORIENTED_EDGE('',*,*,#3383,.T.);
#4664=ORIENTED_EDGE('',*,*,#3380,.T.);
#4665=ORIENTED_EDGE('',*,*,#3052,.F.);
#4666=ORIENTED_EDGE('',*,*,#3384,.F.);
#4667=ORIENTED_EDGE('',*,*,#3385,.T.);
#4668=ORIENTED_EDGE('',*,*,#3382,.T.);
#4669=ORIENTED_EDGE('',*,*,#3051,.F.);
#4670=ORIENTED_EDGE('',*,*,#3386,.F.);
#4671=ORIENTED_EDGE('',*,*,#3387,.T.);
#4672=ORIENTED_EDGE('',*,*,#3384,.T.);
#4673=ORIENTED_EDGE('',*,*,#3050,.F.);
#4674=ORIENTED_EDGE('',*,*,#3359,.F.);
#4675=ORIENTED_EDGE('',*,*,#3388,.T.);
#4676=ORIENTED_EDGE('',*,*,#3386,.T.);
#4677=ORIENTED_EDGE('',*,*,#3358,.F.);
#4678=ORIENTED_EDGE('',*,*,#3361,.F.);
#4679=ORIENTED_EDGE('',*,*,#3363,.F.);
#4680=ORIENTED_EDGE('',*,*,#3365,.F.);
#4681=ORIENTED_EDGE('',*,*,#3367,.F.);
#4682=ORIENTED_EDGE('',*,*,#3369,.F.);
#4683=ORIENTED_EDGE('',*,*,#3371,.F.);
#4684=ORIENTED_EDGE('',*,*,#3373,.F.);
#4685=ORIENTED_EDGE('',*,*,#3375,.F.);
#4686=ORIENTED_EDGE('',*,*,#3377,.F.);
#4687=ORIENTED_EDGE('',*,*,#3379,.F.);
#4688=ORIENTED_EDGE('',*,*,#3381,.F.);
#4689=ORIENTED_EDGE('',*,*,#3383,.F.);
#4690=ORIENTED_EDGE('',*,*,#3385,.F.);
#4691=ORIENTED_EDGE('',*,*,#3387,.F.);
#4692=ORIENTED_EDGE('',*,*,#3388,.F.);
#4693=ORIENTED_EDGE('',*,*,#3389,.F.);
#4694=ORIENTED_EDGE('',*,*,#3390,.F.);
#4695=ORIENTED_EDGE('',*,*,#3391,.F.);
#4696=ORIENTED_EDGE('',*,*,#3392,.F.);
#4697=ORIENTED_EDGE('',*,*,#3393,.F.);
#4698=ORIENTED_EDGE('',*,*,#3394,.F.);
#4699=ORIENTED_EDGE('',*,*,#3395,.F.);
#4700=ORIENTED_EDGE('',*,*,#3396,.F.);
#4701=ORIENTED_EDGE('',*,*,#3397,.F.);
#4702=ORIENTED_EDGE('',*,*,#3398,.F.);
#4703=ORIENTED_EDGE('',*,*,#3399,.F.);
#4704=ORIENTED_EDGE('',*,*,#3400,.F.);
#4705=ORIENTED_EDGE('',*,*,#3401,.F.);
#4706=ORIENTED_EDGE('',*,*,#3014,.F.);
#4707=ORIENTED_EDGE('',*,*,#3402,.F.);
#4708=ORIENTED_EDGE('',*,*,#3389,.T.);
#4709=ORIENTED_EDGE('',*,*,#3403,.T.);
#4710=ORIENTED_EDGE('',*,*,#3013,.F.);
#4711=ORIENTED_EDGE('',*,*,#3404,.F.);
#4712=ORIENTED_EDGE('',*,*,#3390,.T.);
#4713=ORIENTED_EDGE('',*,*,#3402,.T.);
#4714=ORIENTED_EDGE('',*,*,#3020,.F.);
#4715=ORIENTED_EDGE('',*,*,#3405,.F.);
#4716=ORIENTED_EDGE('',*,*,#3391,.T.);
#4717=ORIENTED_EDGE('',*,*,#3404,.T.);
#4718=ORIENTED_EDGE('',*,*,#3019,.F.);
#4719=ORIENTED_EDGE('',*,*,#3406,.F.);
#4720=ORIENTED_EDGE('',*,*,#3392,.T.);
#4721=ORIENTED_EDGE('',*,*,#3405,.T.);
#4722=ORIENTED_EDGE('',*,*,#3018,.F.);
#4723=ORIENTED_EDGE('',*,*,#3407,.F.);
#4724=ORIENTED_EDGE('',*,*,#3393,.T.);
#4725=ORIENTED_EDGE('',*,*,#3406,.T.);
#4726=ORIENTED_EDGE('',*,*,#3017,.F.);
#4727=ORIENTED_EDGE('',*,*,#3408,.F.);
#4728=ORIENTED_EDGE('',*,*,#3394,.T.);
#4729=ORIENTED_EDGE('',*,*,#3407,.T.);
#4730=ORIENTED_EDGE('',*,*,#3016,.F.);
#4731=ORIENTED_EDGE('',*,*,#3409,.F.);
#4732=ORIENTED_EDGE('',*,*,#3395,.T.);
#4733=ORIENTED_EDGE('',*,*,#3408,.T.);
#4734=ORIENTED_EDGE('',*,*,#3015,.F.);
#4735=ORIENTED_EDGE('',*,*,#3403,.F.);
#4736=ORIENTED_EDGE('',*,*,#3396,.T.);
#4737=ORIENTED_EDGE('',*,*,#3409,.T.);
#4738=ORIENTED_EDGE('',*,*,#3410,.F.);
#4739=ORIENTED_EDGE('',*,*,#3411,.F.);
#4740=ORIENTED_EDGE('',*,*,#3397,.T.);
#4741=ORIENTED_EDGE('',*,*,#3412,.T.);
#4742=ORIENTED_EDGE('',*,*,#3413,.F.);
#4743=ORIENTED_EDGE('',*,*,#3412,.F.);
#4744=ORIENTED_EDGE('',*,*,#3401,.T.);
#4745=ORIENTED_EDGE('',*,*,#3414,.T.);
#4746=ORIENTED_EDGE('',*,*,#3415,.F.);
#4747=ORIENTED_EDGE('',*,*,#3414,.F.);
#4748=ORIENTED_EDGE('',*,*,#3400,.T.);
#4749=ORIENTED_EDGE('',*,*,#3416,.T.);
#4750=ORIENTED_EDGE('',*,*,#3417,.F.);
#4751=ORIENTED_EDGE('',*,*,#3416,.F.);
#4752=ORIENTED_EDGE('',*,*,#3399,.T.);
#4753=ORIENTED_EDGE('',*,*,#3418,.T.);
#4754=ORIENTED_EDGE('',*,*,#3419,.F.);
#4755=ORIENTED_EDGE('',*,*,#3418,.F.);
#4756=ORIENTED_EDGE('',*,*,#3398,.T.);
#4757=ORIENTED_EDGE('',*,*,#3411,.T.);
#4758=ORIENTED_EDGE('',*,*,#3419,.T.);
#4759=ORIENTED_EDGE('',*,*,#3410,.T.);
#4760=ORIENTED_EDGE('',*,*,#3413,.T.);
#4761=ORIENTED_EDGE('',*,*,#3415,.T.);
#4762=ORIENTED_EDGE('',*,*,#3417,.T.);
#4763=ORIENTED_EDGE('',*,*,#3022,.F.);
#4764=ORIENTED_EDGE('',*,*,#3420,.F.);
#4765=ORIENTED_EDGE('',*,*,#3421,.T.);
#4766=ORIENTED_EDGE('',*,*,#3422,.T.);
#4767=ORIENTED_EDGE('',*,*,#3021,.F.);
#4768=ORIENTED_EDGE('',*,*,#3423,.F.);
#4769=ORIENTED_EDGE('',*,*,#3424,.T.);
#4770=ORIENTED_EDGE('',*,*,#3420,.T.);
#4771=ORIENTED_EDGE('',*,*,#3029,.F.);
#4772=ORIENTED_EDGE('',*,*,#3425,.F.);
#4773=ORIENTED_EDGE('',*,*,#3426,.T.);
#4774=ORIENTED_EDGE('',*,*,#3423,.T.);
#4775=ORIENTED_EDGE('',*,*,#3028,.F.);
#4776=ORIENTED_EDGE('',*,*,#3427,.F.);
#4777=ORIENTED_EDGE('',*,*,#3428,.T.);
#4778=ORIENTED_EDGE('',*,*,#3425,.T.);
#4779=ORIENTED_EDGE('',*,*,#3027,.F.);
#4780=ORIENTED_EDGE('',*,*,#3429,.F.);
#4781=ORIENTED_EDGE('',*,*,#3430,.T.);
#4782=ORIENTED_EDGE('',*,*,#3427,.T.);
#4783=ORIENTED_EDGE('',*,*,#3026,.F.);
#4784=ORIENTED_EDGE('',*,*,#3431,.F.);
#4785=ORIENTED_EDGE('',*,*,#3432,.T.);
#4786=ORIENTED_EDGE('',*,*,#3429,.T.);
#4787=ORIENTED_EDGE('',*,*,#3025,.F.);
#4788=ORIENTED_EDGE('',*,*,#3433,.F.);
#4789=ORIENTED_EDGE('',*,*,#3434,.T.);
#4790=ORIENTED_EDGE('',*,*,#3431,.T.);
#4791=ORIENTED_EDGE('',*,*,#3024,.F.);
#4792=ORIENTED_EDGE('',*,*,#3435,.F.);
#4793=ORIENTED_EDGE('',*,*,#3436,.T.);
#4794=ORIENTED_EDGE('',*,*,#3433,.T.);
#4795=ORIENTED_EDGE('',*,*,#3023,.F.);
#4796=ORIENTED_EDGE('',*,*,#3422,.F.);
#4797=ORIENTED_EDGE('',*,*,#3437,.T.);
#4798=ORIENTED_EDGE('',*,*,#3435,.T.);
#4799=ORIENTED_EDGE('',*,*,#3421,.F.);
#4800=ORIENTED_EDGE('',*,*,#3424,.F.);
#4801=ORIENTED_EDGE('',*,*,#3426,.F.);
#4802=ORIENTED_EDGE('',*,*,#3428,.F.);
#4803=ORIENTED_EDGE('',*,*,#3430,.F.);
#4804=ORIENTED_EDGE('',*,*,#3432,.F.);
#4805=ORIENTED_EDGE('',*,*,#3434,.F.);
#4806=ORIENTED_EDGE('',*,*,#3436,.F.);
#4807=ORIENTED_EDGE('',*,*,#3437,.F.);
#4808=ORIENTED_EDGE('',*,*,#3438,.F.);
#4809=ORIENTED_EDGE('',*,*,#3439,.F.);
#4810=ORIENTED_EDGE('',*,*,#3440,.F.);
#4811=ORIENTED_EDGE('',*,*,#3441,.F.);
#4812=ORIENTED_EDGE('',*,*,#3442,.F.);
#4813=ORIENTED_EDGE('',*,*,#3443,.F.);
#4814=ORIENTED_EDGE('',*,*,#3444,.F.);
#4815=ORIENTED_EDGE('',*,*,#3445,.F.);
#4816=ORIENTED_EDGE('',*,*,#3446,.F.);
#4817=ORIENTED_EDGE('',*,*,#3447,.F.);
#4818=ORIENTED_EDGE('',*,*,#3448,.F.);
#4819=ORIENTED_EDGE('',*,*,#3449,.F.);
#4820=ORIENTED_EDGE('',*,*,#3450,.F.);
#4821=ORIENTED_EDGE('',*,*,#3041,.F.);
#4822=ORIENTED_EDGE('',*,*,#3451,.F.);
#4823=ORIENTED_EDGE('',*,*,#3438,.T.);
#4824=ORIENTED_EDGE('',*,*,#3452,.T.);
#4825=ORIENTED_EDGE('',*,*,#3040,.F.);
#4826=ORIENTED_EDGE('',*,*,#3453,.F.);
#4827=ORIENTED_EDGE('',*,*,#3439,.T.);
#4828=ORIENTED_EDGE('',*,*,#3451,.T.);
#4829=ORIENTED_EDGE('',*,*,#3047,.F.);
#4830=ORIENTED_EDGE('',*,*,#3454,.F.);
#4831=ORIENTED_EDGE('',*,*,#3440,.T.);
#4832=ORIENTED_EDGE('',*,*,#3453,.T.);
#4833=ORIENTED_EDGE('',*,*,#3046,.F.);
#4834=ORIENTED_EDGE('',*,*,#3455,.F.);
#4835=ORIENTED_EDGE('',*,*,#3441,.T.);
#4836=ORIENTED_EDGE('',*,*,#3454,.T.);
#4837=ORIENTED_EDGE('',*,*,#3045,.F.);
#4838=ORIENTED_EDGE('',*,*,#3456,.F.);
#4839=ORIENTED_EDGE('',*,*,#3442,.T.);
#4840=ORIENTED_EDGE('',*,*,#3455,.T.);
#4841=ORIENTED_EDGE('',*,*,#3044,.F.);
#4842=ORIENTED_EDGE('',*,*,#3457,.F.);
#4843=ORIENTED_EDGE('',*,*,#3443,.T.);
#4844=ORIENTED_EDGE('',*,*,#3456,.T.);
#4845=ORIENTED_EDGE('',*,*,#3043,.F.);
#4846=ORIENTED_EDGE('',*,*,#3458,.F.);
#4847=ORIENTED_EDGE('',*,*,#3444,.T.);
#4848=ORIENTED_EDGE('',*,*,#3457,.T.);
#4849=ORIENTED_EDGE('',*,*,#3042,.F.);
#4850=ORIENTED_EDGE('',*,*,#3452,.F.);
#4851=ORIENTED_EDGE('',*,*,#3445,.T.);
#4852=ORIENTED_EDGE('',*,*,#3458,.T.);
#4853=ORIENTED_EDGE('',*,*,#3459,.F.);
#4854=ORIENTED_EDGE('',*,*,#3460,.F.);
#4855=ORIENTED_EDGE('',*,*,#3446,.T.);
#4856=ORIENTED_EDGE('',*,*,#3461,.T.);
#4857=ORIENTED_EDGE('',*,*,#3462,.F.);
#4858=ORIENTED_EDGE('',*,*,#3461,.F.);
#4859=ORIENTED_EDGE('',*,*,#3450,.T.);
#4860=ORIENTED_EDGE('',*,*,#3463,.T.);
#4861=ORIENTED_EDGE('',*,*,#3464,.F.);
#4862=ORIENTED_EDGE('',*,*,#3463,.F.);
#4863=ORIENTED_EDGE('',*,*,#3449,.T.);
#4864=ORIENTED_EDGE('',*,*,#3465,.T.);
#4865=ORIENTED_EDGE('',*,*,#3466,.F.);
#4866=ORIENTED_EDGE('',*,*,#3465,.F.);
#4867=ORIENTED_EDGE('',*,*,#3448,.T.);
#4868=ORIENTED_EDGE('',*,*,#3467,.T.);
#4869=ORIENTED_EDGE('',*,*,#3468,.F.);
#4870=ORIENTED_EDGE('',*,*,#3467,.F.);
#4871=ORIENTED_EDGE('',*,*,#3447,.T.);
#4872=ORIENTED_EDGE('',*,*,#3460,.T.);
#4873=ORIENTED_EDGE('',*,*,#3468,.T.);
#4874=ORIENTED_EDGE('',*,*,#3459,.T.);
#4875=ORIENTED_EDGE('',*,*,#3462,.T.);
#4876=ORIENTED_EDGE('',*,*,#3464,.T.);
#4877=ORIENTED_EDGE('',*,*,#3466,.T.);
#4878=ORIENTED_EDGE('',*,*,#3031,.F.);
#4879=ORIENTED_EDGE('',*,*,#3469,.F.);
#4880=ORIENTED_EDGE('',*,*,#3470,.T.);
#4881=ORIENTED_EDGE('',*,*,#3471,.T.);
#4882=ORIENTED_EDGE('',*,*,#3030,.F.);
#4883=ORIENTED_EDGE('',*,*,#3472,.F.);
#4884=ORIENTED_EDGE('',*,*,#3473,.T.);
#4885=ORIENTED_EDGE('',*,*,#3469,.T.);
#4886=ORIENTED_EDGE('',*,*,#3039,.F.);
#4887=ORIENTED_EDGE('',*,*,#3474,.F.);
#4888=ORIENTED_EDGE('',*,*,#3475,.T.);
#4889=ORIENTED_EDGE('',*,*,#3472,.T.);
#4890=ORIENTED_EDGE('',*,*,#3038,.F.);
#4891=ORIENTED_EDGE('',*,*,#3476,.F.);
#4892=ORIENTED_EDGE('',*,*,#3477,.T.);
#4893=ORIENTED_EDGE('',*,*,#3474,.T.);
#4894=ORIENTED_EDGE('',*,*,#3037,.F.);
#4895=ORIENTED_EDGE('',*,*,#3478,.F.);
#4896=ORIENTED_EDGE('',*,*,#3479,.T.);
#4897=ORIENTED_EDGE('',*,*,#3476,.T.);
#4898=ORIENTED_EDGE('',*,*,#3036,.F.);
#4899=ORIENTED_EDGE('',*,*,#3480,.F.);
#4900=ORIENTED_EDGE('',*,*,#3481,.T.);
#4901=ORIENTED_EDGE('',*,*,#3478,.T.);
#4902=ORIENTED_EDGE('',*,*,#3035,.F.);
#4903=ORIENTED_EDGE('',*,*,#3482,.F.);
#4904=ORIENTED_EDGE('',*,*,#3483,.T.);
#4905=ORIENTED_EDGE('',*,*,#3480,.T.);
#4906=ORIENTED_EDGE('',*,*,#3034,.F.);
#4907=ORIENTED_EDGE('',*,*,#3484,.F.);
#4908=ORIENTED_EDGE('',*,*,#3485,.T.);
#4909=ORIENTED_EDGE('',*,*,#3482,.T.);
#4910=ORIENTED_EDGE('',*,*,#3033,.F.);
#4911=ORIENTED_EDGE('',*,*,#3486,.F.);
#4912=ORIENTED_EDGE('',*,*,#3487,.T.);
#4913=ORIENTED_EDGE('',*,*,#3484,.T.);
#4914=ORIENTED_EDGE('',*,*,#3032,.F.);
#4915=ORIENTED_EDGE('',*,*,#3471,.F.);
#4916=ORIENTED_EDGE('',*,*,#3488,.T.);
#4917=ORIENTED_EDGE('',*,*,#3486,.T.);
#4918=ORIENTED_EDGE('',*,*,#3470,.F.);
#4919=ORIENTED_EDGE('',*,*,#3473,.F.);
#4920=ORIENTED_EDGE('',*,*,#3475,.F.);
#4921=ORIENTED_EDGE('',*,*,#3477,.F.);
#4922=ORIENTED_EDGE('',*,*,#3479,.F.);
#4923=ORIENTED_EDGE('',*,*,#3481,.F.);
#4924=ORIENTED_EDGE('',*,*,#3483,.F.);
#4925=ORIENTED_EDGE('',*,*,#3485,.F.);
#4926=ORIENTED_EDGE('',*,*,#3487,.F.);
#4927=ORIENTED_EDGE('',*,*,#3488,.F.);
#4928=ORIENTED_EDGE('',*,*,#3151,.T.);
#4929=ORIENTED_EDGE('',*,*,#3149,.T.);
#4930=ORIENTED_EDGE('',*,*,#3155,.T.);
#4931=ORIENTED_EDGE('',*,*,#3153,.T.);
#4932=ORIENTED_EDGE('',*,*,#3489,.F.);
#4933=ORIENTED_EDGE('',*,*,#3490,.T.);
#4934=ORIENTED_EDGE('',*,*,#3491,.T.);
#4935=ORIENTED_EDGE('',*,*,#3492,.T.);
#4936=ORIENTED_EDGE('',*,*,#3493,.T.);
#4937=ORIENTED_EDGE('',*,*,#3494,.T.);
#4938=ORIENTED_EDGE('',*,*,#3489,.T.);
#4939=ORIENTED_EDGE('',*,*,#3495,.T.);
#4940=ORIENTED_EDGE('',*,*,#3496,.F.);
#4941=ORIENTED_EDGE('',*,*,#3497,.F.);
#4942=ORIENTED_EDGE('',*,*,#3498,.T.);
#4943=ORIENTED_EDGE('',*,*,#3496,.T.);
#4944=ORIENTED_EDGE('',*,*,#3499,.T.);
#4945=ORIENTED_EDGE('',*,*,#3491,.F.);
#4946=ORIENTED_EDGE('',*,*,#3500,.T.);
#4947=ORIENTED_EDGE('',*,*,#3501,.T.);
#4948=ORIENTED_EDGE('',*,*,#3497,.T.);
#4949=ORIENTED_EDGE('',*,*,#3502,.T.);
#4950=ORIENTED_EDGE('',*,*,#3492,.F.);
#4951=ORIENTED_EDGE('',*,*,#3502,.F.);
#4952=ORIENTED_EDGE('',*,*,#3499,.F.);
#4953=ORIENTED_EDGE('',*,*,#3495,.F.);
#4954=ORIENTED_EDGE('',*,*,#3498,.F.);
#4955=ORIENTED_EDGE('',*,*,#3501,.F.);
#4956=ORIENTED_EDGE('',*,*,#3503,.F.);
#4957=ORIENTED_EDGE('',*,*,#3493,.F.);
#4958=ORIENTED_EDGE('',*,*,#3500,.F.);
#4959=ORIENTED_EDGE('',*,*,#3490,.F.);
#4960=ORIENTED_EDGE('',*,*,#3494,.F.);
#4961=ORIENTED_EDGE('',*,*,#3503,.T.);
#4962=ORIENTED_EDGE('',*,*,#3504,.F.);
#4963=ORIENTED_EDGE('',*,*,#3505,.F.);
#4964=ORIENTED_EDGE('',*,*,#3506,.T.);
#4965=ORIENTED_EDGE('',*,*,#3507,.T.);
#4966=ORIENTED_EDGE('',*,*,#3508,.T.);
#4967=ORIENTED_EDGE('',*,*,#3509,.F.);
#4968=ORIENTED_EDGE('',*,*,#3510,.F.);
#4969=ORIENTED_EDGE('',*,*,#3505,.T.);
#4970=ORIENTED_EDGE('',*,*,#3511,.T.);
#4971=ORIENTED_EDGE('',*,*,#3512,.T.);
#4972=ORIENTED_EDGE('',*,*,#3513,.T.);
#4973=ORIENTED_EDGE('',*,*,#3514,.T.);
#4974=ORIENTED_EDGE('',*,*,#3515,.T.);
#4975=ORIENTED_EDGE('',*,*,#3516,.T.);
#4976=ORIENTED_EDGE('',*,*,#3517,.T.);
#4977=ORIENTED_EDGE('',*,*,#3518,.T.);
#4978=ORIENTED_EDGE('',*,*,#3519,.F.);
#4979=ORIENTED_EDGE('',*,*,#3520,.F.);
#4980=ORIENTED_EDGE('',*,*,#3521,.T.);
#4981=ORIENTED_EDGE('',*,*,#3509,.T.);
#4982=ORIENTED_EDGE('',*,*,#3522,.T.);
#4983=ORIENTED_EDGE('',*,*,#3523,.F.);
#4984=ORIENTED_EDGE('',*,*,#3524,.F.);
#4985=ORIENTED_EDGE('',*,*,#3520,.T.);
#4986=ORIENTED_EDGE('',*,*,#3525,.T.);
#4987=ORIENTED_EDGE('',*,*,#3526,.F.);
#4988=ORIENTED_EDGE('',*,*,#3527,.F.);
#4989=ORIENTED_EDGE('',*,*,#3523,.T.);
#4990=ORIENTED_EDGE('',*,*,#3528,.F.);
#4991=ORIENTED_EDGE('',*,*,#3529,.F.);
#4992=ORIENTED_EDGE('',*,*,#3530,.T.);
#4993=ORIENTED_EDGE('',*,*,#3526,.T.);
#4994=ORIENTED_EDGE('',*,*,#3531,.F.);
#4995=ORIENTED_EDGE('',*,*,#3532,.F.);
#4996=ORIENTED_EDGE('',*,*,#3533,.F.);
#4997=ORIENTED_EDGE('',*,*,#3534,.F.);
#4998=ORIENTED_EDGE('',*,*,#3535,.F.);
#4999=ORIENTED_EDGE('',*,*,#3536,.F.);
#5000=ORIENTED_EDGE('',*,*,#3537,.F.);
#5001=ORIENTED_EDGE('',*,*,#3538,.F.);
#5002=ORIENTED_EDGE('',*,*,#3539,.T.);
#5003=ORIENTED_EDGE('',*,*,#3540,.F.);
#5004=ORIENTED_EDGE('',*,*,#3541,.F.);
#5005=ORIENTED_EDGE('',*,*,#3529,.T.);
#5006=ORIENTED_EDGE('',*,*,#3542,.T.);
#5007=ORIENTED_EDGE('',*,*,#3543,.F.);
#5008=ORIENTED_EDGE('',*,*,#3544,.F.);
#5009=ORIENTED_EDGE('',*,*,#3540,.T.);
#5010=ORIENTED_EDGE('',*,*,#3545,.T.);
#5011=ORIENTED_EDGE('',*,*,#3546,.F.);
#5012=ORIENTED_EDGE('',*,*,#3547,.F.);
#5013=ORIENTED_EDGE('',*,*,#3543,.T.);
#5014=ORIENTED_EDGE('',*,*,#3548,.F.);
#5015=ORIENTED_EDGE('',*,*,#3507,.F.);
#5016=ORIENTED_EDGE('',*,*,#3549,.T.);
#5017=ORIENTED_EDGE('',*,*,#3546,.T.);
#5018=ORIENTED_EDGE('',*,*,#3506,.F.);
#5019=ORIENTED_EDGE('',*,*,#3510,.T.);
#5020=ORIENTED_EDGE('',*,*,#3521,.F.);
#5021=ORIENTED_EDGE('',*,*,#3524,.T.);
#5022=ORIENTED_EDGE('',*,*,#3527,.T.);
#5023=ORIENTED_EDGE('',*,*,#3530,.F.);
#5024=ORIENTED_EDGE('',*,*,#3541,.T.);
#5025=ORIENTED_EDGE('',*,*,#3544,.T.);
#5026=ORIENTED_EDGE('',*,*,#3547,.T.);
#5027=ORIENTED_EDGE('',*,*,#3549,.F.);
#5028=ORIENTED_EDGE('',*,*,#3504,.T.);
#5029=ORIENTED_EDGE('',*,*,#3548,.T.);
#5030=ORIENTED_EDGE('',*,*,#3545,.F.);
#5031=ORIENTED_EDGE('',*,*,#3542,.F.);
#5032=ORIENTED_EDGE('',*,*,#3539,.F.);
#5033=ORIENTED_EDGE('',*,*,#3528,.T.);
#5034=ORIENTED_EDGE('',*,*,#3525,.F.);
#5035=ORIENTED_EDGE('',*,*,#3522,.F.);
#5036=ORIENTED_EDGE('',*,*,#3519,.T.);
#5037=ORIENTED_EDGE('',*,*,#3508,.F.);
#5038=ORIENTED_EDGE('',*,*,#3550,.T.);
#5039=ORIENTED_EDGE('',*,*,#3531,.T.);
#5040=ORIENTED_EDGE('',*,*,#3551,.F.);
#5041=ORIENTED_EDGE('',*,*,#3512,.F.);
#5042=ORIENTED_EDGE('',*,*,#3552,.T.);
#5043=ORIENTED_EDGE('',*,*,#3532,.T.);
#5044=ORIENTED_EDGE('',*,*,#3550,.F.);
#5045=ORIENTED_EDGE('',*,*,#3511,.F.);
#5046=ORIENTED_EDGE('',*,*,#3553,.T.);
#5047=ORIENTED_EDGE('',*,*,#3533,.T.);
#5048=ORIENTED_EDGE('',*,*,#3552,.F.);
#5049=ORIENTED_EDGE('',*,*,#3518,.F.);
#5050=ORIENTED_EDGE('',*,*,#3554,.T.);
#5051=ORIENTED_EDGE('',*,*,#3534,.T.);
#5052=ORIENTED_EDGE('',*,*,#3553,.F.);
#5053=ORIENTED_EDGE('',*,*,#3517,.F.);
#5054=ORIENTED_EDGE('',*,*,#3555,.T.);
#5055=ORIENTED_EDGE('',*,*,#3535,.T.);
#5056=ORIENTED_EDGE('',*,*,#3554,.F.);
#5057=ORIENTED_EDGE('',*,*,#3516,.F.);
#5058=ORIENTED_EDGE('',*,*,#3556,.T.);
#5059=ORIENTED_EDGE('',*,*,#3536,.T.);
#5060=ORIENTED_EDGE('',*,*,#3555,.F.);
#5061=ORIENTED_EDGE('',*,*,#3515,.F.);
#5062=ORIENTED_EDGE('',*,*,#3557,.T.);
#5063=ORIENTED_EDGE('',*,*,#3537,.T.);
#5064=ORIENTED_EDGE('',*,*,#3556,.F.);
#5065=ORIENTED_EDGE('',*,*,#3514,.F.);
#5066=ORIENTED_EDGE('',*,*,#3551,.T.);
#5067=ORIENTED_EDGE('',*,*,#3538,.T.);
#5068=ORIENTED_EDGE('',*,*,#3557,.F.);
#5069=ORIENTED_EDGE('',*,*,#3513,.F.);
#5070=CYLINDRICAL_SURFACE('',#5453,0.249999999999999);
#5071=CYLINDRICAL_SURFACE('',#5459,0.249999999999999);
#5072=CYLINDRICAL_SURFACE('',#5461,0.249999999999999);
#5073=CYLINDRICAL_SURFACE('',#5467,0.249999999999999);
#5074=CYLINDRICAL_SURFACE('',#5469,0.249999999999999);
#5075=CYLINDRICAL_SURFACE('',#5475,0.249999999999999);
#5076=CYLINDRICAL_SURFACE('',#5483,0.5);
#5077=CYLINDRICAL_SURFACE('',#5486,0.5);
#5078=CYLINDRICAL_SURFACE('',#5489,1.1);
#5079=CYLINDRICAL_SURFACE('',#5492,1.1);
#5080=CYLINDRICAL_SURFACE('',#5682,0.7);
#5081=CYLINDRICAL_SURFACE('',#5683,0.7);
#5082=CYLINDRICAL_SURFACE('',#5685,0.0999999999999998);
#5083=CYLINDRICAL_SURFACE('',#5693,0.0499999999999997);
#5084=CYLINDRICAL_SURFACE('',#5697,0.0499999999999997);
#5085=CYLINDRICAL_SURFACE('',#5705,0.0999999999999998);
#5086=CYLINDRICAL_SURFACE('',#5713,0.299999999999999);
#5087=CYLINDRICAL_SURFACE('',#5715,0.3);
#5088=CYLINDRICAL_SURFACE('',#5717,0.3);
#5089=CYLINDRICAL_SURFACE('',#5719,0.299999999999999);
#5090=STYLED_ITEM('',(#12736),#5115);
#5091=STYLED_ITEM('',(#12736),#5116);
#5092=STYLED_ITEM('',(#12736),#5117);
#5093=STYLED_ITEM('',(#12736),#5118);
#5094=STYLED_ITEM('',(#12736),#5119);
#5095=STYLED_ITEM('',(#12736),#5120);
#5096=STYLED_ITEM('',(#12736),#5121);
#5097=STYLED_ITEM('',(#12736),#5122);
#5098=STYLED_ITEM('',(#12736),#5123);
#5099=STYLED_ITEM('',(#12736),#5124);
#5100=STYLED_ITEM('',(#12736),#5125);
#5101=STYLED_ITEM('',(#12736),#5126);
#5102=STYLED_ITEM('',(#12736),#5127);
#5103=STYLED_ITEM('',(#12736),#5128);
#5104=STYLED_ITEM('',(#12736),#5129);
#5105=STYLED_ITEM('',(#12736),#5130);
#5106=STYLED_ITEM('',(#12736),#5131);
#5107=STYLED_ITEM('',(#12736),#5132);
#5108=STYLED_ITEM('',(#12736),#5168);
#5109=STYLED_ITEM('',(#12736),#5169);
#5110=STYLED_ITEM('',(#12736),#5170);
#5111=STYLED_ITEM('',(#12735),#221);
#5112=STYLED_ITEM('',(#12737),#222);
#5113=STYLED_ITEM('',(#12738),#223);
#5114=STYLED_ITEM('',(#12736),#224);
#5115=ADVANCED_FACE('',(#465),#5070,.T.);
#5116=ADVANCED_FACE('',(#466),#260,.T.);
#5117=ADVANCED_FACE('',(#467),#261,.F.);
#5118=ADVANCED_FACE('',(#468),#5071,.T.);
#5119=ADVANCED_FACE('',(#469),#5072,.T.);
#5120=ADVANCED_FACE('',(#470),#262,.T.);
#5121=ADVANCED_FACE('',(#471),#263,.F.);
#5122=ADVANCED_FACE('',(#472),#5073,.T.);
#5123=ADVANCED_FACE('',(#473),#5074,.T.);
#5124=ADVANCED_FACE('',(#474),#264,.T.);
#5125=ADVANCED_FACE('',(#475),#265,.F.);
#5126=ADVANCED_FACE('',(#476),#5075,.T.);
#5127=ADVANCED_FACE('',(#477),#266,.F.);
#5128=ADVANCED_FACE('',(#478),#267,.F.);
#5129=ADVANCED_FACE('',(#479),#268,.F.);
#5130=ADVANCED_FACE('',(#480),#269,.F.);
#5131=ADVANCED_FACE('',(#481),#270,.F.);
#5132=ADVANCED_FACE('',(#482),#271,.F.);
#5133=ADVANCED_FACE('',(#483),#5076,.F.);
#5134=ADVANCED_FACE('',(#484),#5077,.F.);
#5135=ADVANCED_FACE('',(#485),#5078,.F.);
#5136=ADVANCED_FACE('',(#486),#5079,.F.);
#5137=ADVANCED_FACE('',(#487,#225),#272,.F.);
#5138=ADVANCED_FACE('',(#488),#273,.F.);
#5139=ADVANCED_FACE('',(#489),#274,.T.);
#5140=ADVANCED_FACE('',(#490),#275,.F.);
#5141=ADVANCED_FACE('',(#491),#276,.T.);
#5142=ADVANCED_FACE('',(#492),#277,.F.);
#5143=ADVANCED_FACE('',(#493),#278,.F.);
#5144=ADVANCED_FACE('',(#494),#279,.F.);
#5145=ADVANCED_FACE('',(#495,#226,#227,#228,#229),#280,.F.);
#5146=ADVANCED_FACE('',(#496),#281,.T.);
#5147=ADVANCED_FACE('',(#497),#282,.T.);
#5148=ADVANCED_FACE('',(#498),#283,.T.);
#5149=ADVANCED_FACE('',(#499),#284,.T.);
#5150=ADVANCED_FACE('',(#500),#285,.F.);
#5151=ADVANCED_FACE('',(#501),#286,.F.);
#5152=ADVANCED_FACE('',(#502),#287,.F.);
#5153=ADVANCED_FACE('',(#503,#230),#288,.T.);
#5154=ADVANCED_FACE('',(#504),#289,.T.);
#5155=ADVANCED_FACE('',(#505),#290,.T.);
#5156=ADVANCED_FACE('',(#506),#291,.T.);
#5157=ADVANCED_FACE('',(#507),#292,.F.);
#5158=ADVANCED_FACE('',(#508,#231),#293,.T.);
#5159=ADVANCED_FACE('',(#509),#294,.T.);
#5160=ADVANCED_FACE('',(#510),#295,.T.);
#5161=ADVANCED_FACE('',(#511),#296,.T.);
#5162=ADVANCED_FACE('',(#512),#297,.F.);
#5163=ADVANCED_FACE('',(#513),#298,.F.);
#5164=ADVANCED_FACE('',(#514),#299,.F.);
#5165=ADVANCED_FACE('',(#515),#300,.T.);
#5166=ADVANCED_FACE('',(#516),#301,.T.);
#5167=ADVANCED_FACE('',(#517),#302,.T.);
#5168=ADVANCED_FACE('',(#518),#303,.F.);
#5169=ADVANCED_FACE('',(#519),#304,.F.);
#5170=ADVANCED_FACE('',(#520),#305,.F.);
#5171=ADVANCED_FACE('',(#521),#306,.F.);
#5172=ADVANCED_FACE('',(#522),#307,.F.);
#5173=ADVANCED_FACE('',(#523),#308,.F.);
#5174=ADVANCED_FACE('',(#524),#309,.F.);
#5175=ADVANCED_FACE('',(#525),#310,.F.);
#5176=ADVANCED_FACE('',(#526,#232,#233,#234),#311,.T.);
#5177=ADVANCED_FACE('',(#527),#312,.F.);
#5178=ADVANCED_FACE('',(#528),#313,.T.);
#5179=ADVANCED_FACE('',(#529,#235,#236,#237,#238,#239,#240,#241,#242,#243,
#244,#245,#246,#247,#248,#249),#314,.F.);
#5180=ADVANCED_FACE('',(#530),#315,.T.);
#5181=ADVANCED_FACE('',(#531),#316,.T.);
#5182=ADVANCED_FACE('',(#532),#317,.T.);
#5183=ADVANCED_FACE('',(#533,#250,#251,#252),#318,.T.);
#5184=ADVANCED_FACE('',(#534),#319,.T.);
#5185=ADVANCED_FACE('',(#535,#253),#320,.F.);
#5186=ADVANCED_FACE('',(#536),#321,.T.);
#5187=ADVANCED_FACE('',(#537),#322,.T.);
#5188=ADVANCED_FACE('',(#538),#323,.T.);
#5189=ADVANCED_FACE('',(#539),#324,.F.);
#5190=ADVANCED_FACE('',(#540),#325,.F.);
#5191=ADVANCED_FACE('',(#541),#326,.F.);
#5192=ADVANCED_FACE('',(#542),#327,.F.);
#5193=ADVANCED_FACE('',(#543),#328,.F.);
#5194=ADVANCED_FACE('',(#544),#329,.F.);
#5195=ADVANCED_FACE('',(#545),#330,.F.);
#5196=ADVANCED_FACE('',(#546),#331,.F.);
#5197=ADVANCED_FACE('',(#547),#332,.F.);
#5198=ADVANCED_FACE('',(#548),#333,.F.);
#5199=ADVANCED_FACE('',(#549),#334,.F.);
#5200=ADVANCED_FACE('',(#550),#335,.F.);
#5201=ADVANCED_FACE('',(#551),#336,.T.);
#5202=ADVANCED_FACE('',(#552),#337,.F.);
#5203=ADVANCED_FACE('',(#553),#338,.F.);
#5204=ADVANCED_FACE('',(#554),#339,.F.);
#5205=ADVANCED_FACE('',(#555),#340,.F.);
#5206=ADVANCED_FACE('',(#556),#341,.F.);
#5207=ADVANCED_FACE('',(#557),#27,.T.);
#5208=ADVANCED_FACE('',(#558),#28,.T.);
#5209=ADVANCED_FACE('',(#559),#29,.T.);
#5210=ADVANCED_FACE('',(#560),#30,.T.);
#5211=ADVANCED_FACE('',(#561),#342,.T.);
#5212=ADVANCED_FACE('',(#562),#31,.T.);
#5213=ADVANCED_FACE('',(#563),#32,.T.);
#5214=ADVANCED_FACE('',(#564),#33,.T.);
#5215=ADVANCED_FACE('',(#565),#34,.T.);
#5216=ADVANCED_FACE('',(#566),#343,.T.);
#5217=ADVANCED_FACE('',(#567),#344,.F.);
#5218=ADVANCED_FACE('',(#568),#345,.T.);
#5219=ADVANCED_FACE('',(#569),#346,.T.);
#5220=ADVANCED_FACE('',(#570),#347,.T.);
#5221=ADVANCED_FACE('',(#571),#348,.T.);
#5222=ADVANCED_FACE('',(#572),#349,.T.);
#5223=ADVANCED_FACE('',(#573),#350,.T.);
#5224=ADVANCED_FACE('',(#574),#351,.T.);
#5225=ADVANCED_FACE('',(#575),#352,.T.);
#5226=ADVANCED_FACE('',(#576),#353,.T.);
#5227=ADVANCED_FACE('',(#577),#354,.T.);
#5228=ADVANCED_FACE('',(#578),#355,.F.);
#5229=ADVANCED_FACE('',(#579,#254),#356,.T.);
#5230=ADVANCED_FACE('',(#580),#35,.T.);
#5231=ADVANCED_FACE('',(#581),#36,.T.);
#5232=ADVANCED_FACE('',(#582),#37,.T.);
#5233=ADVANCED_FACE('',(#583),#38,.T.);
#5234=ADVANCED_FACE('',(#584),#39,.T.);
#5235=ADVANCED_FACE('',(#585),#40,.T.);
#5236=ADVANCED_FACE('',(#586),#41,.T.);
#5237=ADVANCED_FACE('',(#587),#42,.T.);
#5238=ADVANCED_FACE('',(#588),#357,.F.);
#5239=ADVANCED_FACE('',(#589),#358,.T.);
#5240=ADVANCED_FACE('',(#590),#359,.T.);
#5241=ADVANCED_FACE('',(#591),#360,.T.);
#5242=ADVANCED_FACE('',(#592),#361,.T.);
#5243=ADVANCED_FACE('',(#593),#362,.T.);
#5244=ADVANCED_FACE('',(#594),#363,.T.);
#5245=ADVANCED_FACE('',(#595),#364,.T.);
#5246=ADVANCED_FACE('',(#596),#365,.T.);
#5247=ADVANCED_FACE('',(#597),#366,.T.);
#5248=ADVANCED_FACE('',(#598),#367,.T.);
#5249=ADVANCED_FACE('',(#599),#368,.F.);
#5250=ADVANCED_FACE('',(#600),#43,.T.);
#5251=ADVANCED_FACE('',(#601),#44,.T.);
#5252=ADVANCED_FACE('',(#602),#45,.T.);
#5253=ADVANCED_FACE('',(#603),#46,.T.);
#5254=ADVANCED_FACE('',(#604),#369,.T.);
#5255=ADVANCED_FACE('',(#605),#47,.T.);
#5256=ADVANCED_FACE('',(#606),#48,.T.);
#5257=ADVANCED_FACE('',(#607),#49,.T.);
#5258=ADVANCED_FACE('',(#608),#50,.T.);
#5259=ADVANCED_FACE('',(#609),#370,.T.);
#5260=ADVANCED_FACE('',(#610),#371,.F.);
#5261=ADVANCED_FACE('',(#611),#372,.T.);
#5262=ADVANCED_FACE('',(#612),#373,.T.);
#5263=ADVANCED_FACE('',(#613),#51,.T.);
#5264=ADVANCED_FACE('',(#614),#374,.T.);
#5265=ADVANCED_FACE('',(#615),#52,.T.);
#5266=ADVANCED_FACE('',(#616),#375,.T.);
#5267=ADVANCED_FACE('',(#617),#376,.T.);
#5268=ADVANCED_FACE('',(#618),#377,.T.);
#5269=ADVANCED_FACE('',(#619,#255),#378,.F.);
#5270=ADVANCED_FACE('',(#620),#379,.T.);
#5271=ADVANCED_FACE('',(#621),#380,.T.);
#5272=ADVANCED_FACE('',(#622),#381,.T.);
#5273=ADVANCED_FACE('',(#623),#382,.T.);
#5274=ADVANCED_FACE('',(#624),#383,.T.);
#5275=ADVANCED_FACE('',(#625),#384,.T.);
#5276=ADVANCED_FACE('',(#626),#385,.T.);
#5277=ADVANCED_FACE('',(#627),#386,.T.);
#5278=ADVANCED_FACE('',(#628),#387,.T.);
#5279=ADVANCED_FACE('',(#629),#388,.T.);
#5280=ADVANCED_FACE('',(#630),#389,.T.);
#5281=ADVANCED_FACE('',(#631),#53,.T.);
#5282=ADVANCED_FACE('',(#632),#54,.T.);
#5283=ADVANCED_FACE('',(#633),#390,.F.);
#5284=ADVANCED_FACE('',(#634),#391,.T.);
#5285=ADVANCED_FACE('',(#635),#392,.T.);
#5286=ADVANCED_FACE('',(#636),#55,.T.);
#5287=ADVANCED_FACE('',(#637),#393,.T.);
#5288=ADVANCED_FACE('',(#638),#56,.T.);
#5289=ADVANCED_FACE('',(#639),#394,.T.);
#5290=ADVANCED_FACE('',(#640),#395,.T.);
#5291=ADVANCED_FACE('',(#641),#396,.T.);
#5292=ADVANCED_FACE('',(#642),#397,.T.);
#5293=ADVANCED_FACE('',(#643),#57,.T.);
#5294=ADVANCED_FACE('',(#644),#58,.T.);
#5295=ADVANCED_FACE('',(#645),#59,.T.);
#5296=ADVANCED_FACE('',(#646),#60,.T.);
#5297=ADVANCED_FACE('',(#647),#398,.T.);
#5298=ADVANCED_FACE('',(#648),#61,.T.);
#5299=ADVANCED_FACE('',(#649),#62,.T.);
#5300=ADVANCED_FACE('',(#650),#63,.T.);
#5301=ADVANCED_FACE('',(#651),#64,.T.);
#5302=ADVANCED_FACE('',(#652),#65,.T.);
#5303=ADVANCED_FACE('',(#653),#399,.T.);
#5304=ADVANCED_FACE('',(#654),#400,.T.);
#5305=ADVANCED_FACE('',(#655),#401,.T.);
#5306=ADVANCED_FACE('',(#656),#66,.T.);
#5307=ADVANCED_FACE('',(#657),#67,.T.);
#5308=ADVANCED_FACE('',(#658),#68,.T.);
#5309=ADVANCED_FACE('',(#659),#69,.T.);
#5310=ADVANCED_FACE('',(#660),#70,.T.);
#5311=ADVANCED_FACE('',(#661),#402,.T.);
#5312=ADVANCED_FACE('',(#662),#403,.T.);
#5313=ADVANCED_FACE('',(#663),#404,.T.);
#5314=ADVANCED_FACE('',(#664),#405,.T.);
#5315=ADVANCED_FACE('',(#665),#406,.T.);
#5316=ADVANCED_FACE('',(#666),#407,.T.);
#5317=ADVANCED_FACE('',(#667),#71,.T.);
#5318=ADVANCED_FACE('',(#668),#72,.T.);
#5319=ADVANCED_FACE('',(#669),#73,.T.);
#5320=ADVANCED_FACE('',(#670),#74,.T.);
#5321=ADVANCED_FACE('',(#671),#408,.T.);
#5322=ADVANCED_FACE('',(#672),#409,.T.);
#5323=ADVANCED_FACE('',(#673,#256),#410,.F.);
#5324=ADVANCED_FACE('',(#674),#411,.T.);
#5325=ADVANCED_FACE('',(#675),#412,.T.);
#5326=ADVANCED_FACE('',(#676),#413,.T.);
#5327=ADVANCED_FACE('',(#677),#414,.T.);
#5328=ADVANCED_FACE('',(#678),#415,.T.);
#5329=ADVANCED_FACE('',(#679),#416,.T.);
#5330=ADVANCED_FACE('',(#680),#417,.T.);
#5331=ADVANCED_FACE('',(#681),#418,.T.);
#5332=ADVANCED_FACE('',(#682),#419,.T.);
#5333=ADVANCED_FACE('',(#683),#420,.T.);
#5334=ADVANCED_FACE('',(#684),#421,.T.);
#5335=ADVANCED_FACE('',(#685),#75,.T.);
#5336=ADVANCED_FACE('',(#686),#76,.T.);
#5337=ADVANCED_FACE('',(#687),#422,.F.);
#5338=ADVANCED_FACE('',(#688),#423,.T.);
#5339=ADVANCED_FACE('',(#689),#424,.T.);
#5340=ADVANCED_FACE('',(#690),#425,.T.);
#5341=ADVANCED_FACE('',(#691),#426,.T.);
#5342=ADVANCED_FACE('',(#692),#77,.T.);
#5343=ADVANCED_FACE('',(#693),#78,.T.);
#5344=ADVANCED_FACE('',(#694),#427,.T.);
#5345=ADVANCED_FACE('',(#695),#428,.T.);
#5346=ADVANCED_FACE('',(#696),#429,.T.);
#5347=ADVANCED_FACE('',(#697),#430,.T.);
#5348=ADVANCED_FACE('',(#698,#257),#431,.F.);
#5349=ADVANCED_FACE('',(#699),#432,.T.);
#5350=ADVANCED_FACE('',(#700),#433,.T.);
#5351=ADVANCED_FACE('',(#701),#434,.T.);
#5352=ADVANCED_FACE('',(#702),#435,.T.);
#5353=ADVANCED_FACE('',(#703),#436,.T.);
#5354=ADVANCED_FACE('',(#704),#437,.T.);
#5355=ADVANCED_FACE('',(#705),#438,.T.);
#5356=ADVANCED_FACE('',(#706),#439,.T.);
#5357=ADVANCED_FACE('',(#707),#440,.T.);
#5358=ADVANCED_FACE('',(#708),#441,.T.);
#5359=ADVANCED_FACE('',(#709),#442,.T.);
#5360=ADVANCED_FACE('',(#710),#79,.T.);
#5361=ADVANCED_FACE('',(#711),#80,.T.);
#5362=ADVANCED_FACE('',(#712),#443,.F.);
#5363=ADVANCED_FACE('',(#713),#81,.T.);
#5364=ADVANCED_FACE('',(#714),#82,.T.);
#5365=ADVANCED_FACE('',(#715),#83,.T.);
#5366=ADVANCED_FACE('',(#716),#84,.T.);
#5367=ADVANCED_FACE('',(#717),#444,.T.);
#5368=ADVANCED_FACE('',(#718),#85,.T.);
#5369=ADVANCED_FACE('',(#719),#86,.T.);
#5370=ADVANCED_FACE('',(#720),#87,.T.);
#5371=ADVANCED_FACE('',(#721),#88,.T.);
#5372=ADVANCED_FACE('',(#722),#445,.T.);
#5373=ADVANCED_FACE('',(#723),#446,.F.);
#5374=ADVANCED_FACE('',(#724),#447,.T.);
#5375=ADVANCED_FACE('',(#725),#448,.F.);
#5376=ADVANCED_FACE('',(#726),#449,.F.);
#5377=ADVANCED_FACE('',(#727),#450,.F.);
#5378=ADVANCED_FACE('',(#728),#451,.F.);
#5379=ADVANCED_FACE('',(#729),#452,.F.);
#5380=ADVANCED_FACE('',(#730),#5080,.T.);
#5381=ADVANCED_FACE('',(#731),#5081,.T.);
#5382=ADVANCED_FACE('',(#732),#5082,.F.);
#5383=ADVANCED_FACE('',(#733,#258),#453,.F.);
#5384=ADVANCED_FACE('',(#734),#5083,.T.);
#5385=ADVANCED_FACE('',(#735),#454,.F.);
#5386=ADVANCED_FACE('',(#736),#5084,.T.);
#5387=ADVANCED_FACE('',(#737,#259),#455,.T.);
#5388=ADVANCED_FACE('',(#738),#5085,.T.);
#5389=ADVANCED_FACE('',(#739),#456,.F.);
#5390=ADVANCED_FACE('',(#740),#457,.F.);
#5391=ADVANCED_FACE('',(#741),#458,.T.);
#5392=ADVANCED_FACE('',(#742),#459,.T.);
#5393=ADVANCED_FACE('',(#743),#460,.F.);
#5394=ADVANCED_FACE('',(#744),#5086,.F.);
#5395=ADVANCED_FACE('',(#745),#461,.F.);
#5396=ADVANCED_FACE('',(#746),#5087,.F.);
#5397=ADVANCED_FACE('',(#747),#462,.F.);
#5398=ADVANCED_FACE('',(#748),#5088,.F.);
#5399=ADVANCED_FACE('',(#749),#463,.F.);
#5400=ADVANCED_FACE('',(#750),#5089,.F.);
#5401=ADVANCED_FACE('',(#751),#464,.F.);
#5402=CLOSED_SHELL('',(#5115,#5116,#5117,#5118,#5119,#5120,#5121,#5122,
#5123,#5124,#5125,#5126,#5127,#5128,#5129,#5130,#5131,#5132,#5133,#5134,
#5135,#5136,#5137,#5138,#5139,#5140,#5141,#5142,#5143,#5144,#5145,#5146,
#5147,#5148,#5149,#5150,#5151,#5152,#5153,#5154,#5155,#5156,#5157,#5158,
#5159,#5160,#5161,#5162,#5163,#5164,#5165,#5166,#5167,#5168,#5169,#5170,
#5171,#5172,#5173,#5174,#5175,#5176,#5177,#5178));
#5403=CLOSED_SHELL('',(#5179,#5180,#5181,#5182,#5183,#5184,#5185,#5186,
#5187,#5188,#5189,#5190,#5191,#5192,#5193,#5194,#5195,#5196,#5197,#5198,
#5199,#5200,#5201,#5202,#5203,#5204,#5205,#5206,#5207,#5208,#5209,#5210,
#5211,#5212,#5213,#5214,#5215,#5216,#5217,#5218,#5219,#5220,#5221,#5222,
#5223,#5224,#5225,#5226,#5227,#5228,#5229,#5230,#5231,#5232,#5233,#5234,
#5235,#5236,#5237,#5238,#5239,#5240,#5241,#5242,#5243,#5244,#5245,#5246,
#5247,#5248,#5249,#5250,#5251,#5252,#5253,#5254,#5255,#5256,#5257,#5258,
#5259,#5260,#5261,#5262,#5263,#5264,#5265,#5266,#5267,#5268,#5269,#5270,
#5271,#5272,#5273,#5274,#5275,#5276,#5277,#5278,#5279,#5280,#5281,#5282,
#5283,#5284,#5285,#5286,#5287,#5288,#5289,#5290,#5291,#5292,#5293,#5294,
#5295,#5296,#5297,#5298,#5299,#5300,#5301,#5302,#5303,#5304,#5305,#5306,
#5307,#5308,#5309,#5310,#5311,#5312,#5313,#5314,#5315,#5316,#5317,#5318,
#5319,#5320,#5321,#5322,#5323,#5324,#5325,#5326,#5327,#5328,#5329,#5330,
#5331,#5332,#5333,#5334,#5335,#5336,#5337,#5338,#5339,#5340,#5341,#5342,
#5343,#5344,#5345,#5346,#5347,#5348,#5349,#5350,#5351,#5352,#5353,#5354,
#5355,#5356,#5357,#5358,#5359,#5360,#5361,#5362,#5363,#5364,#5365,#5366,
#5367,#5368,#5369,#5370,#5371,#5372,#5373,#5374));
#5404=CLOSED_SHELL('',(#5375,#5376,#5377,#5378,#5379,#5380,#5381));
#5405=CLOSED_SHELL('',(#5382,#5383,#5384,#5385,#5386,#5387,#5388,#5389,
#5390,#5391,#5392,#5393,#5394,#5395,#5396,#5397,#5398,#5399,#5400,#5401));
#5406=DERIVED_UNIT_ELEMENT(#5414,1.);
#5407=DERIVED_UNIT_ELEMENT(#12688,-3.);
#5408=DERIVED_UNIT_ELEMENT(#5414,1.);
#5409=DERIVED_UNIT_ELEMENT(#12688,-3.);
#5410=DERIVED_UNIT_ELEMENT(#5414,1.);
#5411=DERIVED_UNIT_ELEMENT(#12688,-3.);
#5412=DERIVED_UNIT_ELEMENT(#5414,1.);
#5413=DERIVED_UNIT_ELEMENT(#12688,-3.);
#5414=(
MASS_UNIT()
NAMED_UNIT(*)
SI_UNIT(.KILO.,.GRAM.)
);
#5415=DERIVED_UNIT((#5406,#5407));
#5416=DERIVED_UNIT((#5408,#5409));
#5417=DERIVED_UNIT((#5410,#5411));
#5418=DERIVED_UNIT((#5412,#5413));
#5419=MEASURE_REPRESENTATION_ITEM('density measure',
POSITIVE_RATIO_MEASURE(7850.),#5415);
#5420=MEASURE_REPRESENTATION_ITEM('density measure',
POSITIVE_RATIO_MEASURE(7850.),#5416);
#5421=MEASURE_REPRESENTATION_ITEM('density measure',
POSITIVE_RATIO_MEASURE(7850.),#5417);
#5422=MEASURE_REPRESENTATION_ITEM('density measure',
POSITIVE_RATIO_MEASURE(7850.),#5418);
#5423=PROPERTY_DEFINITION_REPRESENTATION(#5443,#5431);
#5424=PROPERTY_DEFINITION_REPRESENTATION(#5444,#5432);
#5425=PROPERTY_DEFINITION_REPRESENTATION(#5445,#5433);
#5426=PROPERTY_DEFINITION_REPRESENTATION(#5446,#5434);
#5427=PROPERTY_DEFINITION_REPRESENTATION(#5447,#5435);
#5428=PROPERTY_DEFINITION_REPRESENTATION(#5448,#5436);
#5429=PROPERTY_DEFINITION_REPRESENTATION(#5449,#5437);
#5430=PROPERTY_DEFINITION_REPRESENTATION(#5450,#5438);
#5431=REPRESENTATION('material name',(#5439),#12682);
#5432=REPRESENTATION('density',(#5419),#12682);
#5433=REPRESENTATION('material name',(#5440),#12683);
#5434=REPRESENTATION('density',(#5420),#12683);
#5435=REPRESENTATION('material name',(#5441),#12684);
#5436=REPRESENTATION('density',(#5421),#12684);
#5437=REPRESENTATION('material name',(#5442),#12685);
#5438=REPRESENTATION('density',(#5422),#12685);
#5439=DESCRIPTIVE_REPRESENTATION_ITEM('Steel','Steel');
#5440=DESCRIPTIVE_REPRESENTATION_ITEM('Steel','Steel');
#5441=DESCRIPTIVE_REPRESENTATION_ITEM('Steel','Steel');
#5442=DESCRIPTIVE_REPRESENTATION_ITEM('Steel','Steel');
#5443=PROPERTY_DEFINITION('material property','material name',#12712);
#5444=PROPERTY_DEFINITION('material property','density of part',#12712);
#5445=PROPERTY_DEFINITION('material property','material name',#12713);
#5446=PROPERTY_DEFINITION('material property','density of part',#12713);
#5447=PROPERTY_DEFINITION('material property','material name',#12714);
#5448=PROPERTY_DEFINITION('material property','density of part',#12714);
#5449=PROPERTY_DEFINITION('material property','material name',#12715);
#5450=PROPERTY_DEFINITION('material property','density of part',#12715);
#5451=AXIS2_PLACEMENT_3D('',#6865,#5725,#5726);
#5452=AXIS2_PLACEMENT_3D('',#6866,#5727,#5728);
#5453=AXIS2_PLACEMENT_3D('',#6867,#5729,#5730);
#5454=AXIS2_PLACEMENT_3D('',#6870,#5731,#5732);
#5455=AXIS2_PLACEMENT_3D('',#6874,#5734,#5735);
#5456=AXIS2_PLACEMENT_3D('',#6876,#5737,#5738);
#5457=AXIS2_PLACEMENT_3D('',#6882,#5742,#5743);
#5458=AXIS2_PLACEMENT_3D('',#6891,#5748,#5749);
#5459=AXIS2_PLACEMENT_3D('',#6892,#5750,#5751);
#5460=AXIS2_PLACEMENT_3D('',#6894,#5752,#5753);
#5461=AXIS2_PLACEMENT_3D('',#6896,#5755,#5756);
#5462=AXIS2_PLACEMENT_3D('',#6899,#5757,#5758);
#5463=AXIS2_PLACEMENT_3D('',#6903,#5760,#5761);
#5464=AXIS2_PLACEMENT_3D('',#6905,#5763,#5764);
#5465=AXIS2_PLACEMENT_3D('',#6911,#5768,#5769);
#5466=AXIS2_PLACEMENT_3D('',#6918,#5773,#5774);
#5467=AXIS2_PLACEMENT_3D('',#6919,#5775,#5776);
#5468=AXIS2_PLACEMENT_3D('',#6921,#5777,#5778);
#5469=AXIS2_PLACEMENT_3D('',#6923,#5780,#5781);
#5470=AXIS2_PLACEMENT_3D('',#6926,#5782,#5783);
#5471=AXIS2_PLACEMENT_3D('',#6930,#5785,#5786);
#5472=AXIS2_PLACEMENT_3D('',#6932,#5788,#5789);
#5473=AXIS2_PLACEMENT_3D('',#6938,#5793,#5794);
#5474=AXIS2_PLACEMENT_3D('',#6947,#5799,#5800);
#5475=AXIS2_PLACEMENT_3D('',#6948,#5801,#5802);
#5476=AXIS2_PLACEMENT_3D('',#6950,#5803,#5804);
#5477=AXIS2_PLACEMENT_3D('',#6952,#5806,#5807);
#5478=AXIS2_PLACEMENT_3D('',#6956,#5810,#5811);
#5479=AXIS2_PLACEMENT_3D('',#6960,#5814,#5815);
#5480=AXIS2_PLACEMENT_3D('',#6964,#5818,#5819);
#5481=AXIS2_PLACEMENT_3D('',#6968,#5822,#5823);
#5482=AXIS2_PLACEMENT_3D('',#6972,#5826,#5827);
#5483=AXIS2_PLACEMENT_3D('',#6976,#5830,#5831);
#5484=AXIS2_PLACEMENT_3D('',#6978,#5832,#5833);
#5485=AXIS2_PLACEMENT_3D('',#6981,#5835,#5836);
#5486=AXIS2_PLACEMENT_3D('',#6982,#5837,#5838);
#5487=AXIS2_PLACEMENT_3D('',#6984,#5839,#5840);
#5488=AXIS2_PLACEMENT_3D('',#6987,#5842,#5843);
#5489=AXIS2_PLACEMENT_3D('',#6988,#5844,#5845);
#5490=AXIS2_PLACEMENT_3D('',#6990,#5846,#5847);
#5491=AXIS2_PLACEMENT_3D('',#6993,#5849,#5850);
#5492=AXIS2_PLACEMENT_3D('',#6994,#5851,#5852);
#5493=AXIS2_PLACEMENT_3D('',#6996,#5853,#5854);
#5494=AXIS2_PLACEMENT_3D('',#6999,#5856,#5857);
#5495=AXIS2_PLACEMENT_3D('',#7000,#5858,#5859);
#5496=AXIS2_PLACEMENT_3D('',#7010,#5865,#5866);
#5497=AXIS2_PLACEMENT_3D('',#7022,#5873,#5874);
#5498=AXIS2_PLACEMENT_3D('',#7029,#5879,#5880);
#5499=AXIS2_PLACEMENT_3D('',#7041,#5887,#5888);
#5500=AXIS2_PLACEMENT_3D('',#7048,#5893,#5894);
#5501=AXIS2_PLACEMENT_3D('',#7073,#5907,#5908);
#5502=AXIS2_PLACEMENT_3D('',#7076,#5911,#5912);
#5503=AXIS2_PLACEMENT_3D('',#7079,#5915,#5916);
#5504=AXIS2_PLACEMENT_3D('',#7091,#5924,#5925);
#5505=AXIS2_PLACEMENT_3D('',#7095,#5928,#5929);
#5506=AXIS2_PLACEMENT_3D('',#7097,#5931,#5932);
#5507=AXIS2_PLACEMENT_3D('',#7101,#5935,#5936);
#5508=AXIS2_PLACEMENT_3D('',#7103,#5938,#5939);
#5509=AXIS2_PLACEMENT_3D('',#7107,#5942,#5943);
#5510=AXIS2_PLACEMENT_3D('',#7111,#5946,#5947);
#5511=AXIS2_PLACEMENT_3D('',#7113,#5949,#5950);
#5512=AXIS2_PLACEMENT_3D('',#7122,#5955,#5956);
#5513=AXIS2_PLACEMENT_3D('',#7128,#5960,#5961);
#5514=AXIS2_PLACEMENT_3D('',#7132,#5964,#5965);
#5515=AXIS2_PLACEMENT_3D('',#7136,#5968,#5969);
#5516=AXIS2_PLACEMENT_3D('',#7138,#5971,#5972);
#5517=AXIS2_PLACEMENT_3D('',#7152,#5980,#5981);
#5518=AXIS2_PLACEMENT_3D('',#7156,#5984,#5985);
#5519=AXIS2_PLACEMENT_3D('',#7160,#5988,#5989);
#5520=AXIS2_PLACEMENT_3D('',#7162,#5991,#5992);
#5521=AXIS2_PLACEMENT_3D('',#7168,#5996,#5997);
#5522=AXIS2_PLACEMENT_3D('',#7174,#6001,#6002);
#5523=AXIS2_PLACEMENT_3D('',#7176,#6004,#6005);
#5524=AXIS2_PLACEMENT_3D('',#7178,#6007,#6008);
#5525=AXIS2_PLACEMENT_3D('',#7179,#6009,#6010);
#5526=AXIS2_PLACEMENT_3D('',#7180,#6011,#6012);
#5527=AXIS2_PLACEMENT_3D('',#7181,#6013,#6014);
#5528=AXIS2_PLACEMENT_3D('',#7182,#6015,#6016);
#5529=AXIS2_PLACEMENT_3D('',#7183,#6017,#6018);
#5530=AXIS2_PLACEMENT_3D('',#7192,#6023,#6024);
#5531=AXIS2_PLACEMENT_3D('',#7198,#6028,#6029);
#5532=AXIS2_PLACEMENT_3D('',#7204,#6033,#6034);
#5533=AXIS2_PLACEMENT_3D('',#7207,#6037,#6038);
#5534=AXIS2_PLACEMENT_3D('',#7208,#6039,#6040);
#5535=AXIS2_PLACEMENT_3D('',#7209,#6041,#6042);
#5536=AXIS2_PLACEMENT_3D('',#7210,#6043,#6044);
#5537=AXIS2_PLACEMENT_3D('',#7211,#6045,#6046);
#5538=AXIS2_PLACEMENT_3D('',#7212,#6047,#6048);
#5539=AXIS2_PLACEMENT_3D('',#8417,#6139,#6140);
#5540=AXIS2_PLACEMENT_3D('',#8423,#6144,#6145);
#5541=AXIS2_PLACEMENT_3D('',#8429,#6149,#6150);
#5542=AXIS2_PLACEMENT_3D('',#8433,#6153,#6154);
#5543=AXIS2_PLACEMENT_3D('',#8461,#6169,#6170);
#5544=AXIS2_PLACEMENT_3D('',#8463,#6172,#6173);
#5545=AXIS2_PLACEMENT_3D('',#8477,#6181,#6182);
#5546=AXIS2_PLACEMENT_3D('',#8479,#6184,#6185);
#5547=AXIS2_PLACEMENT_3D('',#8481,#6187,#6188);
#5548=AXIS2_PLACEMENT_3D('',#8482,#6189,#6190);
#5549=AXIS2_PLACEMENT_3D('',#8485,#6193,#6194);
#5550=AXIS2_PLACEMENT_3D('',#8487,#6196,#6197);
#5551=AXIS2_PLACEMENT_3D('',#8489,#6199,#6200);
#5552=AXIS2_PLACEMENT_3D('',#8490,#6201,#6202);
#5553=AXIS2_PLACEMENT_3D('',#8496,#6206,#6207);
#5554=AXIS2_PLACEMENT_3D('',#8500,#6210,#6211);
#5555=AXIS2_PLACEMENT_3D('',#8504,#6214,#6215);
#5556=AXIS2_PLACEMENT_3D('',#8506,#6217,#6218);
#5557=AXIS2_PLACEMENT_3D('',#8512,#6222,#6223);
#5558=AXIS2_PLACEMENT_3D('',#8516,#6226,#6227);
#5559=AXIS2_PLACEMENT_3D('',#8520,#6230,#6231);
#5560=AXIS2_PLACEMENT_3D('',#8522,#6233,#6234);
#5561=AXIS2_PLACEMENT_3D('',#8523,#6235,#6236);
#5562=AXIS2_PLACEMENT_3D('',#8529,#6240,#6241);
#5563=AXIS2_PLACEMENT_3D('',#8533,#6244,#6245);
#5564=AXIS2_PLACEMENT_3D('',#8537,#6248,#6249);
#5565=AXIS2_PLACEMENT_3D('',#8539,#6251,#6252);
#5566=AXIS2_PLACEMENT_3D('',#8802,#6258,#6259);
#5567=AXIS2_PLACEMENT_3D('',#9090,#6266,#6267);
#5568=AXIS2_PLACEMENT_3D('',#9092,#6269,#6270);
#5569=AXIS2_PLACEMENT_3D('',#9093,#6271,#6272);
#5570=AXIS2_PLACEMENT_3D('',#9099,#6276,#6277);
#5571=AXIS2_PLACEMENT_3D('',#9103,#6280,#6281);
#5572=AXIS2_PLACEMENT_3D('',#9107,#6284,#6285);
#5573=AXIS2_PLACEMENT_3D('',#9111,#6288,#6289);
#5574=AXIS2_PLACEMENT_3D('',#9115,#6292,#6293);
#5575=AXIS2_PLACEMENT_3D('',#9119,#6296,#6297);
#5576=AXIS2_PLACEMENT_3D('',#9123,#6300,#6301);
#5577=AXIS2_PLACEMENT_3D('',#9127,#6304,#6305);
#5578=AXIS2_PLACEMENT_3D('',#9131,#6308,#6309);
#5579=AXIS2_PLACEMENT_3D('',#9133,#6311,#6312);
#5580=AXIS2_PLACEMENT_3D('',#9134,#6313,#6314);
#5581=AXIS2_PLACEMENT_3D('',#9791,#6323,#6324);
#5582=AXIS2_PLACEMENT_3D('',#9792,#6325,#6326);
#5583=AXIS2_PLACEMENT_3D('',#9798,#6330,#6331);
#5584=AXIS2_PLACEMENT_3D('',#9802,#6334,#6335);
#5585=AXIS2_PLACEMENT_3D('',#9806,#6338,#6339);
#5586=AXIS2_PLACEMENT_3D('',#9810,#6342,#6343);
#5587=AXIS2_PLACEMENT_3D('',#9814,#6346,#6347);
#5588=AXIS2_PLACEMENT_3D('',#9818,#6350,#6351);
#5589=AXIS2_PLACEMENT_3D('',#9822,#6354,#6355);
#5590=AXIS2_PLACEMENT_3D('',#9826,#6358,#6359);
#5591=AXIS2_PLACEMENT_3D('',#9830,#6362,#6363);
#5592=AXIS2_PLACEMENT_3D('',#9832,#6365,#6366);
#5593=AXIS2_PLACEMENT_3D('',#10095,#6372,#6373);
#5594=AXIS2_PLACEMENT_3D('',#10383,#6380,#6381);
#5595=AXIS2_PLACEMENT_3D('',#10385,#6383,#6384);
#5596=AXIS2_PLACEMENT_3D('',#10386,#6385,#6386);
#5597=AXIS2_PLACEMENT_3D('',#10392,#6390,#6391);
#5598=AXIS2_PLACEMENT_3D('',#10431,#6395,#6396);
#5599=AXIS2_PLACEMENT_3D('',#10470,#6400,#6401);
#5600=AXIS2_PLACEMENT_3D('',#10474,#6404,#6405);
#5601=AXIS2_PLACEMENT_3D('',#10476,#6407,#6408);
#5602=AXIS2_PLACEMENT_3D('',#10477,#6409,#6410);
#5603=AXIS2_PLACEMENT_3D('',#10520,#6422,#6423);
#5604=AXIS2_PLACEMENT_3D('',#10523,#6426,#6427);
#5605=AXIS2_PLACEMENT_3D('',#10525,#6429,#6430);
#5606=AXIS2_PLACEMENT_3D('',#10527,#6432,#6433);
#5607=AXIS2_PLACEMENT_3D('',#10529,#6435,#6436);
#5608=AXIS2_PLACEMENT_3D('',#10531,#6438,#6439);
#5609=AXIS2_PLACEMENT_3D('',#10533,#6441,#6442);
#5610=AXIS2_PLACEMENT_3D('',#10535,#6444,#6445);
#5611=AXIS2_PLACEMENT_3D('',#10536,#6446,#6447);
#5612=AXIS2_PLACEMENT_3D('',#10542,#6451,#6452);
#5613=AXIS2_PLACEMENT_3D('',#10546,#6455,#6456);
#5614=AXIS2_PLACEMENT_3D('',#10606,#6460,#6461);
#5615=AXIS2_PLACEMENT_3D('',#10607,#6462,#6463);
#5616=AXIS2_PLACEMENT_3D('',#10613,#6467,#6468);
#5617=AXIS2_PLACEMENT_3D('',#10652,#6472,#6473);
#5618=AXIS2_PLACEMENT_3D('',#10691,#6477,#6478);
#5619=AXIS2_PLACEMENT_3D('',#10695,#6481,#6482);
#5620=AXIS2_PLACEMENT_3D('',#10697,#6484,#6485);
#5621=AXIS2_PLACEMENT_3D('',#10698,#6486,#6487);
#5622=AXIS2_PLACEMENT_3D('',#10922,#6495,#6496);
#5623=AXIS2_PLACEMENT_3D('',#11173,#6504,#6505);
#5624=AXIS2_PLACEMENT_3D('',#11177,#6508,#6509);
#5625=AXIS2_PLACEMENT_3D('',#11179,#6511,#6512);
#5626=AXIS2_PLACEMENT_3D('',#11405,#6519,#6520);
#5627=AXIS2_PLACEMENT_3D('',#11409,#6523,#6524);
#5628=AXIS2_PLACEMENT_3D('',#11413,#6527,#6528);
#5629=AXIS2_PLACEMENT_3D('',#11417,#6531,#6532);
#5630=AXIS2_PLACEMENT_3D('',#11421,#6535,#6536);
#5631=AXIS2_PLACEMENT_3D('',#11425,#6539,#6540);
#5632=AXIS2_PLACEMENT_3D('',#11641,#6547,#6548);
#5633=AXIS2_PLACEMENT_3D('',#11643,#6550,#6551);
#5634=AXIS2_PLACEMENT_3D('',#11644,#6552,#6553);
#5635=AXIS2_PLACEMENT_3D('',#11687,#6565,#6566);
#5636=AXIS2_PLACEMENT_3D('',#11690,#6569,#6570);
#5637=AXIS2_PLACEMENT_3D('',#11692,#6572,#6573);
#5638=AXIS2_PLACEMENT_3D('',#11694,#6575,#6576);
#5639=AXIS2_PLACEMENT_3D('',#11696,#6578,#6579);
#5640=AXIS2_PLACEMENT_3D('',#11698,#6581,#6582);
#5641=AXIS2_PLACEMENT_3D('',#11700,#6584,#6585);
#5642=AXIS2_PLACEMENT_3D('',#11702,#6587,#6588);
#5643=AXIS2_PLACEMENT_3D('',#11703,#6589,#6590);
#5644=AXIS2_PLACEMENT_3D('',#11709,#6594,#6595);
#5645=AXIS2_PLACEMENT_3D('',#11713,#6598,#6599);
#5646=AXIS2_PLACEMENT_3D('',#11773,#6603,#6604);
#5647=AXIS2_PLACEMENT_3D('',#11774,#6605,#6606);
#5648=AXIS2_PLACEMENT_3D('',#11780,#6610,#6611);
#5649=AXIS2_PLACEMENT_3D('',#11784,#6614,#6615);
#5650=AXIS2_PLACEMENT_3D('',#11788,#6618,#6619);
#5651=AXIS2_PLACEMENT_3D('',#11832,#6624,#6625);
#5652=AXIS2_PLACEMENT_3D('',#11836,#6628,#6629);
#5653=AXIS2_PLACEMENT_3D('',#11840,#6632,#6633);
#5654=AXIS2_PLACEMENT_3D('',#11842,#6635,#6636);
#5655=AXIS2_PLACEMENT_3D('',#11843,#6637,#6638);
#5656=AXIS2_PLACEMENT_3D('',#11886,#6650,#6651);
#5657=AXIS2_PLACEMENT_3D('',#11889,#6654,#6655);
#5658=AXIS2_PLACEMENT_3D('',#11891,#6657,#6658);
#5659=AXIS2_PLACEMENT_3D('',#11893,#6660,#6661);
#5660=AXIS2_PLACEMENT_3D('',#11895,#6663,#6664);
#5661=AXIS2_PLACEMENT_3D('',#11897,#6666,#6667);
#5662=AXIS2_PLACEMENT_3D('',#11899,#6669,#6670);
#5663=AXIS2_PLACEMENT_3D('',#11901,#6672,#6673);
#5664=AXIS2_PLACEMENT_3D('',#11902,#6674,#6675);
#5665=AXIS2_PLACEMENT_3D('',#11908,#6679,#6680);
#5666=AXIS2_PLACEMENT_3D('',#11912,#6683,#6684);
#5667=AXIS2_PLACEMENT_3D('',#11972,#6688,#6689);
#5668=AXIS2_PLACEMENT_3D('',#12235,#6695,#6696);
#5669=AXIS2_PLACEMENT_3D('',#12523,#6703,#6704);
#5670=AXIS2_PLACEMENT_3D('',#12525,#6706,#6707);
#5671=AXIS2_PLACEMENT_3D('',#12526,#6708,#6709);
#5672=AXIS2_PLACEMENT_3D('',#12527,#6710,#6711);
#5673=AXIS2_PLACEMENT_3D('',#12528,#6712,#6713);
#5674=AXIS2_PLACEMENT_3D('',#12537,#6718,#6719);
#5675=AXIS2_PLACEMENT_3D('',#12540,#6720,#6721);
#5676=AXIS2_PLACEMENT_3D('',#12541,#6722,#6723);
#5677=AXIS2_PLACEMENT_3D('',#12545,#6726,#6727);
#5678=AXIS2_PLACEMENT_3D('',#12551,#6731,#6732);
#5679=AXIS2_PLACEMENT_3D('',#12553,#6733,#6734);
#5680=AXIS2_PLACEMENT_3D('',#12554,#6735,#6736);
#5681=AXIS2_PLACEMENT_3D('',#12556,#6738,#6739);
#5682=AXIS2_PLACEMENT_3D('',#12557,#6740,#6741);
#5683=AXIS2_PLACEMENT_3D('',#12559,#6743,#6744);
#5684=AXIS2_PLACEMENT_3D('',#12560,#6745,#6746);
#5685=AXIS2_PLACEMENT_3D('',#12561,#6747,#6748);
#5686=AXIS2_PLACEMENT_3D('',#12564,#6749,#6750);
#5687=AXIS2_PLACEMENT_3D('',#12568,#6752,#6753);
#5688=AXIS2_PLACEMENT_3D('',#12570,#6755,#6756);
#5689=AXIS2_PLACEMENT_3D('',#12580,#6761,#6762);
#5690=AXIS2_PLACEMENT_3D('',#12584,#6764,#6765);
#5691=AXIS2_PLACEMENT_3D('',#12588,#6767,#6768);
#5692=AXIS2_PLACEMENT_3D('',#12591,#6770,#6771);
#5693=AXIS2_PLACEMENT_3D('',#12592,#6772,#6773);
#5694=AXIS2_PLACEMENT_3D('',#12594,#6774,#6775);
#5695=AXIS2_PLACEMENT_3D('',#12597,#6777,#6778);
#5696=AXIS2_PLACEMENT_3D('',#12598,#6779,#6780);
#5697=AXIS2_PLACEMENT_3D('',#12604,#6784,#6785);
#5698=AXIS2_PLACEMENT_3D('',#12606,#6786,#6787);
#5699=AXIS2_PLACEMENT_3D('',#12609,#6789,#6790);
#5700=AXIS2_PLACEMENT_3D('',#12610,#6791,#6792);
#5701=AXIS2_PLACEMENT_3D('',#12618,#6796,#6797);
#5702=AXIS2_PLACEMENT_3D('',#12622,#6799,#6800);
#5703=AXIS2_PLACEMENT_3D('',#12626,#6802,#6803);
#5704=AXIS2_PLACEMENT_3D('',#12630,#6805,#6806);
#5705=AXIS2_PLACEMENT_3D('',#12632,#6808,#6809);
#5706=AXIS2_PLACEMENT_3D('',#12634,#6810,#6811);
#5707=AXIS2_PLACEMENT_3D('',#12637,#6813,#6814);
#5708=AXIS2_PLACEMENT_3D('',#12638,#6815,#6816);
#5709=AXIS2_PLACEMENT_3D('',#12644,#6820,#6821);
#5710=AXIS2_PLACEMENT_3D('',#12650,#6825,#6826);
#5711=AXIS2_PLACEMENT_3D('',#12653,#6829,#6830);
#5712=AXIS2_PLACEMENT_3D('',#12654,#6831,#6832);
#5713=AXIS2_PLACEMENT_3D('',#12655,#6833,#6834);
#5714=AXIS2_PLACEMENT_3D('',#12658,#6837,#6838);
#5715=AXIS2_PLACEMENT_3D('',#12660,#6840,#6841);
#5716=AXIS2_PLACEMENT_3D('',#12662,#6843,#6844);
#5717=AXIS2_PLACEMENT_3D('',#12664,#6846,#6847);
#5718=AXIS2_PLACEMENT_3D('',#12666,#6849,#6850);
#5719=AXIS2_PLACEMENT_3D('',#12668,#6852,#6853);
#5720=AXIS2_PLACEMENT_3D('',#12670,#6855,#6856);
#5721=AXIS2_PLACEMENT_3D('',#12671,#6857,#6858);
#5722=AXIS2_PLACEMENT_3D('',#12672,#6859,#6860);
#5723=AXIS2_PLACEMENT_3D('',#12673,#6861,#6862);
#5724=AXIS2_PLACEMENT_3D('',#12674,#6863,#6864);
#5725=DIRECTION('axis',(0.,0.,1.));
#5726=DIRECTION('refdir',(1.,0.,0.));
#5727=DIRECTION('axis',(0.,0.,1.));
#5728=DIRECTION('refdir',(1.,0.,0.));
#5729=DIRECTION('center_axis',(1.,0.,0.));
#5730=DIRECTION('ref_axis',(0.,-0.707106781186548,-0.707106781186548));
#5731=DIRECTION('center_axis',(-1.,0.,0.));
#5732=DIRECTION('ref_axis',(0.,-0.707106781186548,-0.707106781186548));
#5733=DIRECTION('',(-1.,0.,0.));
#5734=DIRECTION('center_axis',(1.,0.,0.));
#5735=DIRECTION('ref_axis',(0.,-0.707106781186548,-0.707106781186548));
#5736=DIRECTION('',(1.,0.,0.));
#5737=DIRECTION('center_axis',(0.,-1.,0.));
#5738=DIRECTION('ref_axis',(0.,0.,-1.));
#5739=DIRECTION('',(0.,0.,1.));
#5740=DIRECTION('',(1.,0.,0.));
#5741=DIRECTION('',(0.,0.,-1.));
#5742=DIRECTION('center_axis',(-1.,0.,0.));
#5743=DIRECTION('ref_axis',(0.,0.,1.));
#5744=DIRECTION('',(0.,1.,0.));
#5745=DIRECTION('',(0.,0.,1.));
#5746=DIRECTION('',(0.,0.7682212795974,-0.640184399664451));
#5747=DIRECTION('',(0.,1.,0.));
#5748=DIRECTION('center_axis',(-1.,0.,0.));
#5749=DIRECTION('ref_axis',(0.,-0.707106781186548,0.707106781186548));
#5750=DIRECTION('center_axis',(-1.,0.,0.));
#5751=DIRECTION('ref_axis',(0.,-0.707106781186548,0.707106781186548));
#5752=DIRECTION('center_axis',(1.,0.,0.));
#5753=DIRECTION('ref_axis',(0.,-0.707106781186548,0.707106781186548));
#5754=DIRECTION('',(-1.,0.,0.));
#5755=DIRECTION('center_axis',(1.,0.,0.));
#5756=DIRECTION('ref_axis',(0.,-0.707106781186547,-0.707106781186548));
#5757=DIRECTION('center_axis',(-1.,0.,0.));
#5758=DIRECTION('ref_axis',(0.,-0.707106781186547,-0.707106781186548));
#5759=DIRECTION('',(-1.,0.,0.));
#5760=DIRECTION('center_axis',(1.,0.,0.));
#5761=DIRECTION('ref_axis',(0.,-0.707106781186547,-0.707106781186548));
#5762=DIRECTION('',(1.,0.,0.));
#5763=DIRECTION('center_axis',(0.,-1.,0.));
#5764=DIRECTION('ref_axis',(0.,0.,-1.));
#5765=DIRECTION('',(0.,0.,1.));
#5766=DIRECTION('',(1.,0.,0.));
#5767=DIRECTION('',(0.,0.,-1.));
#5768=DIRECTION('center_axis',(-1.,0.,0.));
#5769=DIRECTION('ref_axis',(0.,0.,1.));
#5770=DIRECTION('',(0.,1.,0.));
#5771=DIRECTION('',(0.,0.,1.));
#5772=DIRECTION('',(0.,1.,0.));
#5773=DIRECTION('center_axis',(-1.,0.,0.));
#5774=DIRECTION('ref_axis',(0.,-0.707106781186547,0.707106781186548));
#5775=DIRECTION('center_axis',(-1.,0.,0.));
#5776=DIRECTION('ref_axis',(0.,-0.707106781186547,0.707106781186548));
#5777=DIRECTION('center_axis',(1.,0.,0.));
#5778=DIRECTION('ref_axis',(0.,-0.707106781186547,0.707106781186548));
#5779=DIRECTION('',(-1.,0.,0.));
#5780=DIRECTION('center_axis',(1.,0.,0.));
#5781=DIRECTION('ref_axis',(0.,-0.707106781186548,-0.707106781186548));
#5782=DIRECTION('center_axis',(-1.,0.,0.));
#5783=DIRECTION('ref_axis',(0.,-0.707106781186548,-0.707106781186548));
#5784=DIRECTION('',(-1.,0.,0.));
#5785=DIRECTION('center_axis',(1.,0.,0.));
#5786=DIRECTION('ref_axis',(0.,-0.707106781186548,-0.707106781186548));
#5787=DIRECTION('',(1.,0.,0.));
#5788=DIRECTION('center_axis',(0.,-1.,0.));
#5789=DIRECTION('ref_axis',(0.,0.,-1.));
#5790=DIRECTION('',(0.,0.,1.));
#5791=DIRECTION('',(1.,0.,0.));
#5792=DIRECTION('',(0.,0.,-1.));
#5793=DIRECTION('center_axis',(-1.,0.,0.));
#5794=DIRECTION('ref_axis',(0.,0.,1.));
#5795=DIRECTION('',(0.,1.,0.));
#5796=DIRECTION('',(0.,-0.768221279597377,-0.640184399664478));
#5797=DIRECTION('',(0.,0.,1.));
#5798=DIRECTION('',(0.,1.,0.));
#5799=DIRECTION('center_axis',(-1.,0.,0.));
#5800=DIRECTION('ref_axis',(0.,-0.707106781186548,0.707106781186548));
#5801=DIRECTION('center_axis',(-1.,0.,0.));
#5802=DIRECTION('ref_axis',(0.,-0.707106781186548,0.707106781186548));
#5803=DIRECTION('center_axis',(1.,0.,0.));
#5804=DIRECTION('ref_axis',(0.,-0.707106781186548,0.707106781186548));
#5805=DIRECTION('',(-1.,0.,0.));
#5806=DIRECTION('center_axis',(0.,0.,1.));
#5807=DIRECTION('ref_axis',(1.,0.,0.));
#5808=DIRECTION('',(0.,1.,0.));
#5809=DIRECTION('',(-1.,0.,0.));
#5810=DIRECTION('center_axis',(0.,0.,1.));
#5811=DIRECTION('ref_axis',(1.,0.,0.));
#5812=DIRECTION('',(0.,1.,0.));
#5813=DIRECTION('',(1.,0.,0.));
#5814=DIRECTION('center_axis',(0.,0.,1.));
#5815=DIRECTION('ref_axis',(1.,0.,0.));
#5816=DIRECTION('',(0.,1.,0.));
#5817=DIRECTION('',(1.,0.,0.));
#5818=DIRECTION('center_axis',(0.,0.,-1.));
#5819=DIRECTION('ref_axis',(-1.,0.,0.));
#5820=DIRECTION('',(-1.,0.,0.));
#5821=DIRECTION('',(0.,1.,0.));
#5822=DIRECTION('center_axis',(0.,0.,-1.));
#5823=DIRECTION('ref_axis',(-1.,0.,0.));
#5824=DIRECTION('',(-1.,0.,0.));
#5825=DIRECTION('',(0.,1.,0.));
#5826=DIRECTION('center_axis',(0.,0.,-1.));
#5827=DIRECTION('ref_axis',(-1.,0.,0.));
#5828=DIRECTION('',(1.,0.,0.));
#5829=DIRECTION('',(0.,1.,0.));
#5830=DIRECTION('center_axis',(1.,0.,0.));
#5831=DIRECTION('ref_axis',(0.,0.,-1.));
#5832=DIRECTION('center_axis',(1.,0.,0.));
#5833=DIRECTION('ref_axis',(0.,0.,-1.));
#5834=DIRECTION('',(1.,0.,0.));
#5835=DIRECTION('center_axis',(1.,0.,0.));
#5836=DIRECTION('ref_axis',(0.,0.,-1.));
#5837=DIRECTION('center_axis',(1.,0.,0.));
#5838=DIRECTION('ref_axis',(0.,0.,-1.));
#5839=DIRECTION('center_axis',(1.,0.,0.));
#5840=DIRECTION('ref_axis',(0.,0.,1.));
#5841=DIRECTION('',(1.,0.,0.));
#5842=DIRECTION('center_axis',(1.,0.,0.));
#5843=DIRECTION('ref_axis',(0.,0.,1.));
#5844=DIRECTION('center_axis',(1.,0.,0.));
#5845=DIRECTION('ref_axis',(0.,0.,-1.));
#5846=DIRECTION('center_axis',(1.,0.,0.));
#5847=DIRECTION('ref_axis',(0.,0.,1.));
#5848=DIRECTION('',(1.,0.,0.));
#5849=DIRECTION('center_axis',(1.,0.,0.));
#5850=DIRECTION('ref_axis',(0.,0.,-1.));
#5851=DIRECTION('center_axis',(1.,0.,0.));
#5852=DIRECTION('ref_axis',(0.,0.,-1.));
#5853=DIRECTION('center_axis',(1.,0.,0.));
#5854=DIRECTION('ref_axis',(0.,0.,1.));
#5855=DIRECTION('',(1.,0.,0.));
#5856=DIRECTION('center_axis',(1.,0.,0.));
#5857=DIRECTION('ref_axis',(0.,0.,-1.));
#5858=DIRECTION('center_axis',(0.,1.,0.));
#5859=DIRECTION('ref_axis',(0.,0.,1.));
#5860=DIRECTION('',(0.,0.,-1.));
#5861=DIRECTION('',(1.,0.,0.));
#5862=DIRECTION('',(0.,0.,-1.));
#5863=DIRECTION('',(1.,0.,0.));
#5864=DIRECTION('',(0.,0.,-1.));
#5865=DIRECTION('center_axis',(0.,1.,0.));
#5866=DIRECTION('ref_axis',(0.,0.,1.));
#5867=DIRECTION('',(0.,0.,-1.));
#5868=DIRECTION('',(1.,0.,0.));
#5869=DIRECTION('',(0.,0.,-1.));
#5870=DIRECTION('',(-1.,0.,0.));
#5871=DIRECTION('',(0.,0.,-1.));
#5872=DIRECTION('',(1.,0.,0.));
#5873=DIRECTION('center_axis',(0.,-0.640184399664451,-0.7682212795974));
#5874=DIRECTION('ref_axis',(0.,0.7682212795974,-0.640184399664451));
#5875=DIRECTION('',(0.,-0.7682212795974,0.640184399664451));
#5876=DIRECTION('',(0.,0.7682212795974,-0.640184399664451));
#5877=DIRECTION('',(1.,0.,0.));
#5878=DIRECTION('',(0.,0.7682212795974,-0.640184399664451));
#5879=DIRECTION('center_axis',(0.,1.,0.));
#5880=DIRECTION('ref_axis',(0.,0.,1.));
#5881=DIRECTION('',(1.,0.,0.));
#5882=DIRECTION('',(0.,0.,-1.));
#5883=DIRECTION('',(-1.,0.,0.));
#5884=DIRECTION('',(0.,0.,-1.));
#5885=DIRECTION('',(1.,0.,0.));
#5886=DIRECTION('',(0.,0.,-1.));
#5887=DIRECTION('center_axis',(0.,-0.640184399664478,0.768221279597377));
#5888=DIRECTION('ref_axis',(0.,-0.768221279597377,-0.640184399664478));
#5889=DIRECTION('',(0.,0.768221279597377,0.640184399664478));
#5890=DIRECTION('',(0.,-0.768221279597377,-0.640184399664478));
#5891=DIRECTION('',(1.,0.,0.));
#5892=DIRECTION('',(0.,-0.768221279597377,-0.640184399664478));
#5893=DIRECTION('center_axis',(0.,-1.,0.));
#5894=DIRECTION('ref_axis',(0.,0.,-1.));
#5895=DIRECTION('',(-1.,0.,0.));
#5896=DIRECTION('',(0.,0.,1.));
#5897=DIRECTION('',(-1.,0.,0.));
#5898=DIRECTION('',(0.,0.,1.));
#5899=DIRECTION('',(1.,0.,0.));
#5900=DIRECTION('',(0.,0.,1.));
#5901=DIRECTION('',(1.,0.,0.));
#5902=DIRECTION('',(0.,0.,1.));
#5903=DIRECTION('',(-1.,0.,0.));
#5904=DIRECTION('',(0.,0.,1.));
#5905=DIRECTION('',(-1.,0.,0.));
#5906=DIRECTION('',(0.,0.,1.));
#5907=DIRECTION('center_axis',(0.,0.,1.));
#5908=DIRECTION('ref_axis',(1.,0.,0.));
#5909=DIRECTION('',(0.,1.,0.));
#5910=DIRECTION('',(0.,1.,0.));
#5911=DIRECTION('center_axis',(0.,0.,-1.));
#5912=DIRECTION('ref_axis',(-1.,0.,0.));
#5913=DIRECTION('',(0.,-1.,0.));
#5914=DIRECTION('',(0.,-1.,0.));
#5915=DIRECTION('center_axis',(-1.,0.,0.));
#5916=DIRECTION('ref_axis',(0.,0.,1.));
#5917=DIRECTION('',(0.,0.,-1.));
#5918=DIRECTION('',(0.,-1.,1.88556899562696E-16));
#5919=DIRECTION('',(0.,0.,-1.));
#5920=DIRECTION('',(0.,0.768221279597377,-0.640184399664478));
#5921=DIRECTION('',(0.,-0.768221279597401,-0.64018439966445));
#5922=DIRECTION('',(0.,0.,-1.));
#5923=DIRECTION('',(0.,1.,1.88556899562696E-16));
#5924=DIRECTION('center_axis',(0.,-1.,0.));
#5925=DIRECTION('ref_axis',(0.,0.,-1.));
#5926=DIRECTION('',(0.,0.,-1.));
#5927=DIRECTION('',(1.,0.,0.));
#5928=DIRECTION('center_axis',(0.,-0.640184399664478,-0.768221279597377));
#5929=DIRECTION('ref_axis',(0.,0.768221279597377,-0.640184399664478));
#5930=DIRECTION('',(0.,0.768221279597377,-0.640184399664478));
#5931=DIRECTION('center_axis',(0.,-0.64018439966445,0.768221279597401));
#5932=DIRECTION('ref_axis',(0.,-0.768221279597401,-0.64018439966445));
#5933=DIRECTION('',(0.,-0.768221279597401,-0.64018439966445));
#5934=DIRECTION('',(1.,0.,0.));
#5935=DIRECTION('center_axis',(0.,-1.,0.));
#5936=DIRECTION('ref_axis',(0.,0.,-1.));
#5937=DIRECTION('',(0.,0.,-1.));
#5938=DIRECTION('center_axis',(0.,1.88556899562696E-16,1.));
#5939=DIRECTION('ref_axis',(0.,-1.,1.88556899562696E-16));
#5940=DIRECTION('',(1.,0.,0.));
#5941=DIRECTION('',(0.,-1.,1.88556899562696E-16));
#5942=DIRECTION('center_axis',(0.,1.88556899562696E-16,-1.));
#5943=DIRECTION('ref_axis',(0.,1.,1.88556899562696E-16));
#5944=DIRECTION('',(0.,1.,1.88556899562696E-16));
#5945=DIRECTION('',(1.,0.,0.));
#5946=DIRECTION('center_axis',(0.,-1.,0.));
#5947=DIRECTION('ref_axis',(0.,0.,-1.));
#5948=DIRECTION('',(0.,0.,-1.));
#5949=DIRECTION('center_axis',(1.,0.,0.));
#5950=DIRECTION('ref_axis',(0.,0.,-1.));
#5951=DIRECTION('',(0.,-5.42101086242752E-17,-1.));
#5952=DIRECTION('',(0.,-1.,0.));
#5953=DIRECTION('',(0.,0.,1.));
#5954=DIRECTION('',(0.,1.,0.));
#5955=DIRECTION('center_axis',(0.,0.,-1.));
#5956=DIRECTION('ref_axis',(-1.,0.,0.));
#5957=DIRECTION('',(0.707106781186549,-0.707106781186546,0.));
#5958=DIRECTION('',(0.,1.,0.));
#5959=DIRECTION('',(1.,0.,0.));
#5960=DIRECTION('center_axis',(0.,-1.,5.42101086242752E-17));
#5961=DIRECTION('ref_axis',(0.,-5.42101086242752E-17,-1.));
#5962=DIRECTION('',(0.,-5.42101086242752E-17,-1.));
#5963=DIRECTION('',(1.,0.,0.));
#5964=DIRECTION('center_axis',(0.,0.,1.));
#5965=DIRECTION('ref_axis',(1.,0.,0.));
#5966=DIRECTION('',(0.,-1.,0.));
#5967=DIRECTION('',(-0.707106781186549,0.707106781186546,0.));
#5968=DIRECTION('center_axis',(-1.,0.,0.));
#5969=DIRECTION('ref_axis',(0.,0.,1.));
#5970=DIRECTION('',(0.,0.,1.));
#5971=DIRECTION('center_axis',(-1.,0.,0.));
#5972=DIRECTION('ref_axis',(0.,0.,-1.));
#5973=DIRECTION('',(0.,-1.,1.88556899562696E-16));
#5974=DIRECTION('',(0.,1.,1.88556899562696E-16));
#5975=DIRECTION('',(0.,0.,-1.));
#5976=DIRECTION('',(0.,1.,0.));
#5977=DIRECTION('',(0.,0.,1.));
#5978=DIRECTION('',(0.,-1.,0.));
#5979=DIRECTION('',(0.,-5.42101086242752E-17,-1.));
#5980=DIRECTION('center_axis',(0.,-1.88556899562696E-16,-1.));
#5981=DIRECTION('ref_axis',(0.,1.,-1.88556899562696E-16));
#5982=DIRECTION('',(0.,-1.,1.88556899562696E-16));
#5983=DIRECTION('',(-1.,0.,0.));
#5984=DIRECTION('center_axis',(0.,1.,0.));
#5985=DIRECTION('ref_axis',(0.,0.,1.));
#5986=DIRECTION('',(0.,0.,-1.));
#5987=DIRECTION('',(-1.,0.,0.));
#5988=DIRECTION('center_axis',(0.,-1.88556899562696E-16,1.));
#5989=DIRECTION('ref_axis',(0.,-1.,-1.88556899562696E-16));
#5990=DIRECTION('',(0.,1.,1.88556899562696E-16));
#5991=DIRECTION('center_axis',(0.,0.,1.));
#5992=DIRECTION('ref_axis',(1.,0.,0.));
#5993=DIRECTION('',(0.,1.,0.));
#5994=DIRECTION('',(0.707106781186546,0.707106781186549,0.));
#5995=DIRECTION('',(-1.,0.,0.));
#5996=DIRECTION('center_axis',(0.,0.,-1.));
#5997=DIRECTION('ref_axis',(-1.,0.,0.));
#5998=DIRECTION('',(-0.707106781186546,-0.707106781186549,0.));
#5999=DIRECTION('',(0.,-1.,0.));
#6000=DIRECTION('',(-1.,0.,0.));
#6001=DIRECTION('center_axis',(0.,1.,-5.42101086242752E-17));
#6002=DIRECTION('ref_axis',(0.,5.42101086242752E-17,1.));
#6003=DIRECTION('',(0.,-5.42101086242752E-17,-1.));
#6004=DIRECTION('center_axis',(-1.,0.,0.));
#6005=DIRECTION('ref_axis',(0.,0.,1.));
#6006=DIRECTION('',(0.,0.,-1.));
#6007=DIRECTION('center_axis',(-0.707106781186549,0.707106781186546,0.));
#6008=DIRECTION('ref_axis',(0.,0.,-1.));
#6009=DIRECTION('center_axis',(0.707106781186546,0.707106781186549,0.));
#6010=DIRECTION('ref_axis',(0.,0.,-1.));
#6011=DIRECTION('center_axis',(1.,0.,0.));
#6012=DIRECTION('ref_axis',(0.,0.,-1.));
#6013=DIRECTION('center_axis',(1.,0.,0.));
#6014=DIRECTION('ref_axis',(0.,0.,-1.));
#6015=DIRECTION('center_axis',(1.,0.,0.));
#6016=DIRECTION('ref_axis',(0.,0.,-1.));
#6017=DIRECTION('center_axis',(0.,0.,1.));
#6018=DIRECTION('ref_axis',(1.,0.,0.));
#6019=DIRECTION('',(0.,1.,0.));
#6020=DIRECTION('',(-1.,0.,0.));
#6021=DIRECTION('',(0.,1.,0.));
#6022=DIRECTION('',(-1.,0.,0.));
#6023=DIRECTION('center_axis',(0.,-1.,0.));
#6024=DIRECTION('ref_axis',(0.,0.,-1.));
#6025=DIRECTION('',(0.,0.,1.));
#6026=DIRECTION('',(0.,0.,1.));
#6027=DIRECTION('',(-1.,0.,0.));
#6028=DIRECTION('center_axis',(0.,0.,-1.));
#6029=DIRECTION('ref_axis',(-1.,0.,0.));
#6030=DIRECTION('',(0.,-1.,0.));
#6031=DIRECTION('',(0.,-1.,0.));
#6032=DIRECTION('',(-1.,0.,0.));
#6033=DIRECTION('center_axis',(0.,1.,0.));
#6034=DIRECTION('ref_axis',(0.,0.,1.));
#6035=DIRECTION('',(0.,0.,-1.));
#6036=DIRECTION('',(0.,0.,-1.));
#6037=DIRECTION('center_axis',(1.,0.,0.));
#6038=DIRECTION('ref_axis',(0.,0.,-1.));
#6039=DIRECTION('center_axis',(-1.,0.,0.));
#6040=DIRECTION('ref_axis',(0.,0.,1.));
#6041=DIRECTION('center_axis',(-1.,0.,0.));
#6042=DIRECTION('ref_axis',(0.,0.,1.));
#6043=DIRECTION('center_axis',(1.,0.,0.));
#6044=DIRECTION('ref_axis',(0.,0.,-1.));
#6045=DIRECTION('axis',(0.,0.,1.));
#6046=DIRECTION('refdir',(1.,0.,0.));
#6047=DIRECTION('center_axis',(1.,0.,0.));
#6048=DIRECTION('ref_axis',(0.,0.,-1.));
#6049=DIRECTION('',(0.,-1.,0.));
#6050=DIRECTION('',(0.,0.,1.));
#6051=DIRECTION('',(0.,-1.,-1.88556899562696E-16));
#6052=DIRECTION('',(0.,0.,1.));
#6053=DIRECTION('',(0.,1.,-1.88556899562696E-16));
#6054=DIRECTION('',(0.,0.,1.));
#6055=DIRECTION('',(0.,1.,0.));
#6056=DIRECTION('',(0.,0.,-1.));
#6057=DIRECTION('',(0.,-1.,0.));
#6058=DIRECTION('',(0.,0.,-1.));
#6059=DIRECTION('',(0.,1.,0.));
#6060=DIRECTION('',(0.,0.,1.));
#6061=DIRECTION('',(0.,-1.,0.));
#6062=DIRECTION('',(0.,0.,-1.));
#6063=DIRECTION('',(0.,1.,0.));
#6064=DIRECTION('',(0.,0.,1.));
#6065=DIRECTION('',(0.,-0.841449929724538,0.540335095812376));
#6066=DIRECTION('',(0.,1.,0.));
#6067=DIRECTION('',(0.,0.,1.));
#6068=DIRECTION('',(0.,-1.,0.));
#6069=DIRECTION('',(0.,0.,-1.));
#6070=DIRECTION('',(0.,0.841449929724538,-0.540335095812376));
#6071=DIRECTION('',(0.,-0.226879738845456,0.973922781385371));
#6072=DIRECTION('',(0.,-0.209718783574371,-0.977761745936139));
#6073=DIRECTION('',(0.,0.,1.));
#6074=DIRECTION('',(0.,-1.,0.));
#6075=DIRECTION('',(0.,0.,-1.));
#6076=DIRECTION('',(0.,1.,0.));
#6077=DIRECTION('',(0.,1.,0.));
#6078=DIRECTION('',(0.,-0.937925419524593,-0.346837004095032));
#6079=DIRECTION('',(0.,0.,-1.));
#6080=DIRECTION('',(0.,0.929423825762679,0.369014026975487));
#6081=DIRECTION('',(0.,0.,1.));
#6082=DIRECTION('',(0.,-0.929423825762679,0.369014026975487));
#6083=DIRECTION('',(0.,0.,-1.));
#6084=DIRECTION('',(0.,0.937925419524593,-0.346837004095032));
#6085=DIRECTION('',(0.,0.,-1.));
#6086=DIRECTION('',(0.,-0.927370788352333,-0.374143583281569));
#6087=DIRECTION('',(0.,0.,-1.));
#6088=DIRECTION('',(0.,0.927435236135898,-0.37398380014855));
#6089=DIRECTION('',(0.,0.,1.));
#6090=DIRECTION('',(0.,-0.934925799527429,0.354843274387436));
#6091=DIRECTION('',(0.,0.934665562033204,0.355528180527444));
#6092=DIRECTION('',(0.,0.,1.));
#6093=DIRECTION('',(0.,-0.226879738845454,0.973922781385372));
#6094=DIRECTION('',(0.,-0.209718783574371,-0.977761745936139));
#6095=DIRECTION('',(0.,-0.937925419524593,-0.346837004095032));
#6096=DIRECTION('',(0.,0.,-1.));
#6097=DIRECTION('',(0.,0.929423825762679,0.369014026975487));
#6098=DIRECTION('',(0.,0.,1.));
#6099=DIRECTION('',(0.,-0.929423825762679,0.369014026975487));
#6100=DIRECTION('',(0.,0.,-1.));
#6101=DIRECTION('',(0.,0.937925419524593,-0.346837004095032));
#6102=DIRECTION('',(0.,0.,-1.));
#6103=DIRECTION('',(0.,0.0995037190209989,0.995037190209989));
#6104=DIRECTION('',(0.,0.0995037190209989,-0.995037190209989));
#6105=DIRECTION('',(0.,0.98058067569092,0.196116135138184));
#6106=DIRECTION('',(0.,0.,1.));
#6107=DIRECTION('',(0.,-1.,0.));
#6108=DIRECTION('',(0.,0.,-1.));
#6109=DIRECTION('',(0.,-0.981246257400052,-0.192758352188409));
#6110=DIRECTION('',(0.,0.,1.));
#6111=DIRECTION('',(0.,-1.,0.));
#6112=DIRECTION('',(0.,0.,-1.));
#6113=DIRECTION('',(0.,0.0995037190209989,-0.995037190209989));
#6114=DIRECTION('',(0.,0.,1.));
#6115=DIRECTION('',(0.,-1.,0.));
#6116=DIRECTION('',(0.,0.,-1.));
#6117=DIRECTION('',(0.,1.,0.));
#6118=DIRECTION('',(0.,1.,0.));
#6119=DIRECTION('',(0.,-0.937925419524593,-0.346837004095032));
#6120=DIRECTION('',(0.,0.,-1.));
#6121=DIRECTION('',(0.,0.929423825762679,0.369014026975487));
#6122=DIRECTION('',(0.,0.,1.));
#6123=DIRECTION('',(0.,-0.929423825762679,0.369014026975487));
#6124=DIRECTION('',(0.,0.,-1.));
#6125=DIRECTION('',(0.,0.937925419524593,-0.346837004095032));
#6126=DIRECTION('',(0.,0.,-1.));
#6127=DIRECTION('',(0.,-1.,0.));
#6128=DIRECTION('',(0.,0.,-1.));
#6129=DIRECTION('',(0.,1.,0.));
#6130=DIRECTION('',(0.,0.,1.));
#6131=DIRECTION('',(0.,-0.841449929724539,0.540335095812375));
#6132=DIRECTION('',(0.,1.,0.));
#6133=DIRECTION('',(0.,0.,1.));
#6134=DIRECTION('',(0.,-1.,0.));
#6135=DIRECTION('',(0.,0.,-1.));
#6136=DIRECTION('',(0.,0.841449929724539,-0.540335095812375));
#6137=DIRECTION('',(0.,-0.226879738845457,0.973922781385371));
#6138=DIRECTION('',(0.,-0.209718783574372,-0.977761745936139));
#6139=DIRECTION('center_axis',(0.,-1.,0.));
#6140=DIRECTION('ref_axis',(0.,0.,-1.));
#6141=DIRECTION('',(-1.,0.,0.));
#6142=DIRECTION('',(0.,0.,-1.));
#6143=DIRECTION('',(-1.,0.,0.));
#6144=DIRECTION('center_axis',(0.,-1.,0.));
#6145=DIRECTION('ref_axis',(0.,0.,-1.));
#6146=DIRECTION('',(0.,0.,-1.));
#6147=DIRECTION('',(-1.,0.,0.));
#6148=DIRECTION('',(-1.,0.,0.));
#6149=DIRECTION('center_axis',(0.,0.,-1.));
#6150=DIRECTION('ref_axis',(-1.,0.,0.));
#6151=DIRECTION('',(0.,1.,0.));
#6152=DIRECTION('',(-1.,0.,0.));
#6153=DIRECTION('center_axis',(0.,1.,0.));
#6154=DIRECTION('ref_axis',(0.,0.,1.));
#6155=DIRECTION('',(0.,0.,1.));
#6156=DIRECTION('',(-1.,0.,0.));
#6157=DIRECTION('',(0.,0.,-1.));
#6158=DIRECTION('',(1.,0.,0.));
#6159=DIRECTION('',(-1.18276600634782E-16,0.,1.));
#6160=DIRECTION('',(-1.,0.,0.));
#6161=DIRECTION('',(0.,0.,-1.));
#6162=DIRECTION('',(1.,0.,0.));
#6163=DIRECTION('',(3.61400724161835E-16,0.,1.));
#6164=DIRECTION('',(-1.,0.,0.));
#6165=DIRECTION('',(0.,0.,-1.));
#6166=DIRECTION('',(1.,0.,0.));
#6167=DIRECTION('',(0.,0.,1.));
#6168=DIRECTION('',(-1.,0.,0.));
#6169=DIRECTION('center_axis',(0.,0.,1.));
#6170=DIRECTION('ref_axis',(1.,0.,0.));
#6171=DIRECTION('',(0.,-1.,0.));
#6172=DIRECTION('center_axis',(-1.,0.,0.));
#6173=DIRECTION('ref_axis',(0.,0.,1.));
#6174=DIRECTION('',(0.,1.,-1.88556899562696E-16));
#6175=DIRECTION('',(0.,0.,1.));
#6176=DIRECTION('',(0.,-1.,-1.88556899562696E-16));
#6177=DIRECTION('',(0.,0.,-1.));
#6178=DIRECTION('',(0.,-1.,0.));
#6179=DIRECTION('',(0.,0.,1.));
#6180=DIRECTION('',(0.,1.,0.));
#6181=DIRECTION('center_axis',(0.,1.88556899562696E-16,-1.));
#6182=DIRECTION('ref_axis',(0.,1.,1.88556899562696E-16));
#6183=DIRECTION('',(-1.,0.,0.));
#6184=DIRECTION('center_axis',(0.,-1.,0.));
#6185=DIRECTION('ref_axis',(0.,0.,-1.));
#6186=DIRECTION('',(-1.,0.,0.));
#6187=DIRECTION('center_axis',(0.,1.88556899562696E-16,1.));
#6188=DIRECTION('ref_axis',(0.,-1.,1.88556899562696E-16));
#6189=DIRECTION('center_axis',(0.,-1.,0.));
#6190=DIRECTION('ref_axis',(0.,0.,-1.));
#6191=DIRECTION('',(-1.,0.,0.));
#6192=DIRECTION('',(-1.,0.,0.));
#6193=DIRECTION('center_axis',(0.,0.,1.));
#6194=DIRECTION('ref_axis',(1.,0.,0.));
#6195=DIRECTION('',(-1.,0.,0.));
#6196=DIRECTION('center_axis',(0.,1.,0.));
#6197=DIRECTION('ref_axis',(0.,0.,1.));
#6198=DIRECTION('',(-1.,0.,0.));
#6199=DIRECTION('center_axis',(0.,0.,-1.));
#6200=DIRECTION('ref_axis',(-1.,0.,0.));
#6201=DIRECTION('center_axis',(1.,0.,0.));
#6202=DIRECTION('ref_axis',(0.,0.,-1.));
#6203=DIRECTION('',(0.,1.,0.));
#6204=DIRECTION('',(0.,0.,-1.));
#6205=DIRECTION('',(0.,1.,0.));
#6206=DIRECTION('center_axis',(0.,0.,1.));
#6207=DIRECTION('ref_axis',(1.,0.,0.));
#6208=DIRECTION('',(1.,0.,0.));
#6209=DIRECTION('',(0.,1.,0.));
#6210=DIRECTION('center_axis',(-1.,0.,0.));
#6211=DIRECTION('ref_axis',(0.,0.,1.));
#6212=DIRECTION('',(0.,0.,1.));
#6213=DIRECTION('',(0.,1.,0.));
#6214=DIRECTION('center_axis',(0.,0.,-1.));
#6215=DIRECTION('ref_axis',(-1.,0.,0.));
#6216=DIRECTION('',(-1.,0.,0.));
#6217=DIRECTION('center_axis',(1.,0.,0.));
#6218=DIRECTION('ref_axis',(0.,0.,-1.));
#6219=DIRECTION('',(0.,1.,0.));
#6220=DIRECTION('',(0.,0.,-1.));
#6221=DIRECTION('',(0.,1.,0.));
#6222=DIRECTION('center_axis',(0.,0.,1.));
#6223=DIRECTION('ref_axis',(1.,0.,0.));
#6224=DIRECTION('',(1.,0.,0.));
#6225=DIRECTION('',(0.,1.,0.));
#6226=DIRECTION('center_axis',(-1.,0.,3.61400724161835E-16));
#6227=DIRECTION('ref_axis',(3.61400724161835E-16,0.,1.));
#6228=DIRECTION('',(3.61400724161835E-16,0.,1.));
#6229=DIRECTION('',(0.,1.,0.));
#6230=DIRECTION('center_axis',(0.,0.,-1.));
#6231=DIRECTION('ref_axis',(-1.,0.,0.));
#6232=DIRECTION('',(-1.,0.,0.));
#6233=DIRECTION('center_axis',(0.,1.,0.));
#6234=DIRECTION('ref_axis',(0.,0.,1.));
#6235=DIRECTION('center_axis',(1.,0.,0.));
#6236=DIRECTION('ref_axis',(0.,0.,-1.));
#6237=DIRECTION('',(0.,1.,0.));
#6238=DIRECTION('',(0.,0.,-1.));
#6239=DIRECTION('',(0.,1.,0.));
#6240=DIRECTION('center_axis',(0.,0.,1.));
#6241=DIRECTION('ref_axis',(1.,0.,0.));
#6242=DIRECTION('',(1.,0.,0.));
#6243=DIRECTION('',(0.,1.,0.));
#6244=DIRECTION('center_axis',(-1.,0.,-1.18276600634782E-16));
#6245=DIRECTION('ref_axis',(-1.18276600634782E-16,0.,1.));
#6246=DIRECTION('',(-1.18276600634782E-16,0.,1.));
#6247=DIRECTION('',(0.,1.,0.));
#6248=DIRECTION('center_axis',(0.,0.,-1.));
#6249=DIRECTION('ref_axis',(-1.,0.,0.));
#6250=DIRECTION('',(-1.,0.,0.));
#6251=DIRECTION('center_axis',(0.,-1.,0.));
#6252=DIRECTION('ref_axis',(0.,0.,-1.));
#6253=DIRECTION('',(1.,0.,0.));
#6254=DIRECTION('',(1.,0.,0.));
#6255=DIRECTION('',(1.,0.,0.));
#6256=DIRECTION('',(1.,0.,0.));
#6257=DIRECTION('',(1.,0.,0.));
#6258=DIRECTION('center_axis',(0.,-0.977761745936139,0.209718783574372));
#6259=DIRECTION('ref_axis',(0.,-0.209718783574372,-0.977761745936138));
#6260=DIRECTION('',(1.,0.,0.));
#6261=DIRECTION('',(0.,-0.209718783574372,-0.977761745936139));
#6262=DIRECTION('',(1.,0.,0.));
#6263=DIRECTION('',(1.,0.,0.));
#6264=DIRECTION('',(1.,0.,0.));
#6265=DIRECTION('',(1.,0.,0.));
#6266=DIRECTION('center_axis',(0.,0.973922781385371,0.226879738845457));
#6267=DIRECTION('ref_axis',(0.,-0.226879738845457,0.973922781385371));
#6268=DIRECTION('',(0.,-0.226879738845457,0.973922781385371));
#6269=DIRECTION('center_axis',(1.,0.,0.));
#6270=DIRECTION('ref_axis',(0.,0.,-1.));
#6271=DIRECTION('center_axis',(0.,-1.,0.));
#6272=DIRECTION('ref_axis',(0.,0.,-1.));
#6273=DIRECTION('',(1.,0.,0.));
#6274=DIRECTION('',(0.,0.,-1.));
#6275=DIRECTION('',(1.,0.,0.));
#6276=DIRECTION('center_axis',(0.,0.,1.));
#6277=DIRECTION('ref_axis',(1.,0.,0.));
#6278=DIRECTION('',(1.,0.,0.));
#6279=DIRECTION('',(0.,-1.,0.));
#6280=DIRECTION('center_axis',(0.,-0.540335095812375,-0.841449929724539));
#6281=DIRECTION('ref_axis',(0.,0.841449929724539,-0.540335095812375));
#6282=DIRECTION('',(1.,0.,0.));
#6283=DIRECTION('',(0.,0.841449929724539,-0.540335095812375));
#6284=DIRECTION('center_axis',(0.,-1.,0.));
#6285=DIRECTION('ref_axis',(0.,0.,-1.));
#6286=DIRECTION('',(1.,0.,0.));
#6287=DIRECTION('',(0.,0.,-1.));
#6288=DIRECTION('center_axis',(0.,0.,1.));
#6289=DIRECTION('ref_axis',(1.,0.,0.));
#6290=DIRECTION('',(1.,0.,0.));
#6291=DIRECTION('',(0.,-1.,0.));
#6292=DIRECTION('center_axis',(0.,1.,0.));
#6293=DIRECTION('ref_axis',(0.,0.,1.));
#6294=DIRECTION('',(1.,0.,0.));
#6295=DIRECTION('',(0.,0.,1.));
#6296=DIRECTION('center_axis',(0.,0.,-1.));
#6297=DIRECTION('ref_axis',(-1.,0.,0.));
#6298=DIRECTION('',(1.,0.,0.));
#6299=DIRECTION('',(0.,1.,0.));
#6300=DIRECTION('center_axis',(0.,0.540335095812375,0.841449929724539));
#6301=DIRECTION('ref_axis',(0.,-0.841449929724539,0.540335095812375));
#6302=DIRECTION('',(1.,0.,0.));
#6303=DIRECTION('',(0.,-0.841449929724539,0.540335095812375));
#6304=DIRECTION('center_axis',(0.,1.,0.));
#6305=DIRECTION('ref_axis',(0.,0.,1.));
#6306=DIRECTION('',(1.,0.,0.));
#6307=DIRECTION('',(0.,0.,1.));
#6308=DIRECTION('center_axis',(0.,0.,-1.));
#6309=DIRECTION('ref_axis',(-1.,0.,0.));
#6310=DIRECTION('',(0.,1.,0.));
#6311=DIRECTION('center_axis',(1.,0.,0.));
#6312=DIRECTION('ref_axis',(0.,0.,-1.));
#6313=DIRECTION('center_axis',(-1.,0.,0.));
#6314=DIRECTION('ref_axis',(0.,0.,1.));
#6315=DIRECTION('',(1.,0.,0.));
#6316=DIRECTION('',(1.,0.,0.));
#6317=DIRECTION('',(1.,0.,0.));
#6318=DIRECTION('',(1.,0.,0.));
#6319=DIRECTION('',(1.,0.,0.));
#6320=DIRECTION('',(1.,0.,0.));
#6321=DIRECTION('',(1.,0.,0.));
#6322=DIRECTION('',(1.,0.,0.));
#6323=DIRECTION('center_axis',(1.,0.,0.));
#6324=DIRECTION('ref_axis',(0.,0.,-1.));
#6325=DIRECTION('center_axis',(0.,-1.,0.));
#6326=DIRECTION('ref_axis',(0.,0.,-1.));
#6327=DIRECTION('',(1.,0.,0.));
#6328=DIRECTION('',(0.,0.,-1.));
#6329=DIRECTION('',(1.,0.,0.));
#6330=DIRECTION('center_axis',(0.,0.,1.));
#6331=DIRECTION('ref_axis',(1.,0.,0.));
#6332=DIRECTION('',(1.,0.,0.));
#6333=DIRECTION('',(0.,-1.,0.));
#6334=DIRECTION('center_axis',(0.,-0.540335095812376,-0.841449929724538));
#6335=DIRECTION('ref_axis',(0.,0.841449929724539,-0.540335095812376));
#6336=DIRECTION('',(1.,0.,0.));
#6337=DIRECTION('',(0.,0.841449929724538,-0.540335095812376));
#6338=DIRECTION('center_axis',(0.,-1.,0.));
#6339=DIRECTION('ref_axis',(0.,0.,-1.));
#6340=DIRECTION('',(1.,0.,0.));
#6341=DIRECTION('',(0.,0.,-1.));
#6342=DIRECTION('center_axis',(0.,0.,1.));
#6343=DIRECTION('ref_axis',(1.,0.,0.));
#6344=DIRECTION('',(1.,0.,0.));
#6345=DIRECTION('',(0.,-1.,0.));
#6346=DIRECTION('center_axis',(0.,1.,0.));
#6347=DIRECTION('ref_axis',(0.,0.,1.));
#6348=DIRECTION('',(1.,0.,0.));
#6349=DIRECTION('',(0.,0.,1.));
#6350=DIRECTION('center_axis',(0.,0.,-1.));
#6351=DIRECTION('ref_axis',(-1.,0.,0.));
#6352=DIRECTION('',(1.,0.,0.));
#6353=DIRECTION('',(0.,1.,0.));
#6354=DIRECTION('center_axis',(0.,0.540335095812376,0.841449929724538));
#6355=DIRECTION('ref_axis',(0.,-0.841449929724539,0.540335095812376));
#6356=DIRECTION('',(1.,0.,0.));
#6357=DIRECTION('',(0.,-0.841449929724538,0.540335095812376));
#6358=DIRECTION('center_axis',(0.,1.,0.));
#6359=DIRECTION('ref_axis',(0.,0.,1.));
#6360=DIRECTION('',(1.,0.,0.));
#6361=DIRECTION('',(0.,0.,1.));
#6362=DIRECTION('center_axis',(0.,0.,-1.));
#6363=DIRECTION('ref_axis',(-1.,0.,0.));
#6364=DIRECTION('',(0.,1.,0.));
#6365=DIRECTION('center_axis',(1.,0.,0.));
#6366=DIRECTION('ref_axis',(0.,0.,-1.));
#6367=DIRECTION('',(1.,0.,0.));
#6368=DIRECTION('',(1.,0.,0.));
#6369=DIRECTION('',(1.,0.,0.));
#6370=DIRECTION('',(1.,0.,0.));
#6371=DIRECTION('',(1.,0.,0.));
#6372=DIRECTION('center_axis',(0.,-0.977761745936139,0.209718783574371));
#6373=DIRECTION('ref_axis',(0.,-0.209718783574371,-0.977761745936139));
#6374=DIRECTION('',(1.,0.,0.));
#6375=DIRECTION('',(0.,-0.209718783574371,-0.977761745936139));
#6376=DIRECTION('',(1.,0.,0.));
#6377=DIRECTION('',(1.,0.,0.));
#6378=DIRECTION('',(1.,0.,0.));
#6379=DIRECTION('',(1.,0.,0.));
#6380=DIRECTION('center_axis',(0.,0.973922781385371,0.226879738845456));
#6381=DIRECTION('ref_axis',(0.,-0.226879738845456,0.973922781385371));
#6382=DIRECTION('',(0.,-0.226879738845456,0.973922781385371));
#6383=DIRECTION('center_axis',(1.,0.,0.));
#6384=DIRECTION('ref_axis',(0.,0.,-1.));
#6385=DIRECTION('center_axis',(0.,0.,1.));
#6386=DIRECTION('ref_axis',(1.,0.,0.));
#6387=DIRECTION('',(1.,0.,0.));
#6388=DIRECTION('',(0.,-1.,0.));
#6389=DIRECTION('',(1.,0.,0.));
#6390=DIRECTION('center_axis',(0.,1.,0.));
#6391=DIRECTION('ref_axis',(0.,0.,1.));
#6392=DIRECTION('',(1.,0.,0.));
#6393=DIRECTION('',(0.,0.,1.));
#6394=DIRECTION('',(1.,0.,0.));
#6395=DIRECTION('center_axis',(0.,0.,-1.));
#6396=DIRECTION('ref_axis',(-1.,0.,0.));
#6397=DIRECTION('',(1.,0.,0.));
#6398=DIRECTION('',(0.,1.,0.));
#6399=DIRECTION('',(1.,0.,0.));
#6400=DIRECTION('center_axis',(0.,0.,-1.));
#6401=DIRECTION('ref_axis',(-1.,0.,0.));
#6402=DIRECTION('',(1.,0.,0.));
#6403=DIRECTION('',(0.,1.,0.));
#6404=DIRECTION('center_axis',(0.,-1.,0.));
#6405=DIRECTION('ref_axis',(0.,0.,-1.));
#6406=DIRECTION('',(0.,0.,-1.));
#6407=DIRECTION('center_axis',(-1.,0.,0.));
#6408=DIRECTION('ref_axis',(0.,0.,1.));
#6409=DIRECTION('center_axis',(1.,0.,0.));
#6410=DIRECTION('ref_axis',(0.,0.,-1.));
#6411=DIRECTION('',(0.,0.,-1.));
#6412=DIRECTION('',(0.,-0.937925419524593,-0.346837004095032));
#6413=DIRECTION('',(0.,0.,-1.));
#6414=DIRECTION('',(0.,0.937925419524593,-0.346837004095032));
#6415=DIRECTION('',(0.,0.,-1.));
#6416=DIRECTION('',(0.,-0.929423825762679,0.369014026975487));
#6417=DIRECTION('',(0.,0.,1.));
#6418=DIRECTION('',(0.,0.929423825762679,0.369014026975487));
#6419=DIRECTION('',(0.,-0.937936917956621,-0.346805908159067));
#6420=DIRECTION('',(0.,0.937964174660869,-0.346732183468386));
#6421=DIRECTION('',(0.,0.,1.));
#6422=DIRECTION('center_axis',(0.,-1.,0.));
#6423=DIRECTION('ref_axis',(0.,0.,-1.));
#6424=DIRECTION('',(1.,0.,0.));
#6425=DIRECTION('',(1.,0.,0.));
#6426=DIRECTION('center_axis',(0.,-0.346837004095032,0.937925419524593));
#6427=DIRECTION('ref_axis',(0.,-0.937925419524593,-0.346837004095032));
#6428=DIRECTION('',(1.,0.,0.));
#6429=DIRECTION('center_axis',(0.,-1.,0.));
#6430=DIRECTION('ref_axis',(0.,0.,-1.));
#6431=DIRECTION('',(1.,0.,0.));
#6432=DIRECTION('center_axis',(0.,-0.346837004095032,-0.937925419524593));
#6433=DIRECTION('ref_axis',(0.,0.937925419524593,-0.346837004095032));
#6434=DIRECTION('',(1.,0.,0.));
#6435=DIRECTION('center_axis',(0.,-1.,0.));
#6436=DIRECTION('ref_axis',(0.,0.,-1.));
#6437=DIRECTION('',(1.,0.,0.));
#6438=DIRECTION('center_axis',(0.,0.369014026975487,0.929423825762679));
#6439=DIRECTION('ref_axis',(0.,-0.929423825762679,0.369014026975487));
#6440=DIRECTION('',(1.,0.,0.));
#6441=DIRECTION('center_axis',(0.,1.,0.));
#6442=DIRECTION('ref_axis',(0.,0.,1.));
#6443=DIRECTION('',(1.,0.,0.));
#6444=DIRECTION('center_axis',(0.,0.369014026975487,-0.929423825762679));
#6445=DIRECTION('ref_axis',(0.,0.929423825762679,0.369014026975487));
#6446=DIRECTION('center_axis',(0.,-0.346805908159067,0.937936917956621));
#6447=DIRECTION('ref_axis',(0.,-0.937936917956621,-0.346805908159067));
#6448=DIRECTION('',(0.,-0.937936917956621,-0.346805908159067));
#6449=DIRECTION('',(1.,0.,0.));
#6450=DIRECTION('',(1.,0.,0.));
#6451=DIRECTION('center_axis',(0.,1.,0.));
#6452=DIRECTION('ref_axis',(0.,0.,1.));
#6453=DIRECTION('',(0.,0.,1.));
#6454=DIRECTION('',(1.,0.,0.));
#6455=DIRECTION('center_axis',(0.,-0.346732183468386,-0.937964174660869));
#6456=DIRECTION('ref_axis',(0.,0.937964174660869,-0.346732183468386));
#6457=DIRECTION('',(0.,0.937964174660869,-0.346732183468386));
#6458=DIRECTION('',(1.,0.,0.));
#6459=DIRECTION('',(1.,0.,0.));
#6460=DIRECTION('center_axis',(1.,0.,0.));
#6461=DIRECTION('ref_axis',(0.,0.,-1.));
#6462=DIRECTION('center_axis',(0.,0.,1.));
#6463=DIRECTION('ref_axis',(1.,0.,0.));
#6464=DIRECTION('',(1.,0.,0.));
#6465=DIRECTION('',(0.,-1.,0.));
#6466=DIRECTION('',(1.,0.,0.));
#6467=DIRECTION('center_axis',(0.,1.,0.));
#6468=DIRECTION('ref_axis',(0.,0.,1.));
#6469=DIRECTION('',(1.,0.,0.));
#6470=DIRECTION('',(0.,0.,1.));
#6471=DIRECTION('',(1.,0.,0.));
#6472=DIRECTION('center_axis',(0.,0.,-1.));
#6473=DIRECTION('ref_axis',(-1.,0.,0.));
#6474=DIRECTION('',(1.,0.,0.));
#6475=DIRECTION('',(0.,1.,0.));
#6476=DIRECTION('',(1.,0.,0.));
#6477=DIRECTION('center_axis',(0.,0.,-1.));
#6478=DIRECTION('ref_axis',(-1.,0.,0.));
#6479=DIRECTION('',(1.,0.,0.));
#6480=DIRECTION('',(0.,1.,0.));
#6481=DIRECTION('center_axis',(0.,-1.,0.));
#6482=DIRECTION('ref_axis',(0.,0.,-1.));
#6483=DIRECTION('',(0.,0.,-1.));
#6484=DIRECTION('center_axis',(-1.,0.,0.));
#6485=DIRECTION('ref_axis',(0.,0.,1.));
#6486=DIRECTION('center_axis',(0.,1.,0.));
#6487=DIRECTION('ref_axis',(0.,0.,1.));
#6488=DIRECTION('',(1.,0.,0.));
#6489=DIRECTION('',(0.,0.,1.));
#6490=DIRECTION('',(1.,0.,0.));
#6491=DIRECTION('',(1.,0.,0.));
#6492=DIRECTION('',(1.,0.,0.));
#6493=DIRECTION('',(1.,0.,0.));
#6494=DIRECTION('',(1.,0.,0.));
#6495=DIRECTION('center_axis',(0.,-0.995037190209989,-0.0995037190209989));
#6496=DIRECTION('ref_axis',(0.,0.0995037190209989,-0.995037190209989));
#6497=DIRECTION('',(1.,0.,0.));
#6498=DIRECTION('',(0.,0.0995037190209989,-0.995037190209989));
#6499=DIRECTION('',(1.,0.,0.));
#6500=DIRECTION('',(1.,0.,0.));
#6501=DIRECTION('',(1.,0.,0.));
#6502=DIRECTION('',(1.,0.,0.));
#6503=DIRECTION('',(1.,0.,0.));
#6504=DIRECTION('center_axis',(0.,-1.,0.));
#6505=DIRECTION('ref_axis',(0.,0.,-1.));
#6506=DIRECTION('',(1.,0.,0.));
#6507=DIRECTION('',(0.,0.,-1.));
#6508=DIRECTION('center_axis',(0.,0.,1.));
#6509=DIRECTION('ref_axis',(1.,0.,0.));
#6510=DIRECTION('',(0.,-1.,0.));
#6511=DIRECTION('center_axis',(-1.,0.,0.));
#6512=DIRECTION('ref_axis',(0.,0.,1.));
#6513=DIRECTION('',(1.,0.,0.));
#6514=DIRECTION('',(1.,0.,0.));
#6515=DIRECTION('',(1.,0.,0.));
#6516=DIRECTION('',(1.,0.,0.));
#6517=DIRECTION('',(1.,0.,0.));
#6518=DIRECTION('',(1.,0.,0.));
#6519=DIRECTION('center_axis',(0.,-0.192758352188409,0.981246257400052));
#6520=DIRECTION('ref_axis',(0.,-0.981246257400052,-0.192758352188409));
#6521=DIRECTION('',(1.,0.,0.));
#6522=DIRECTION('',(0.,-0.981246257400052,-0.192758352188409));
#6523=DIRECTION('center_axis',(0.,-1.,0.));
#6524=DIRECTION('ref_axis',(0.,0.,-1.));
#6525=DIRECTION('',(1.,0.,0.));
#6526=DIRECTION('',(0.,0.,-1.));
#6527=DIRECTION('center_axis',(0.,0.,1.));
#6528=DIRECTION('ref_axis',(1.,0.,0.));
#6529=DIRECTION('',(1.,0.,0.));
#6530=DIRECTION('',(0.,-1.,0.));
#6531=DIRECTION('center_axis',(0.,1.,0.));
#6532=DIRECTION('ref_axis',(0.,0.,1.));
#6533=DIRECTION('',(1.,0.,0.));
#6534=DIRECTION('',(0.,0.,1.));
#6535=DIRECTION('center_axis',(0.,0.196116135138184,-0.98058067569092));
#6536=DIRECTION('ref_axis',(0.,0.98058067569092,0.196116135138184));
#6537=DIRECTION('',(1.,0.,0.));
#6538=DIRECTION('',(0.,0.98058067569092,0.196116135138184));
#6539=DIRECTION('center_axis',(0.,-0.995037190209989,-0.0995037190209989));
#6540=DIRECTION('ref_axis',(0.,0.0995037190209989,-0.995037190209989));
#6541=DIRECTION('',(1.,0.,0.));
#6542=DIRECTION('',(0.,0.0995037190209989,-0.995037190209989));
#6543=DIRECTION('',(1.,0.,0.));
#6544=DIRECTION('',(1.,0.,0.));
#6545=DIRECTION('',(1.,0.,0.));
#6546=DIRECTION('',(1.,0.,0.));
#6547=DIRECTION('center_axis',(0.,0.995037190209989,-0.0995037190209989));
#6548=DIRECTION('ref_axis',(0.,0.0995037190209989,0.995037190209989));
#6549=DIRECTION('',(0.,0.0995037190209989,0.995037190209989));
#6550=DIRECTION('center_axis',(-1.,0.,0.));
#6551=DIRECTION('ref_axis',(0.,0.,1.));
#6552=DIRECTION('center_axis',(1.,0.,0.));
#6553=DIRECTION('ref_axis',(0.,0.,-1.));
#6554=DIRECTION('',(0.,0.,-1.));
#6555=DIRECTION('',(0.,-0.937925419524593,-0.346837004095032));
#6556=DIRECTION('',(0.,0.,-1.));
#6557=DIRECTION('',(0.,0.937925419524593,-0.346837004095032));
#6558=DIRECTION('',(0.,0.,-1.));
#6559=DIRECTION('',(0.,-0.929423825762679,0.369014026975487));
#6560=DIRECTION('',(0.,0.,1.));
#6561=DIRECTION('',(0.,0.929423825762679,0.369014026975487));
#6562=DIRECTION('',(0.,-0.937936917956621,-0.346805908159067));
#6563=DIRECTION('',(0.,0.937964174660869,-0.346732183468386));
#6564=DIRECTION('',(0.,0.,1.));
#6565=DIRECTION('center_axis',(0.,-1.,0.));
#6566=DIRECTION('ref_axis',(0.,0.,-1.));
#6567=DIRECTION('',(1.,0.,0.));
#6568=DIRECTION('',(1.,0.,0.));
#6569=DIRECTION('center_axis',(0.,-0.346837004095032,0.937925419524593));
#6570=DIRECTION('ref_axis',(0.,-0.937925419524593,-0.346837004095032));
#6571=DIRECTION('',(1.,0.,0.));
#6572=DIRECTION('center_axis',(0.,-1.,0.));
#6573=DIRECTION('ref_axis',(0.,0.,-1.));
#6574=DIRECTION('',(1.,0.,0.));
#6575=DIRECTION('center_axis',(0.,-0.346837004095032,-0.937925419524593));
#6576=DIRECTION('ref_axis',(0.,0.937925419524593,-0.346837004095032));
#6577=DIRECTION('',(1.,0.,0.));
#6578=DIRECTION('center_axis',(0.,-1.,0.));
#6579=DIRECTION('ref_axis',(0.,0.,-1.));
#6580=DIRECTION('',(1.,0.,0.));
#6581=DIRECTION('center_axis',(0.,0.369014026975487,0.929423825762679));
#6582=DIRECTION('ref_axis',(0.,-0.929423825762679,0.369014026975487));
#6583=DIRECTION('',(1.,0.,0.));
#6584=DIRECTION('center_axis',(0.,1.,0.));
#6585=DIRECTION('ref_axis',(0.,0.,1.));
#6586=DIRECTION('',(1.,0.,0.));
#6587=DIRECTION('center_axis',(0.,0.369014026975487,-0.929423825762679));
#6588=DIRECTION('ref_axis',(0.,0.929423825762679,0.369014026975487));
#6589=DIRECTION('center_axis',(0.,-0.346805908159067,0.937936917956621));
#6590=DIRECTION('ref_axis',(0.,-0.937936917956621,-0.346805908159067));
#6591=DIRECTION('',(0.,-0.937936917956621,-0.346805908159067));
#6592=DIRECTION('',(1.,0.,0.));
#6593=DIRECTION('',(1.,0.,0.));
#6594=DIRECTION('center_axis',(0.,1.,0.));
#6595=DIRECTION('ref_axis',(0.,0.,1.));
#6596=DIRECTION('',(0.,0.,1.));
#6597=DIRECTION('',(1.,0.,0.));
#6598=DIRECTION('center_axis',(0.,-0.346732183468386,-0.937964174660869));
#6599=DIRECTION('ref_axis',(0.,0.937964174660869,-0.346732183468386));
#6600=DIRECTION('',(0.,0.937964174660869,-0.346732183468386));
#6601=DIRECTION('',(1.,0.,0.));
#6602=DIRECTION('',(1.,0.,0.));
#6603=DIRECTION('center_axis',(1.,0.,0.));
#6604=DIRECTION('ref_axis',(0.,0.,-1.));
#6605=DIRECTION('center_axis',(0.,-1.,0.));
#6606=DIRECTION('ref_axis',(0.,0.,-1.));
#6607=DIRECTION('',(1.,0.,0.));
#6608=DIRECTION('',(0.,0.,-1.));
#6609=DIRECTION('',(1.,0.,0.));
#6610=DIRECTION('center_axis',(0.,-0.37414358328157,0.927370788352333));
#6611=DIRECTION('ref_axis',(0.,-0.927370788352333,-0.37414358328157));
#6612=DIRECTION('',(1.,0.,0.));
#6613=DIRECTION('',(0.,-0.927370788352333,-0.374143583281569));
#6614=DIRECTION('center_axis',(0.,1.,0.));
#6615=DIRECTION('ref_axis',(0.,0.,1.));
#6616=DIRECTION('',(1.,0.,0.));
#6617=DIRECTION('',(0.,0.,1.));
#6618=DIRECTION('center_axis',(0.,0.355528180527444,-0.934665562033204));
#6619=DIRECTION('ref_axis',(0.,0.934665562033204,0.355528180527444));
#6620=DIRECTION('',(1.,0.,0.));
#6621=DIRECTION('',(0.,0.934665562033204,0.355528180527444));
#6622=DIRECTION('',(1.,0.,0.));
#6623=DIRECTION('',(1.,0.,0.));
#6624=DIRECTION('center_axis',(0.,0.354843274387436,0.934925799527429));
#6625=DIRECTION('ref_axis',(0.,-0.934925799527429,0.354843274387436));
#6626=DIRECTION('',(1.,0.,0.));
#6627=DIRECTION('',(0.,-0.934925799527429,0.354843274387436));
#6628=DIRECTION('center_axis',(0.,1.,0.));
#6629=DIRECTION('ref_axis',(0.,0.,1.));
#6630=DIRECTION('',(1.,0.,0.));
#6631=DIRECTION('',(0.,0.,1.));
#6632=DIRECTION('center_axis',(0.,-0.37398380014855,-0.927435236135898));
#6633=DIRECTION('ref_axis',(0.,0.927435236135898,-0.37398380014855));
#6634=DIRECTION('',(0.,0.927435236135898,-0.37398380014855));
#6635=DIRECTION('center_axis',(-1.,0.,0.));
#6636=DIRECTION('ref_axis',(0.,0.,1.));
#6637=DIRECTION('center_axis',(1.,0.,0.));
#6638=DIRECTION('ref_axis',(0.,0.,-1.));
#6639=DIRECTION('',(0.,0.,-1.));
#6640=DIRECTION('',(0.,-0.937925419524593,-0.346837004095032));
#6641=DIRECTION('',(0.,0.,-1.));
#6642=DIRECTION('',(0.,0.937925419524593,-0.346837004095032));
#6643=DIRECTION('',(0.,0.,-1.));
#6644=DIRECTION('',(0.,-0.929423825762679,0.369014026975487));
#6645=DIRECTION('',(0.,0.,1.));
#6646=DIRECTION('',(0.,0.929423825762679,0.369014026975487));
#6647=DIRECTION('',(0.,-0.93793691795662,-0.34680590815907));
#6648=DIRECTION('',(0.,0.937964174660869,-0.346732183468386));
#6649=DIRECTION('',(0.,0.,1.));
#6650=DIRECTION('center_axis',(0.,-1.,0.));
#6651=DIRECTION('ref_axis',(0.,0.,-1.));
#6652=DIRECTION('',(1.,0.,0.));
#6653=DIRECTION('',(1.,0.,0.));
#6654=DIRECTION('center_axis',(0.,-0.346837004095032,0.937925419524593));
#6655=DIRECTION('ref_axis',(0.,-0.937925419524593,-0.346837004095032));
#6656=DIRECTION('',(1.,0.,0.));
#6657=DIRECTION('center_axis',(0.,-1.,0.));
#6658=DIRECTION('ref_axis',(0.,0.,-1.));
#6659=DIRECTION('',(1.,0.,0.));
#6660=DIRECTION('center_axis',(0.,-0.346837004095032,-0.937925419524593));
#6661=DIRECTION('ref_axis',(0.,0.937925419524593,-0.346837004095032));
#6662=DIRECTION('',(1.,0.,0.));
#6663=DIRECTION('center_axis',(0.,-1.,0.));
#6664=DIRECTION('ref_axis',(0.,0.,-1.));
#6665=DIRECTION('',(1.,0.,0.));
#6666=DIRECTION('center_axis',(0.,0.369014026975487,0.929423825762679));
#6667=DIRECTION('ref_axis',(0.,-0.929423825762679,0.369014026975487));
#6668=DIRECTION('',(1.,0.,0.));
#6669=DIRECTION('center_axis',(0.,1.,0.));
#6670=DIRECTION('ref_axis',(0.,0.,1.));
#6671=DIRECTION('',(1.,0.,0.));
#6672=DIRECTION('center_axis',(0.,0.369014026975487,-0.929423825762679));
#6673=DIRECTION('ref_axis',(0.,0.929423825762679,0.369014026975487));
#6674=DIRECTION('center_axis',(0.,-0.34680590815907,0.93793691795662));
#6675=DIRECTION('ref_axis',(0.,-0.93793691795662,-0.34680590815907));
#6676=DIRECTION('',(0.,-0.93793691795662,-0.34680590815907));
#6677=DIRECTION('',(1.,0.,0.));
#6678=DIRECTION('',(1.,0.,0.));
#6679=DIRECTION('center_axis',(0.,1.,0.));
#6680=DIRECTION('ref_axis',(0.,0.,1.));
#6681=DIRECTION('',(0.,0.,1.));
#6682=DIRECTION('',(1.,0.,0.));
#6683=DIRECTION('center_axis',(0.,-0.346732183468386,-0.937964174660869));
#6684=DIRECTION('ref_axis',(0.,0.937964174660869,-0.346732183468386));
#6685=DIRECTION('',(0.,0.937964174660869,-0.346732183468386));
#6686=DIRECTION('',(1.,0.,0.));
#6687=DIRECTION('',(1.,0.,0.));
#6688=DIRECTION('center_axis',(1.,0.,0.));
#6689=DIRECTION('ref_axis',(0.,0.,-1.));
#6690=DIRECTION('',(1.,0.,0.));
#6691=DIRECTION('',(1.,0.,0.));
#6692=DIRECTION('',(1.,0.,0.));
#6693=DIRECTION('',(1.,0.,0.));
#6694=DIRECTION('',(1.,0.,0.));
#6695=DIRECTION('center_axis',(0.,-0.977761745936139,0.209718783574371));
#6696=DIRECTION('ref_axis',(0.,-0.209718783574371,-0.977761745936139));
#6697=DIRECTION('',(1.,0.,0.));
#6698=DIRECTION('',(0.,-0.209718783574371,-0.977761745936139));
#6699=DIRECTION('',(1.,0.,0.));
#6700=DIRECTION('',(1.,0.,0.));
#6701=DIRECTION('',(1.,0.,0.));
#6702=DIRECTION('',(1.,0.,0.));
#6703=DIRECTION('center_axis',(0.,0.973922781385372,0.226879738845454));
#6704=DIRECTION('ref_axis',(0.,-0.226879738845454,0.973922781385372));
#6705=DIRECTION('',(0.,-0.226879738845454,0.973922781385372));
#6706=DIRECTION('center_axis',(1.,0.,0.));
#6707=DIRECTION('ref_axis',(0.,0.,-1.));
#6708=DIRECTION('center_axis',(0.,1.,0.));
#6709=DIRECTION('ref_axis',(0.,0.,1.));
#6710=DIRECTION('axis',(0.,0.,1.));
#6711=DIRECTION('refdir',(1.,0.,0.));
#6712=DIRECTION('center_axis',(0.,0.,-1.));
#6713=DIRECTION('ref_axis',(-1.,0.,0.));
#6714=DIRECTION('',(0.,-1.,0.));
#6715=DIRECTION('',(-1.,0.,0.));
#6716=DIRECTION('',(0.,-1.,0.));
#6717=DIRECTION('',(1.,0.,0.));
#6718=DIRECTION('center_axis',(-1.,0.,0.));
#6719=DIRECTION('ref_axis',(0.,0.,1.));
#6720=DIRECTION('center_axis',(1.,0.,0.));
#6721=DIRECTION('ref_axis',(0.,0.,1.));
#6722=DIRECTION('center_axis',(1.,0.,0.));
#6723=DIRECTION('ref_axis',(0.,1.23908819712629E-15,1.));
#6724=DIRECTION('',(0.,0.,-1.));
#6725=DIRECTION('',(0.,-1.,0.));
#6726=DIRECTION('center_axis',(0.,0.,1.));
#6727=DIRECTION('ref_axis',(1.,0.,0.));
#6728=DIRECTION('',(0.,-1.,0.));
#6729=DIRECTION('',(1.,0.,0.));
#6730=DIRECTION('',(-1.,0.,0.));
#6731=DIRECTION('center_axis',(1.,0.,-3.61400724161835E-16));
#6732=DIRECTION('ref_axis',(-3.61400724161835E-16,0.,-1.));
#6733=DIRECTION('center_axis',(-1.,0.,3.61400724161835E-16));
#6734=DIRECTION('ref_axis',(-3.61400724161835E-16,0.,-1.));
#6735=DIRECTION('center_axis',(-1.,0.,3.61400724161835E-16));
#6736=DIRECTION('ref_axis',(-3.61400724161835E-16,1.23908819712629E-15,
-1.));
#6737=DIRECTION('',(3.61400724161835E-16,0.,1.));
#6738=DIRECTION('center_axis',(0.,1.,0.));
#6739=DIRECTION('ref_axis',(0.,0.,1.));
#6740=DIRECTION('center_axis',(1.,0.,0.));
#6741=DIRECTION('ref_axis',(0.,0.,-1.));
#6742=DIRECTION('',(-1.,0.,0.));
#6743=DIRECTION('center_axis',(-1.,0.,0.));
#6744=DIRECTION('ref_axis',(0.,0.,1.));
#6745=DIRECTION('axis',(0.,0.,1.));
#6746=DIRECTION('refdir',(1.,0.,0.));
#6747=DIRECTION('center_axis',(0.,0.,-1.));
#6748=DIRECTION('ref_axis',(-1.,0.,0.));
#6749=DIRECTION('center_axis',(0.,0.,1.));
#6750=DIRECTION('ref_axis',(1.,0.,0.));
#6751=DIRECTION('',(0.,0.,-1.));
#6752=DIRECTION('center_axis',(0.,0.,1.));
#6753=DIRECTION('ref_axis',(1.,0.,0.));
#6754=DIRECTION('',(0.,0.,-1.));
#6755=DIRECTION('center_axis',(-0.290472642667745,0.956883296887147,0.));
#6756=DIRECTION('ref_axis',(-0.956883296887148,-0.290472642667745,0.));
#6757=DIRECTION('',(0.956883296887147,0.290472642667745,0.));
#6758=DIRECTION('',(0.,0.,-1.));
#6759=DIRECTION('',(0.956883296887147,0.290472642667744,0.));
#6760=DIRECTION('',(0.956883296887147,0.290472642667745,0.));
#6761=DIRECTION('center_axis',(-0.290472642667745,0.956883296887147,0.));
#6762=DIRECTION('ref_axis',(-0.956883296887147,-0.290472642667745,0.));
#6763=DIRECTION('',(0.,0.,-1.));
#6764=DIRECTION('center_axis',(-0.290472642667745,0.956883296887147,0.));
#6765=DIRECTION('ref_axis',(-0.956883296887147,-0.290472642667745,0.));
#6766=DIRECTION('',(-0.956883296887147,-0.290472642667745,0.));
#6767=DIRECTION('center_axis',(-0.290472642667745,0.956883296887147,0.));
#6768=DIRECTION('ref_axis',(-0.956883296887147,-0.290472642667745,0.));
#6769=DIRECTION('',(0.,0.,1.));
#6770=DIRECTION('center_axis',(-0.290472642667745,0.956883296887147,0.));
#6771=DIRECTION('ref_axis',(-0.956883296887147,-0.290472642667745,0.));
#6772=DIRECTION('center_axis',(0.,0.,-1.));
#6773=DIRECTION('ref_axis',(0.882013843412582,-0.471223492653501,0.));
#6774=DIRECTION('center_axis',(0.,0.,-1.));
#6775=DIRECTION('ref_axis',(-1.,0.,0.));
#6776=DIRECTION('',(0.,0.,-1.));
#6777=DIRECTION('center_axis',(0.,0.,-1.));
#6778=DIRECTION('ref_axis',(-1.,0.,0.));
#6779=DIRECTION('center_axis',(-0.956883296887148,-0.290472642667743,0.));
#6780=DIRECTION('ref_axis',(0.290472642667743,-0.956883296887148,0.));
#6781=DIRECTION('',(-0.290472642667743,0.956883296887148,0.));
#6782=DIRECTION('',(0.,0.,-1.));
#6783=DIRECTION('',(-0.290472642667743,0.956883296887148,0.));
#6784=DIRECTION('center_axis',(0.,0.,-1.));
#6785=DIRECTION('ref_axis',(-1.,0.,0.));
#6786=DIRECTION('center_axis',(0.,0.,1.));
#6787=DIRECTION('ref_axis',(1.,0.,0.));
#6788=DIRECTION('',(0.,0.,-1.));
#6789=DIRECTION('center_axis',(0.,0.,1.));
#6790=DIRECTION('ref_axis',(1.,0.,0.));
#6791=DIRECTION('center_axis',(-0.290472642667744,0.956883296887147,0.));
#6792=DIRECTION('ref_axis',(-0.956883296887148,-0.290472642667744,0.));
#6793=DIRECTION('',(0.956883296887147,0.290472642667744,0.));
#6794=DIRECTION('',(0.,0.,-1.));
#6795=DIRECTION('',(0.956883296887147,0.290472642667745,0.));
#6796=DIRECTION('center_axis',(-0.290472642667744,0.956883296887148,0.));
#6797=DIRECTION('ref_axis',(-0.956883296887148,-0.290472642667744,0.));
#6798=DIRECTION('',(0.956883296887147,0.290472642667744,0.));
#6799=DIRECTION('center_axis',(-0.290472642667744,0.956883296887148,0.));
#6800=DIRECTION('ref_axis',(-0.956883296887148,-0.290472642667745,0.));
#6801=DIRECTION('',(0.,0.,1.));
#6802=DIRECTION('center_axis',(-0.290472642667744,0.956883296887148,0.));
#6803=DIRECTION('ref_axis',(-0.956883296887148,-0.290472642667745,0.));
#6804=DIRECTION('',(-0.956883296887147,-0.290472642667744,0.));
#6805=DIRECTION('center_axis',(-0.290472642667744,0.956883296887148,0.));
#6806=DIRECTION('ref_axis',(0.956883296887148,0.290472642667744,0.));
#6807=DIRECTION('',(0.,0.,-1.));
#6808=DIRECTION('center_axis',(0.,0.,-1.));
#6809=DIRECTION('ref_axis',(-1.,0.,0.));
#6810=DIRECTION('center_axis',(0.,0.,1.));
#6811=DIRECTION('ref_axis',(1.,0.,0.));
#6812=DIRECTION('',(0.,0.,-1.));
#6813=DIRECTION('center_axis',(0.,0.,1.));
#6814=DIRECTION('ref_axis',(1.,0.,0.));
#6815=DIRECTION('center_axis',(1.,0.,0.));
#6816=DIRECTION('ref_axis',(0.,0.,-1.));
#6817=DIRECTION('',(0.,-1.,0.));
#6818=DIRECTION('',(0.,0.,-1.));
#6819=DIRECTION('',(0.,-1.,0.));
#6820=DIRECTION('center_axis',(0.,1.,0.));
#6821=DIRECTION('ref_axis',(0.,0.,1.));
#6822=DIRECTION('',(1.,0.,0.));
#6823=DIRECTION('',(0.,0.,-1.));
#6824=DIRECTION('',(1.,0.,0.));
#6825=DIRECTION('center_axis',(1.,0.,0.));
#6826=DIRECTION('ref_axis',(0.,0.,-1.));
#6827=DIRECTION('',(0.,-1.,0.));
#6828=DIRECTION('',(0.,-1.,0.));
#6829=DIRECTION('center_axis',(0.,0.,1.));
#6830=DIRECTION('ref_axis',(1.,0.,0.));
#6831=DIRECTION('center_axis',(0.,0.,1.));
#6832=DIRECTION('ref_axis',(1.,0.,0.));
#6833=DIRECTION('center_axis',(-0.290472642667744,0.956883296887148,0.));
#6834=DIRECTION('ref_axis',(-0.956883296887147,-0.290472642667744,0.));
#6835=DIRECTION('',(-0.290472642667744,0.956883296887147,0.));
#6836=DIRECTION('',(-0.290472642667744,0.956883296887147,0.));
#6837=DIRECTION('center_axis',(0.,0.,1.));
#6838=DIRECTION('ref_axis',(1.,0.,0.));
#6839=DIRECTION('',(-0.290472642667744,0.956883296887147,0.));
#6840=DIRECTION('center_axis',(-0.290472642667744,0.956883296887148,0.));
#6841=DIRECTION('ref_axis',(-0.956883296887148,-0.290472642667744,0.));
#6842=DIRECTION('',(-0.290472642667744,0.956883296887147,0.));
#6843=DIRECTION('center_axis',(-0.956883296887147,-0.290472642667744,0.));
#6844=DIRECTION('ref_axis',(0.290472642667744,-0.956883296887148,0.));
#6845=DIRECTION('',(-0.290472642667744,0.956883296887147,0.));
#6846=DIRECTION('center_axis',(-0.290472642667744,0.956883296887148,0.));
#6847=DIRECTION('ref_axis',(-0.956883296887148,-0.290472642667744,0.));
#6848=DIRECTION('',(-0.290472642667744,0.956883296887147,0.));
#6849=DIRECTION('center_axis',(0.,0.,-1.));
#6850=DIRECTION('ref_axis',(-1.,0.,0.));
#6851=DIRECTION('',(-0.290472642667744,0.956883296887147,0.));
#6852=DIRECTION('center_axis',(-0.290472642667744,0.956883296887148,0.));
#6853=DIRECTION('ref_axis',(-0.956883296887147,-0.290472642667744,0.));
#6854=DIRECTION('',(-0.290472642667744,0.956883296887147,0.));
#6855=DIRECTION('center_axis',(0.956883296887147,0.290472642667744,0.));
#6856=DIRECTION('ref_axis',(-0.290472642667744,0.956883296887148,0.));
#6857=DIRECTION('',(0.,0.,1.));
#6858=DIRECTION('',(1.,0.,0.));
#6859=DIRECTION('',(0.,0.,1.));
#6860=DIRECTION('',(1.,0.,0.));
#6861=DIRECTION('',(0.,0.,1.));
#6862=DIRECTION('',(1.,0.,0.));
#6863=DIRECTION('',(-1.,0.,0.));
#6864=DIRECTION('',(0.,0.,1.));
#6865=CARTESIAN_POINT('',(0.,0.,0.));
#6866=CARTESIAN_POINT('',(0.,0.,0.));
#6867=CARTESIAN_POINT('Origin',(2.65,-4.5,-5.28));
#6868=CARTESIAN_POINT('',(3.05,-4.5,-5.53));
#6869=CARTESIAN_POINT('',(3.05,-4.75,-5.28));
#6870=CARTESIAN_POINT('Origin',(3.05,-4.5,-5.28));
#6871=CARTESIAN_POINT('',(2.65,-4.75,-5.28));
#6872=CARTESIAN_POINT('',(2.65,-4.75,-5.28));
#6873=CARTESIAN_POINT('',(2.65,-4.5,-5.53));
#6874=CARTESIAN_POINT('Origin',(2.65,-4.5,-5.28));
#6875=CARTESIAN_POINT('',(2.65,-4.5,-5.53));
#6876=CARTESIAN_POINT('Origin',(2.65,-4.75,5.53));
#6877=CARTESIAN_POINT('',(3.05,-4.75,-4.88));
#6878=CARTESIAN_POINT('',(3.05,-4.75,0.));
#6879=CARTESIAN_POINT('',(2.65,-4.75,-4.88));
#6880=CARTESIAN_POINT('',(2.65,-4.75,-4.88));
#6881=CARTESIAN_POINT('',(2.65,-4.75,-5.53));
#6882=CARTESIAN_POINT('Origin',(3.05,-3.55,-5.53));
#6883=CARTESIAN_POINT('',(3.05,-1.25,-5.53));
#6884=CARTESIAN_POINT('',(3.05,-3.55,-5.53));
#6885=CARTESIAN_POINT('',(3.05,-1.25,-4.75000000000001));
#6886=CARTESIAN_POINT('',(3.05,-1.25,-5.53));
#6887=CARTESIAN_POINT('',(3.05,-1.39399999999999,-4.63));
#6888=CARTESIAN_POINT('',(3.05,-1.24999999999997,-4.75000000000001));
#6889=CARTESIAN_POINT('',(3.05,-4.5,-4.63));
#6890=CARTESIAN_POINT('',(3.05,-3.55,-4.63));
#6891=CARTESIAN_POINT('Origin',(3.05,-4.5,-4.88));
#6892=CARTESIAN_POINT('Origin',(2.65,-4.5,-4.88));
#6893=CARTESIAN_POINT('',(2.65,-4.5,-4.63));
#6894=CARTESIAN_POINT('Origin',(2.65,-4.5,-4.88));
#6895=CARTESIAN_POINT('',(2.65,-4.5,-4.63));
#6896=CARTESIAN_POINT('Origin',(2.65,-4.5,-0.2));
#6897=CARTESIAN_POINT('',(3.05,-4.5,-0.45));
#6898=CARTESIAN_POINT('',(3.05,-4.75,-0.2));
#6899=CARTESIAN_POINT('Origin',(3.05,-4.5,-0.2));
#6900=CARTESIAN_POINT('',(2.65,-4.75,-0.2));
#6901=CARTESIAN_POINT('',(2.65,-4.75,-0.2));
#6902=CARTESIAN_POINT('',(2.65,-4.5,-0.45));
#6903=CARTESIAN_POINT('Origin',(2.65,-4.5,-0.2));
#6904=CARTESIAN_POINT('',(2.65,-4.5,-0.45));
#6905=CARTESIAN_POINT('Origin',(2.65,-4.75,5.53));
#6906=CARTESIAN_POINT('',(3.05,-4.75,0.200000000000001));
#6907=CARTESIAN_POINT('',(3.05,-4.75,2.54));
#6908=CARTESIAN_POINT('',(2.65,-4.75,0.200000000000001));
#6909=CARTESIAN_POINT('',(2.65,-4.75,0.200000000000001));
#6910=CARTESIAN_POINT('',(2.65,-4.75,-0.45));
#6911=CARTESIAN_POINT('Origin',(3.05,-3.55,-0.45));
#6912=CARTESIAN_POINT('',(3.05,-1.25,-0.45));
#6913=CARTESIAN_POINT('',(3.05,-3.55,-0.45));
#6914=CARTESIAN_POINT('',(3.05,-1.25,0.45));
#6915=CARTESIAN_POINT('',(3.05,-1.25,-0.45));
#6916=CARTESIAN_POINT('',(3.05,-4.5,0.45));
#6917=CARTESIAN_POINT('',(3.05,-3.55,0.45));
#6918=CARTESIAN_POINT('Origin',(3.05,-4.5,0.200000000000001));
#6919=CARTESIAN_POINT('Origin',(2.65,-4.5,0.200000000000001));
#6920=CARTESIAN_POINT('',(2.65,-4.5,0.45));
#6921=CARTESIAN_POINT('Origin',(2.65,-4.5,0.200000000000001));
#6922=CARTESIAN_POINT('',(2.65,-4.5,0.45));
#6923=CARTESIAN_POINT('Origin',(2.65,-4.5,4.88));
#6924=CARTESIAN_POINT('',(3.05,-4.5,4.63));
#6925=CARTESIAN_POINT('',(3.05,-4.75,4.88));
#6926=CARTESIAN_POINT('Origin',(3.05,-4.5,4.88));
#6927=CARTESIAN_POINT('',(2.65,-4.75,4.88));
#6928=CARTESIAN_POINT('',(2.65,-4.75,4.88));
#6929=CARTESIAN_POINT('',(2.65,-4.5,4.63));
#6930=CARTESIAN_POINT('Origin',(2.65,-4.5,4.88));
#6931=CARTESIAN_POINT('',(2.65,-4.5,4.63));
#6932=CARTESIAN_POINT('Origin',(2.65,-4.75,5.53));
#6933=CARTESIAN_POINT('',(3.05,-4.75,5.28));
#6934=CARTESIAN_POINT('',(3.05,-4.75,5.53));
#6935=CARTESIAN_POINT('',(2.65,-4.75,5.28));
#6936=CARTESIAN_POINT('',(2.65,-4.75,5.28));
#6937=CARTESIAN_POINT('',(2.65,-4.75,5.53));
#6938=CARTESIAN_POINT('Origin',(3.05,-3.55,5.53));
#6939=CARTESIAN_POINT('',(3.05,-1.394,4.63));
#6940=CARTESIAN_POINT('',(3.05,-3.55,4.63));
#6941=CARTESIAN_POINT('',(3.05,-1.25,4.75));
#6942=CARTESIAN_POINT('',(3.05,-1.25,4.75));
#6943=CARTESIAN_POINT('',(3.05,-1.25,5.53));
#6944=CARTESIAN_POINT('',(3.05,-1.25,5.53));
#6945=CARTESIAN_POINT('',(3.05,-4.5,5.53));
#6946=CARTESIAN_POINT('',(3.05,-3.55,5.53));
#6947=CARTESIAN_POINT('Origin',(3.05,-4.5,5.28));
#6948=CARTESIAN_POINT('Origin',(2.65,-4.5,5.28));
#6949=CARTESIAN_POINT('',(2.65,-4.5,5.53));
#6950=CARTESIAN_POINT('Origin',(2.65,-4.5,5.28));
#6951=CARTESIAN_POINT('',(2.65,-4.5,5.53));
#6952=CARTESIAN_POINT('Origin',(2.65,-3.55,4.63));
#6953=CARTESIAN_POINT('',(2.65,-1.394,4.63));
#6954=CARTESIAN_POINT('',(2.65,-3.55,4.63));
#6955=CARTESIAN_POINT('',(-3.01496268633627,-1.394,4.63));
#6956=CARTESIAN_POINT('Origin',(2.65,-3.55,-0.45));
#6957=CARTESIAN_POINT('',(2.65,-1.25,-0.45));
#6958=CARTESIAN_POINT('',(2.65,-3.55,-0.45));
#6959=CARTESIAN_POINT('',(2.65,-1.25,-0.45));
#6960=CARTESIAN_POINT('Origin',(2.65,-3.55,-5.53));
#6961=CARTESIAN_POINT('',(2.65,-1.25,-5.53));
#6962=CARTESIAN_POINT('',(2.65,-3.55,-5.53));
#6963=CARTESIAN_POINT('',(2.65,-1.25,-5.53));
#6964=CARTESIAN_POINT('Origin',(2.65,-3.55,5.53));
#6965=CARTESIAN_POINT('',(2.65,-1.25,5.53));
#6966=CARTESIAN_POINT('',(2.65,-1.25,5.53));
#6967=CARTESIAN_POINT('',(2.65,-3.55,5.53));
#6968=CARTESIAN_POINT('Origin',(2.65,-3.55,0.45));
#6969=CARTESIAN_POINT('',(2.65,-1.25,0.450000000000001));
#6970=CARTESIAN_POINT('',(2.65,-1.25,0.45));
#6971=CARTESIAN_POINT('',(2.65,-3.55,0.45));
#6972=CARTESIAN_POINT('Origin',(2.65,-3.55,-4.63));
#6973=CARTESIAN_POINT('',(2.65,-1.39399999999999,-4.63));
#6974=CARTESIAN_POINT('',(-3.01496268633627,-1.39399999999999,-4.63));
#6975=CARTESIAN_POINT('',(2.65,-3.55,-4.63));
#6976=CARTESIAN_POINT('Origin',(5.6,0.,5.4));
#6977=CARTESIAN_POINT('',(5.6,-6.12323399573677E-17,5.9));
#6978=CARTESIAN_POINT('Origin',(5.6,0.,5.4));
#6979=CARTESIAN_POINT('',(5.7,-6.12323399573677E-17,5.9));
#6980=CARTESIAN_POINT('',(5.6,-6.12323399573677E-17,5.9));
#6981=CARTESIAN_POINT('Origin',(5.7,0.,5.4));
#6982=CARTESIAN_POINT('Origin',(5.6,0.,-5.4));
#6983=CARTESIAN_POINT('',(5.6,-6.12323399573677E-17,-4.9));
#6984=CARTESIAN_POINT('Origin',(5.6,0.,-5.4));
#6985=CARTESIAN_POINT('',(5.7,-6.12323399573677E-17,-4.9));
#6986=CARTESIAN_POINT('',(5.6,-6.12323399573677E-17,-4.9));
#6987=CARTESIAN_POINT('Origin',(5.7,0.,-5.4));
#6988=CARTESIAN_POINT('Origin',(-3.11126983722081,-0.0500000000000006,3.25));
#6989=CARTESIAN_POINT('',(0.,-0.0500000000000007,4.35));
#6990=CARTESIAN_POINT('Origin',(0.,-0.0500000000000006,3.25));
#6991=CARTESIAN_POINT('',(5.7,-0.0500000000000007,4.35));
#6992=CARTESIAN_POINT('',(-3.11126983722081,-0.0500000000000007,4.35));
#6993=CARTESIAN_POINT('Origin',(5.7,-0.0500000000000006,3.25));
#6994=CARTESIAN_POINT('Origin',(-3.11126983722081,-0.0500000000000006,-3.25));
#6995=CARTESIAN_POINT('',(0.,-0.0500000000000007,-2.15));
#6996=CARTESIAN_POINT('Origin',(0.,-0.0500000000000006,-3.25));
#6997=CARTESIAN_POINT('',(5.7,-0.0500000000000007,-2.15));
#6998=CARTESIAN_POINT('',(-3.11126983722081,-0.0500000000000007,-2.15));
#6999=CARTESIAN_POINT('Origin',(5.7,-0.0500000000000006,-3.25));
#7000=CARTESIAN_POINT('Origin',(5.7,-1.25,6.4));
#7001=CARTESIAN_POINT('',(0.,-1.25,1.75));
#7002=CARTESIAN_POINT('',(0.,-1.25,-1.75000000000002));
#7003=CARTESIAN_POINT('',(0.,-1.25,6.4));
#7004=CARTESIAN_POINT('',(5.7,-1.25,-1.75000000000002));
#7005=CARTESIAN_POINT('',(-3.01496268633627,-1.24999999999999,-1.75000000000001));
#7006=CARTESIAN_POINT('',(5.7,-1.25,1.75));
#7007=CARTESIAN_POINT('',(5.7,-1.25,6.4));
#7008=CARTESIAN_POINT('',(-3.01496268633627,-1.25,1.75));
#7009=CARTESIAN_POINT('',(2.65,-1.25,-0.45));
#7010=CARTESIAN_POINT('Origin',(5.7,-1.25,6.4));
#7011=CARTESIAN_POINT('',(2.65,-1.25,-4.75000000000001));
#7012=CARTESIAN_POINT('',(2.65,-1.25,-5.53));
#7013=CARTESIAN_POINT('',(-8.67361737988404E-16,-1.24999999999997,-4.75000000000001));
#7014=CARTESIAN_POINT('',(-3.01496268633627,-1.24999999999997,-4.75000000000001));
#7015=CARTESIAN_POINT('',(0.,-1.25,-6.4));
#7016=CARTESIAN_POINT('',(0.,-1.25,6.4));
#7017=CARTESIAN_POINT('',(5.7,-1.25,-6.4));
#7018=CARTESIAN_POINT('',(5.7,-1.25,-6.4));
#7019=CARTESIAN_POINT('',(5.7,-1.25,-4.75000000000001));
#7020=CARTESIAN_POINT('',(5.7,-1.25,6.4));
#7021=CARTESIAN_POINT('',(-3.01496268633627,-1.24999999999997,-4.75000000000001));
#7022=CARTESIAN_POINT('Origin',(-3.01496268633627,-1.24999999999997,-4.75000000000001));
#7023=CARTESIAN_POINT('',(2.65,-1.24999999999997,-4.75000000000001));
#7024=CARTESIAN_POINT('',(5.7,-1.55,-4.5));
#7025=CARTESIAN_POINT('',(5.7,-1.24999999999997,-4.75000000000001));
#7026=CARTESIAN_POINT('',(0.,-1.55,-4.5));
#7027=CARTESIAN_POINT('',(-3.01496268633627,-1.55,-4.5));
#7028=CARTESIAN_POINT('',(0.,-1.24999999999997,-4.75000000000001));
#7029=CARTESIAN_POINT('Origin',(5.7,-1.25,6.4));
#7030=CARTESIAN_POINT('',(5.7,-1.25,4.75));
#7031=CARTESIAN_POINT('',(-3.01496268633627,-1.25,4.75));
#7032=CARTESIAN_POINT('',(5.7,-1.25,6.4));
#7033=CARTESIAN_POINT('',(5.7,-1.25,6.4));
#7034=CARTESIAN_POINT('',(0.,-1.25,6.4));
#7035=CARTESIAN_POINT('',(5.7,-1.25,6.4));
#7036=CARTESIAN_POINT('',(0.,-1.25,4.75));
#7037=CARTESIAN_POINT('',(0.,-1.25,6.4));
#7038=CARTESIAN_POINT('',(2.65,-1.25,4.75));
#7039=CARTESIAN_POINT('',(-3.01496268633627,-1.25,4.75));
#7040=CARTESIAN_POINT('',(2.65,-1.25,5.53));
#7041=CARTESIAN_POINT('Origin',(-3.01496268633627,-1.25,4.75));
#7042=CARTESIAN_POINT('',(2.65,-1.25,4.75));
#7043=CARTESIAN_POINT('',(-8.67361737988404E-16,-1.55,4.5));
#7044=CARTESIAN_POINT('',(0.,-1.25,4.75));
#7045=CARTESIAN_POINT('',(5.7,-1.55,4.5));
#7046=CARTESIAN_POINT('',(-3.01496268633627,-1.55,4.5));
#7047=CARTESIAN_POINT('',(5.7,-1.25,4.75));
#7048=CARTESIAN_POINT('Origin',(5.7,1.25,6.4));
#7049=CARTESIAN_POINT('',(0.5,1.25,2.));
#7050=CARTESIAN_POINT('',(0.,1.25,2.));
#7051=CARTESIAN_POINT('',(0.5,1.25,2.));
#7052=CARTESIAN_POINT('',(0.,1.25,6.4));
#7053=CARTESIAN_POINT('',(0.,1.25,6.4));
#7054=CARTESIAN_POINT('',(5.7,1.25,6.4));
#7055=CARTESIAN_POINT('',(5.7,1.25,6.4));
#7056=CARTESIAN_POINT('',(5.7,1.25,2.));
#7057=CARTESIAN_POINT('',(5.7,1.25,6.4));
#7058=CARTESIAN_POINT('',(5.2,1.25,2.));
#7059=CARTESIAN_POINT('',(5.2,1.25,2.));
#7060=CARTESIAN_POINT('',(5.2,1.25,-2.));
#7061=CARTESIAN_POINT('',(5.2,1.25,2.));
#7062=CARTESIAN_POINT('',(5.7,1.25,-2.));
#7063=CARTESIAN_POINT('',(5.2,1.25,-2.));
#7064=CARTESIAN_POINT('',(5.7,1.25,-6.4));
#7065=CARTESIAN_POINT('',(5.7,1.25,6.4));
#7066=CARTESIAN_POINT('',(0.,1.25,-6.4));
#7067=CARTESIAN_POINT('',(5.7,1.25,-6.4));
#7068=CARTESIAN_POINT('',(0.,1.25,-2.));
#7069=CARTESIAN_POINT('',(0.,1.25,6.4));
#7070=CARTESIAN_POINT('',(0.5,1.25,-2.));
#7071=CARTESIAN_POINT('',(0.5,1.25,-2.));
#7072=CARTESIAN_POINT('',(0.5,1.25,2.));
#7073=CARTESIAN_POINT('Origin',(5.7,-1.25,-6.4));
#7074=CARTESIAN_POINT('',(0.,-1.25,-6.4));
#7075=CARTESIAN_POINT('',(5.7,-1.25,-6.4));
#7076=CARTESIAN_POINT('Origin',(5.7,-1.25,6.4));
#7077=CARTESIAN_POINT('',(0.,-1.25,6.4));
#7078=CARTESIAN_POINT('',(5.7,-1.25,6.4));
#7079=CARTESIAN_POINT('Origin',(5.7,0.,0.));
#7080=CARTESIAN_POINT('',(5.7,-1.05,2.));
#7081=CARTESIAN_POINT('',(5.7,-1.05,-2.));
#7082=CARTESIAN_POINT('',(5.7,-1.05,2.));
#7083=CARTESIAN_POINT('',(5.7,1.25,2.));
#7084=CARTESIAN_POINT('',(5.7,-1.55,2.));
#7085=CARTESIAN_POINT('',(5.7,-1.55,4.5));
#7086=CARTESIAN_POINT('',(5.7,-1.55,2.));
#7087=CARTESIAN_POINT('',(5.7,-1.55,-2.));
#7088=CARTESIAN_POINT('',(5.7,-1.55,-2.));
#7089=CARTESIAN_POINT('',(5.7,-1.55,-4.5));
#7090=CARTESIAN_POINT('',(5.7,1.25,-2.));
#7091=CARTESIAN_POINT('Origin',(-3.01496268633627,-1.55,4.5));
#7092=CARTESIAN_POINT('',(0.,-1.55,2.));
#7093=CARTESIAN_POINT('',(0.,-1.55,4.5));
#7094=CARTESIAN_POINT('',(-3.01496268633627,-1.55,2.));
#7095=CARTESIAN_POINT('Origin',(-3.01496268633627,-1.55,2.));
#7096=CARTESIAN_POINT('',(0.,-1.55,2.));
#7097=CARTESIAN_POINT('Origin',(-3.01496268633627,-1.55,-2.));
#7098=CARTESIAN_POINT('',(0.,-1.55,-2.));
#7099=CARTESIAN_POINT('',(0.,-1.55,-2.));
#7100=CARTESIAN_POINT('',(-3.01496268633627,-1.55,-2.));
#7101=CARTESIAN_POINT('Origin',(-3.01496268633627,-1.55,-4.5));
#7102=CARTESIAN_POINT('',(0.,-1.55,-4.5));
#7103=CARTESIAN_POINT('Origin',(5.2,1.25,2.));
#7104=CARTESIAN_POINT('',(5.2,-1.05,2.));
#7105=CARTESIAN_POINT('',(5.2,-1.05,2.));
#7106=CARTESIAN_POINT('',(5.2,1.25,2.));
#7107=CARTESIAN_POINT('Origin',(5.2,1.25,-2.));
#7108=CARTESIAN_POINT('',(5.2,-1.05,-2.));
#7109=CARTESIAN_POINT('',(5.2,1.25,-2.));
#7110=CARTESIAN_POINT('',(5.2,-1.05,-2.));
#7111=CARTESIAN_POINT('Origin',(5.2,-1.05,2.));
#7112=CARTESIAN_POINT('',(5.2,-1.05,2.));
#7113=CARTESIAN_POINT('Origin',(5.2,0.,0.));
#7114=CARTESIAN_POINT('',(5.2,0.514944662446878,1.));
#7115=CARTESIAN_POINT('',(5.2,0.514944662446878,-1.));
#7116=CARTESIAN_POINT('',(5.2,0.514944662446878,1.));
#7117=CARTESIAN_POINT('',(5.2,1.05,1.));
#7118=CARTESIAN_POINT('',(5.2,0.514944662446878,1.));
#7119=CARTESIAN_POINT('',(5.2,1.05,-1.));
#7120=CARTESIAN_POINT('',(5.2,1.05,1.));
#7121=CARTESIAN_POINT('',(5.2,0.514944662446878,-1.));
#7122=CARTESIAN_POINT('Origin',(5.2,0.514944662446878,-1.));
#7123=CARTESIAN_POINT('',(5.7,0.550000000000001,-1.));
#7124=CARTESIAN_POINT('',(5.46752766877656,0.78247233122344,-1.));
#7125=CARTESIAN_POINT('',(5.7,0.514944662446878,-1.));
#7126=CARTESIAN_POINT('',(5.7,0.514944662446878,-1.));
#7127=CARTESIAN_POINT('',(5.2,0.514944662446878,-1.));
#7128=CARTESIAN_POINT('Origin',(5.2,0.514944662446878,1.));
#7129=CARTESIAN_POINT('',(5.7,0.514944662446878,1.));
#7130=CARTESIAN_POINT('',(5.7,0.514944662446878,1.));
#7131=CARTESIAN_POINT('',(5.2,0.514944662446878,1.));
#7132=CARTESIAN_POINT('Origin',(5.2,0.514944662446878,1.));
#7133=CARTESIAN_POINT('',(5.7,0.550000000000001,1.));
#7134=CARTESIAN_POINT('',(5.7,0.514944662446878,1.));
#7135=CARTESIAN_POINT('',(5.46752766877656,0.78247233122344,1.));
#7136=CARTESIAN_POINT('Origin',(5.7,0.,0.));
#7137=CARTESIAN_POINT('',(5.7,0.550000000000001,1.));
#7138=CARTESIAN_POINT('Origin',(0.5,0.,0.));
#7139=CARTESIAN_POINT('',(0.5,-1.05,2.));
#7140=CARTESIAN_POINT('',(0.5,1.25,2.));
#7141=CARTESIAN_POINT('',(0.5,-1.05,-2.));
#7142=CARTESIAN_POINT('',(0.5,1.25,-2.));
#7143=CARTESIAN_POINT('',(0.5,-1.05,2.));
#7144=CARTESIAN_POINT('',(0.5,0.514944662446878,-1.));
#7145=CARTESIAN_POINT('',(0.5,1.05,-1.));
#7146=CARTESIAN_POINT('',(0.5,0.514944662446878,-1.));
#7147=CARTESIAN_POINT('',(0.5,1.05,1.));
#7148=CARTESIAN_POINT('',(0.5,1.05,1.));
#7149=CARTESIAN_POINT('',(0.5,0.514944662446878,1.));
#7150=CARTESIAN_POINT('',(0.5,0.514944662446878,1.));
#7151=CARTESIAN_POINT('',(0.5,0.514944662446878,1.));
#7152=CARTESIAN_POINT('Origin',(0.5,1.25,2.));
#7153=CARTESIAN_POINT('',(0.,-1.05,2.));
#7154=CARTESIAN_POINT('',(0.,1.25,2.));
#7155=CARTESIAN_POINT('',(0.5,-1.05,2.));
#7156=CARTESIAN_POINT('Origin',(0.5,-1.05,2.));
#7157=CARTESIAN_POINT('',(0.,-1.05,-2.));
#7158=CARTESIAN_POINT('',(0.,-1.05,2.));
#7159=CARTESIAN_POINT('',(0.5,-1.05,-2.));
#7160=CARTESIAN_POINT('Origin',(0.5,1.25,-2.));
#7161=CARTESIAN_POINT('',(0.,1.25,-2.));
#7162=CARTESIAN_POINT('Origin',(0.5,0.514944662446878,-1.));
#7163=CARTESIAN_POINT('',(0.,0.514944662446878,-1.));
#7164=CARTESIAN_POINT('',(0.,0.549999999999998,-1.));
#7165=CARTESIAN_POINT('',(0.,0.514944662446878,-1.));
#7166=CARTESIAN_POINT('',(0.5,1.05,-1.));
#7167=CARTESIAN_POINT('',(0.5,0.514944662446878,-1.));
#7168=CARTESIAN_POINT('Origin',(0.5,0.514944662446878,1.));
#7169=CARTESIAN_POINT('',(0.,0.549999999999998,1.));
#7170=CARTESIAN_POINT('',(0.5,1.05,1.));
#7171=CARTESIAN_POINT('',(0.,0.514944662446878,1.));
#7172=CARTESIAN_POINT('',(0.,0.514944662446878,1.));
#7173=CARTESIAN_POINT('',(0.5,0.514944662446878,1.));
#7174=CARTESIAN_POINT('Origin',(0.5,0.514944662446878,1.));
#7175=CARTESIAN_POINT('',(0.,0.514944662446878,1.));
#7176=CARTESIAN_POINT('Origin',(0.,0.,0.));
#7177=CARTESIAN_POINT('',(0.,0.549999999999998,-1.));
#7178=CARTESIAN_POINT('Origin',(0.5,1.05,1.));
#7179=CARTESIAN_POINT('Origin',(5.7,0.550000000000001,0.));
#7180=CARTESIAN_POINT('Origin',(2.65,-3.55,5.53));
#7181=CARTESIAN_POINT('Origin',(2.65,-3.55,-5.53));
#7182=CARTESIAN_POINT('Origin',(2.65,-3.55,-0.45));
#7183=CARTESIAN_POINT('Origin',(0.1,-0.6,-4.8346603716606));
#7184=CARTESIAN_POINT('',(0.,-0.6,-4.8346603716606));
#7185=CARTESIAN_POINT('',(0.,0.6,-4.8346603716606));
#7186=CARTESIAN_POINT('',(0.,-0.6,-4.8346603716606));
#7187=CARTESIAN_POINT('',(0.1,0.6,-4.8346603716606));
#7188=CARTESIAN_POINT('',(0.1,0.6,-4.8346603716606));
#7189=CARTESIAN_POINT('',(0.1,-0.6,-4.8346603716606));
#7190=CARTESIAN_POINT('',(0.1,-0.6,-4.8346603716606));
#7191=CARTESIAN_POINT('',(0.1,-0.6,-4.8346603716606));
#7192=CARTESIAN_POINT('Origin',(0.1,-0.6,-6.0346603716606));
#7193=CARTESIAN_POINT('',(0.,-0.6,-6.0346603716606));
#7194=CARTESIAN_POINT('',(0.,-0.6,-6.0346603716606));
#7195=CARTESIAN_POINT('',(0.1,-0.6,-6.0346603716606));
#7196=CARTESIAN_POINT('',(0.1,-0.6,-6.0346603716606));
#7197=CARTESIAN_POINT('',(0.1,-0.6,-6.0346603716606));
#7198=CARTESIAN_POINT('Origin',(0.1,-0.6,-6.0346603716606));
#7199=CARTESIAN_POINT('',(0.,0.6,-6.0346603716606));
#7200=CARTESIAN_POINT('',(0.,-0.6,-6.0346603716606));
#7201=CARTESIAN_POINT('',(0.1,0.6,-6.0346603716606));
#7202=CARTESIAN_POINT('',(0.1,-0.6,-6.0346603716606));
#7203=CARTESIAN_POINT('',(0.1,0.6,-6.0346603716606));
#7204=CARTESIAN_POINT('Origin',(0.1,0.6,-6.0346603716606));
#7205=CARTESIAN_POINT('',(0.,0.6,-6.0346603716606));
#7206=CARTESIAN_POINT('',(0.1,0.6,-6.0346603716606));
#7207=CARTESIAN_POINT('Origin',(0.1,0.,0.));
#7208=CARTESIAN_POINT('Origin',(0.,0.,0.));
#7209=CARTESIAN_POINT('Origin',(5.6,0.,-5.4));
#7210=CARTESIAN_POINT('Origin',(5.6,0.,5.4));
#7211=CARTESIAN_POINT('',(0.,0.,0.));
#7212=CARTESIAN_POINT('Origin',(0.,0.,0.));
#7213=CARTESIAN_POINT('',(0.,4.95,-6.4));
#7214=CARTESIAN_POINT('',(0.,1.25,-6.4));
#7215=CARTESIAN_POINT('',(0.,1.25,-6.4));
#7216=CARTESIAN_POINT('',(0.,1.25,-2.));
#7217=CARTESIAN_POINT('',(0.,1.25,-6.4));
#7218=CARTESIAN_POINT('',(0.,-1.05,-2.));
#7219=CARTESIAN_POINT('',(0.,1.25,-2.));
#7220=CARTESIAN_POINT('',(0.,-1.05,2.));
#7221=CARTESIAN_POINT('',(0.,-1.05,-2.));
#7222=CARTESIAN_POINT('',(0.,1.25,2.));
#7223=CARTESIAN_POINT('',(0.,-1.05,2.));
#7224=CARTESIAN_POINT('',(0.,1.25,6.4));
#7225=CARTESIAN_POINT('',(0.,1.25,-6.4));
#7226=CARTESIAN_POINT('',(0.,4.95,6.4));
#7227=CARTESIAN_POINT('',(0.,1.25,6.4));
#7228=CARTESIAN_POINT('',(0.,4.95,-6.4));
#7229=CARTESIAN_POINT('',(0.,1.05,-1.));
#7230=CARTESIAN_POINT('',(0.,0.514944662446878,-1.));
#7231=CARTESIAN_POINT('',(0.,1.05,-1.));
#7232=CARTESIAN_POINT('',(0.,1.05,1.));
#7233=CARTESIAN_POINT('',(0.,1.05,-1.));
#7234=CARTESIAN_POINT('',(0.,0.514944662446878,1.));
#7235=CARTESIAN_POINT('',(0.,1.05,1.));
#7236=CARTESIAN_POINT('',(0.,0.514944662446878,-1.));
#7237=CARTESIAN_POINT('',(0.,2.05214125553223,1.21063030346299));
#7238=CARTESIAN_POINT('',(0.,1.54092330681428,0.736271329104012));
#7239=CARTESIAN_POINT('Ctrl Pts',(0.,2.05214125553223,1.21063030346299));
#7240=CARTESIAN_POINT('Ctrl Pts',(0.,2.03971685174318,1.21042194655516));
#7241=CARTESIAN_POINT('Ctrl Pts',(0.,2.01517029974876,1.21001030155728));
#7242=CARTESIAN_POINT('Ctrl Pts',(0.,1.97890753219765,1.20722494306126));
#7243=CARTESIAN_POINT('Ctrl Pts',(0.,1.94368579349514,1.20232731468107));
#7244=CARTESIAN_POINT('Ctrl Pts',(0.,1.90940005878679,1.19583144449856));
#7245=CARTESIAN_POINT('Ctrl Pts',(0.,1.87612170384034,1.1871271767699));
#7246=CARTESIAN_POINT('Ctrl Pts',(0.,1.84375531757306,1.17678349217391));
#7247=CARTESIAN_POINT('Ctrl Pts',(0.,1.81249368064413,1.16427222127307));
#7248=CARTESIAN_POINT('Ctrl Pts',(0.,1.78226144603666,1.15014212985274));
#7249=CARTESIAN_POINT('Ctrl Pts',(0.,1.75347441189243,1.13415393740226));
#7250=CARTESIAN_POINT('Ctrl Pts',(0.,1.72633387073608,1.11651787626034));
#7251=CARTESIAN_POINT('Ctrl Pts',(0.,1.7010937008838,1.09722145241094));
#7252=CARTESIAN_POINT('Ctrl Pts',(0.,1.67744426987706,1.07655777629361));
#7253=CARTESIAN_POINT('Ctrl Pts',(0.,1.65580847377609,1.05404429633912));
#7254=CARTESIAN_POINT('Ctrl Pts',(0.,1.63598400201098,1.02995823527687));
#7255=CARTESIAN_POINT('Ctrl Pts',(0.,1.61778388728472,1.00439220387706));
#7256=CARTESIAN_POINT('Ctrl Pts',(0.,1.6017010456199,0.977260313274315));
#7257=CARTESIAN_POINT('Ctrl Pts',(0.,1.58760386042951,0.949049482252222));
#7258=CARTESIAN_POINT('Ctrl Pts',(0.,1.57509711739085,0.920317958682731));
#7259=CARTESIAN_POINT('Ctrl Pts',(0.,1.56443086922734,0.891044400148517));
#7260=CARTESIAN_POINT('Ctrl Pts',(0.,1.55578693524985,0.8611287585905));
#7261=CARTESIAN_POINT('Ctrl Pts',(0.,1.54925495656736,0.830652640941867));
#7262=CARTESIAN_POINT('Ctrl Pts',(0.,1.54436374203339,0.799701810620694));
#7263=CARTESIAN_POINT('Ctrl Pts',(0.,1.54154736390853,0.768174806516869));
#7264=CARTESIAN_POINT('Ctrl Pts',(0.,1.54113239478186,0.746960468467061));
#7265=CARTESIAN_POINT('Ctrl Pts',(0.,1.54092330681428,0.736271329104012));
#7266=CARTESIAN_POINT('',(0.,2.04052266578864,0.261912354745038));
#7267=CARTESIAN_POINT('Ctrl Pts',(0.,1.54092330681428,0.736271329104012));
#7268=CARTESIAN_POINT('Ctrl Pts',(0.,1.54109335011615,0.724778130199005));
#7269=CARTESIAN_POINT('Ctrl Pts',(0.,1.54143016331171,0.70201298151121));
#7270=CARTESIAN_POINT('Ctrl Pts',(0.,1.54479213313387,0.668365478633103));
#7271=CARTESIAN_POINT('Ctrl Pts',(0.,1.54992093521013,0.635555072743068));
#7272=CARTESIAN_POINT('Ctrl Pts',(0.,1.55732537592999,0.603677149530889));
#7273=CARTESIAN_POINT('Ctrl Pts',(0.,1.56698499200143,0.572775268913826));
#7274=CARTESIAN_POINT('Ctrl Pts',(0.,1.5786766856521,0.542812866894823));
#7275=CARTESIAN_POINT('Ctrl Pts',(0.,1.59224420102216,0.513684562543574));
#7276=CARTESIAN_POINT('Ctrl Pts',(0.,1.60807602050369,0.485751789912092));
#7277=CARTESIAN_POINT('Ctrl Pts',(0.,1.62567930197644,0.459109620751903));
#7278=CARTESIAN_POINT('Ctrl Pts',(0.,1.64496654030279,0.434016280586718));
#7279=CARTESIAN_POINT('Ctrl Pts',(0.,1.66575998646372,0.410485645113646));
#7280=CARTESIAN_POINT('Ctrl Pts',(0.,1.68840333131407,0.388895284705504));
#7281=CARTESIAN_POINT('Ctrl Pts',(0.,1.71207574481835,0.368545955562307));
#7282=CARTESIAN_POINT('Ctrl Pts',(0.,1.73765711591174,0.350251315284262));
#7283=CARTESIAN_POINT('Ctrl Pts',(0.,1.76456728587672,0.333413889468932));
#7284=CARTESIAN_POINT('Ctrl Pts',(0.,1.79306565709686,0.318531925142463));
#7285=CARTESIAN_POINT('Ctrl Pts',(0.,1.82230536603095,0.305088297488065));
#7286=CARTESIAN_POINT('Ctrl Pts',(0.,1.85229576567367,0.29376175080465));
#7287=CARTESIAN_POINT('Ctrl Pts',(0.,1.88259487725194,0.283807911428702));
#7288=CARTESIAN_POINT('Ctrl Pts',(0.,1.91338945182012,0.27588068594663));
#7289=CARTESIAN_POINT('Ctrl Pts',(0.,1.94460845330921,0.269563651903258));
#7290=CARTESIAN_POINT('Ctrl Pts',(0.,1.97619993439109,0.26531590427294));
#7291=CARTESIAN_POINT('Ctrl Pts',(0.,2.00821094520168,0.262248148636032));
#7292=CARTESIAN_POINT('Ctrl Pts',(0.,2.02969789106868,0.26202484931841));
#7293=CARTESIAN_POINT('Ctrl Pts',(0.,2.04052266578864,0.261912354745038));
#7294=CARTESIAN_POINT('',(0.,2.56656433245531,0.736872290642474));
#7295=CARTESIAN_POINT('Ctrl Pts',(0.,2.04052266578864,0.261912354745038));
#7296=CARTESIAN_POINT('Ctrl Pts',(0.,2.06057180387258,0.262259916263678));
#7297=CARTESIAN_POINT('Ctrl Pts',(0.,2.09963653266475,0.262937122256645));
#7298=CARTESIAN_POINT('Ctrl Pts',(0.,2.15651981140238,0.269264622817002));
#7299=CARTESIAN_POINT('Ctrl Pts',(0.,2.2100395359426,0.279538859602493));
#7300=CARTESIAN_POINT('Ctrl Pts',(0.,2.26019153671942,0.294226790209863));
#7301=CARTESIAN_POINT('Ctrl Pts',(0.,2.30705440225749,0.312843784464658));
#7302=CARTESIAN_POINT('Ctrl Pts',(0.,2.35073424634793,0.33547629737741));
#7303=CARTESIAN_POINT('Ctrl Pts',(0.,2.3907366446022,0.36280509997323));
#7304=CARTESIAN_POINT('Ctrl Pts',(0.,2.42744239386267,0.393720939804581));
#7305=CARTESIAN_POINT('Ctrl Pts',(0.,2.45989296659807,0.428252512897589));
#7306=CARTESIAN_POINT('Ctrl Pts',(0.,2.48871372442389,0.465018823455522));
#7307=CARTESIAN_POINT('Ctrl Pts',(0.,2.51275364378574,0.504478967363659));
#7308=CARTESIAN_POINT('Ctrl Pts',(0.,2.5326026918576,0.546268363174373));
#7309=CARTESIAN_POINT('Ctrl Pts',(0.,2.54784221619676,0.590564556000972));
#7310=CARTESIAN_POINT('Ctrl Pts',(0.,2.55851126992135,0.637243175594865));
#7311=CARTESIAN_POINT('Ctrl Pts',(0.,2.5653938463708,0.686254299481328));
#7312=CARTESIAN_POINT('Ctrl Pts',(0.,2.56616850328244,0.719754549697973));
#7313=CARTESIAN_POINT('Ctrl Pts',(0.,2.56656433245531,0.736872290642474));
#7314=CARTESIAN_POINT('Ctrl Pts',(0.,2.56656433245531,0.736872290642474));
#7315=CARTESIAN_POINT('Ctrl Pts',(0.,2.56636718210136,0.748162617046758));
#7316=CARTESIAN_POINT('Ctrl Pts',(0.,2.56597567715653,0.77058316323211));
#7317=CARTESIAN_POINT('Ctrl Pts',(0.,2.56299684737349,0.803729939721006));
#7318=CARTESIAN_POINT('Ctrl Pts',(0.,2.55768015226343,0.836024960630497));
#7319=CARTESIAN_POINT('Ctrl Pts',(0.,2.55055518460596,0.867436423460413));
#7320=CARTESIAN_POINT('Ctrl Pts',(0.,2.54120753688782,0.898049830403854));
#7321=CARTESIAN_POINT('Ctrl Pts',(0.,2.53017292319526,0.927883463212861));
#7322=CARTESIAN_POINT('Ctrl Pts',(0.,2.51649948306752,0.956676161767698));
#7323=CARTESIAN_POINT('Ctrl Pts',(0.,2.50119070619395,0.984619476216296));
#7324=CARTESIAN_POINT('Ctrl Pts',(0.,2.48406717731922,1.01138355642798));
#7325=CARTESIAN_POINT('Ctrl Pts',(0.,2.46515084971921,1.0365363719954));
#7326=CARTESIAN_POINT('Ctrl Pts',(0.,2.4445847867423,1.06001767397663));
#7327=CARTESIAN_POINT('Ctrl Pts',(0.,2.42270703840882,1.08214287994856));
#7328=CARTESIAN_POINT('Ctrl Pts',(0.,2.39877926124695,1.1021737029324));
#7329=CARTESIAN_POINT('Ctrl Pts',(0.,2.37353033634328,1.12093766715664));
#7330=CARTESIAN_POINT('Ctrl Pts',(0.,2.34651255934443,1.13789557909071));
#7331=CARTESIAN_POINT('Ctrl Pts',(0.,2.31794729519064,1.15310760913671));
#7332=CARTESIAN_POINT('Ctrl Pts',(0.,2.2882757291613,1.1667087098366));
#7333=CARTESIAN_POINT('Ctrl Pts',(0.,2.25737488470246,1.1783334768324));
#7334=CARTESIAN_POINT('Ctrl Pts',(0.,2.22561543906544,1.18831545213557));
#7335=CARTESIAN_POINT('Ctrl Pts',(0.,2.19280941025997,1.19667120760659));
#7336=CARTESIAN_POINT('Ctrl Pts',(0.,2.15896801363858,1.20266668760107));
#7337=CARTESIAN_POINT('Ctrl Pts',(0.,2.12423706843573,1.20744095314267));
#7338=CARTESIAN_POINT('Ctrl Pts',(0.,2.08850306224043,1.20995378100093));
#7339=CARTESIAN_POINT('Ctrl Pts',(0.,2.06436410427252,1.21040289364836));
#7340=CARTESIAN_POINT('Ctrl Pts',(0.,2.05214125553223,1.21063030346299));
#7341=CARTESIAN_POINT('',(0.,2.29993772989121,4.2234508162835));
#7342=CARTESIAN_POINT('',(0.,1.55374381963479,4.2234508162835));
#7343=CARTESIAN_POINT('',(0.,2.29993772989121,4.2234508162835));
#7344=CARTESIAN_POINT('',(0.,1.55374381963479,4.08242517525786));
#7345=CARTESIAN_POINT('',(0.,1.55374381963479,4.2234508162835));
#7346=CARTESIAN_POINT('',(0.,2.55374381963479,4.08242517525786));
#7347=CARTESIAN_POINT('',(0.,1.55374381963479,4.08242517525786));
#7348=CARTESIAN_POINT('',(0.,2.55374381963479,4.23146363679632));
#7349=CARTESIAN_POINT('',(0.,2.55374381963479,4.08242517525786));
#7350=CARTESIAN_POINT('',(0.,1.80754990937838,4.71063030346299));
#7351=CARTESIAN_POINT('',(0.,2.55374381963479,4.23146363679632));
#7352=CARTESIAN_POINT('',(0.,2.55374381963479,4.71063030346299));
#7353=CARTESIAN_POINT('',(0.,1.80754990937838,4.71063030346299));
#7354=CARTESIAN_POINT('',(0.,2.55374381963479,4.85165594448863));
#7355=CARTESIAN_POINT('',(0.,2.55374381963479,4.71063030346299));
#7356=CARTESIAN_POINT('',(0.,1.55374381963479,4.85165594448863));
#7357=CARTESIAN_POINT('',(0.,2.55374381963479,4.85165594448863));
#7358=CARTESIAN_POINT('',(0.,1.55374381963479,4.70261748295017));
#7359=CARTESIAN_POINT('',(0.,1.55374381963479,4.85165594448863));
#7360=CARTESIAN_POINT('',(0.,1.55374381963479,4.70261748295017));
#7361=CARTESIAN_POINT('',(0.,2.06175664014762,5.17216876500145));
#7362=CARTESIAN_POINT('',(0.,1.6563079221989,5.48146363679632));
#7363=CARTESIAN_POINT('Ctrl Pts',(0.,2.06175664014762,5.17216876500145));
#7364=CARTESIAN_POINT('Ctrl Pts',(0.,2.04150214570286,5.17253774478428));
#7365=CARTESIAN_POINT('Ctrl Pts',(0.,2.002206592244,5.17325359897758));
#7366=CARTESIAN_POINT('Ctrl Pts',(0.,1.94526084445104,5.18031732036571));
#7367=CARTESIAN_POINT('Ctrl Pts',(0.,1.89214578987523,5.19108693226709));
#7368=CARTESIAN_POINT('Ctrl Pts',(0.,1.85070546417562,5.20408430224023));
#7369=CARTESIAN_POINT('Ctrl Pts',(0.,1.8201382996921,5.21712197022263));
#7370=CARTESIAN_POINT('Ctrl Pts',(0.,1.79873167357247,5.22766618100598));
#7371=CARTESIAN_POINT('Ctrl Pts',(0.,1.77892302025699,5.23970197696388));
#7372=CARTESIAN_POINT('Ctrl Pts',(0.,1.76059984399241,5.2529299839834));
#7373=CARTESIAN_POINT('Ctrl Pts',(0.,1.74381559294371,5.26752059267896));
#7374=CARTESIAN_POINT('Ctrl Pts',(0.,1.72848110798976,5.28327052633242));
#7375=CARTESIAN_POINT('Ctrl Pts',(0.,1.71444883528329,5.30018330304943));
#7376=CARTESIAN_POINT('Ctrl Pts',(0.,1.70237565101019,5.31845932353077));
#7377=CARTESIAN_POINT('Ctrl Pts',(0.,1.69165571613794,5.33739512077226));
#7378=CARTESIAN_POINT('Ctrl Pts',(0.,1.68212334533446,5.35675174026999));
#7379=CARTESIAN_POINT('Ctrl Pts',(0.,1.67406128800317,5.37654136916391));
#7380=CARTESIAN_POINT('Ctrl Pts',(0.,1.6677985181341,5.39684385024852));
#7381=CARTESIAN_POINT('Ctrl Pts',(0.,1.66238661427749,5.41737408237928));
#7382=CARTESIAN_POINT('Ctrl Pts',(0.,1.65885130467668,5.4383581849052));
#7383=CARTESIAN_POINT('Ctrl Pts',(0.,1.65685608732149,5.45979017397595));
#7384=CARTESIAN_POINT('Ctrl Pts',(0.,1.6564921089321,5.47418122470979));
#7385=CARTESIAN_POINT('Ctrl Pts',(0.,1.6563079221989,5.48146363679632));
#7386=CARTESIAN_POINT('',(0.,1.90670856322454,5.76191235474504));
#7387=CARTESIAN_POINT('Ctrl Pts',(0.,1.6563079221989,5.48146363679632));
#7388=CARTESIAN_POINT('Ctrl Pts',(0.,1.65649018155694,5.49015419846559));
#7389=CARTESIAN_POINT('Ctrl Pts',(0.,1.65685020823397,5.50732113064835));
#7390=CARTESIAN_POINT('Ctrl Pts',(0.,1.6600015419886,5.53249003301591));
#7391=CARTESIAN_POINT('Ctrl Pts',(0.,1.66464544447343,5.55675250792496));
#7392=CARTESIAN_POINT('Ctrl Pts',(0.,1.67181145494092,5.5798146188833));
#7393=CARTESIAN_POINT('Ctrl Pts',(0.,1.68058539516942,5.60198657735445));
#7394=CARTESIAN_POINT('Ctrl Pts',(0.,1.69140519794527,5.62308672211905));
#7395=CARTESIAN_POINT('Ctrl Pts',(0.,1.70441826273371,5.6430486964902));
#7396=CARTESIAN_POINT('Ctrl Pts',(0.,1.71919337547729,5.66210729716286));
#7397=CARTESIAN_POINT('Ctrl Pts',(0.,1.73600492891865,5.679911066701));
#7398=CARTESIAN_POINT('Ctrl Pts',(0.,1.75471748102203,5.69622726435657));
#7399=CARTESIAN_POINT('Ctrl Pts',(0.,1.77541633957228,5.71086473712433));
#7400=CARTESIAN_POINT('Ctrl Pts',(0.,1.79776931810593,5.724437357821));
#7401=CARTESIAN_POINT('Ctrl Pts',(0.,1.82244418265468,5.73584085372327));
#7402=CARTESIAN_POINT('Ctrl Pts',(0.,1.84870548412331,5.74640318351126));
#7403=CARTESIAN_POINT('Ctrl Pts',(0.,1.87698485033595,5.75520447969483));
#7404=CARTESIAN_POINT('Ctrl Pts',(0.,1.89665833050996,5.75964427654338));
#7405=CARTESIAN_POINT('Ctrl Pts',(0.,1.90670856322454,5.76191235474504));
#7406=CARTESIAN_POINT('',(0.,1.87385599912197,5.90293799577068));
#7407=CARTESIAN_POINT('',(0.,1.90670856322454,5.76191235474504));
#7408=CARTESIAN_POINT('',(0.,1.54092330681428,5.49468479064247));
#7409=CARTESIAN_POINT('Ctrl Pts',(0.,1.87385599912197,5.90293799577068));
#7410=CARTESIAN_POINT('Ctrl Pts',(0.,1.86063805755087,5.89940490979739));
#7411=CARTESIAN_POINT('Ctrl Pts',(0.,1.83478212330042,5.89249375512665));
#7412=CARTESIAN_POINT('Ctrl Pts',(0.,1.79777941930387,5.87882956283037));
#7413=CARTESIAN_POINT('Ctrl Pts',(0.,1.76305395996216,5.86349318272993));
#7414=CARTESIAN_POINT('Ctrl Pts',(0.,1.73069721829917,5.84611248479791));
#7415=CARTESIAN_POINT('Ctrl Pts',(0.,1.70089522548541,5.82649723889524));
#7416=CARTESIAN_POINT('Ctrl Pts',(0.,1.67326496842294,5.80516716979353));
#7417=CARTESIAN_POINT('Ctrl Pts',(0.,1.64838587974528,5.78127742348503));
#7418=CARTESIAN_POINT('Ctrl Pts',(0.,1.6256837630731,5.75570454330139));
#7419=CARTESIAN_POINT('Ctrl Pts',(0.,1.60566055674524,5.72824941645644));
#7420=CARTESIAN_POINT('Ctrl Pts',(0.,1.58837015075139,5.69924305771374));
#7421=CARTESIAN_POINT('Ctrl Pts',(0.,1.57365952504758,5.66882567757455));
#7422=CARTESIAN_POINT('Ctrl Pts',(0.,1.56156240973909,5.63687433847068));
#7423=CARTESIAN_POINT('Ctrl Pts',(0.,1.552458293292,5.60336832607023));
#7424=CARTESIAN_POINT('Ctrl Pts',(0.,1.54582267985588,5.56848016337623));
#7425=CARTESIAN_POINT('Ctrl Pts',(0.,1.54173552845249,5.53210811881186));
#7426=CARTESIAN_POINT('Ctrl Pts',(0.,1.54119744294972,5.50731568604956));
#7427=CARTESIAN_POINT('Ctrl Pts',(0.,1.54092330681428,5.49468479064247));
#7428=CARTESIAN_POINT('',(0.,2.06115567860915,5.03114312397581));
#7429=CARTESIAN_POINT('Ctrl Pts',(0.,1.54092330681428,5.49468479064247));
#7430=CARTESIAN_POINT('Ctrl Pts',(0.,1.54111158570939,5.48172524730678));
#7431=CARTESIAN_POINT('Ctrl Pts',(0.,1.541479938322,5.45637093638782));
#7432=CARTESIAN_POINT('Ctrl Pts',(0.,1.54447602060598,5.4192283326353));
#7433=CARTESIAN_POINT('Ctrl Pts',(0.,1.54967225906942,5.38390206924162));
#7434=CARTESIAN_POINT('Ctrl Pts',(0.,1.55689168874417,5.35045811719941));
#7435=CARTESIAN_POINT('Ctrl Pts',(0.,1.56581806473142,5.31878390814594));
#7436=CARTESIAN_POINT('Ctrl Pts',(0.,1.57704823670178,5.28901078639269));
#7437=CARTESIAN_POINT('Ctrl Pts',(0.,1.59050117481403,5.26119090058759));
#7438=CARTESIAN_POINT('Ctrl Pts',(0.,1.60580064224321,5.23509219591649));
#7439=CARTESIAN_POINT('Ctrl Pts',(0.,1.62318152619314,5.21082552247807));
#7440=CARTESIAN_POINT('Ctrl Pts',(0.,1.6421747638452,5.18783904764309));
#7441=CARTESIAN_POINT('Ctrl Pts',(0.,1.66330321804877,5.16669080659173));
#7442=CARTESIAN_POINT('Ctrl Pts',(0.,1.68606802640613,5.1468520133093));
#7443=CARTESIAN_POINT('Ctrl Pts',(0.,1.7107694883665,5.12875476392956));
#7444=CARTESIAN_POINT('Ctrl Pts',(0.,1.73707202419403,5.11173325669146));
#7445=CARTESIAN_POINT('Ctrl Pts',(0.,1.76543908346289,5.09661830155649));
#7446=CARTESIAN_POINT('Ctrl Pts',(0.,1.79534474017083,5.08284974996556));
#7447=CARTESIAN_POINT('Ctrl Pts',(0.,1.82649945383283,5.07076479794441));
#7448=CARTESIAN_POINT('Ctrl Pts',(0.,1.85828783279732,5.06007384249158));
#7449=CARTESIAN_POINT('Ctrl Pts',(0.,1.8907732188391,5.05133340194849));
#7450=CARTESIAN_POINT('Ctrl Pts',(0.,1.923682253083,5.04380844666634));
#7451=CARTESIAN_POINT('Ctrl Pts',(0.,1.95729184242877,5.0383419312718));
#7452=CARTESIAN_POINT('Ctrl Pts',(0.,1.99134981210189,5.03400168729631));
#7453=CARTESIAN_POINT('Ctrl Pts',(0.,2.02606496692026,5.03161533389815));
#7454=CARTESIAN_POINT('Ctrl Pts',(0.,2.04940024055288,5.03130131496779));
#7455=CARTESIAN_POINT('Ctrl Pts',(0.,2.06115567860915,5.03114312397581));
#7456=CARTESIAN_POINT('',(0.,2.56656433245531,5.49188030346299));
#7457=CARTESIAN_POINT('Ctrl Pts',(0.,2.06115567860915,5.03114312397581));
#7458=CARTESIAN_POINT('Ctrl Pts',(0.,2.07384614802367,5.03136937041913));
#7459=CARTESIAN_POINT('Ctrl Pts',(0.,2.09891931034079,5.03181637624782));
#7460=CARTESIAN_POINT('Ctrl Pts',(0.,2.13591548914405,5.03433971690088));
#7461=CARTESIAN_POINT('Ctrl Pts',(0.,2.17162132760089,5.03897417904324));
#7462=CARTESIAN_POINT('Ctrl Pts',(0.,2.20606031224666,5.04541009894906));
#7463=CARTESIAN_POINT('Ctrl Pts',(0.,2.23926033371086,5.05355411235988));
#7464=CARTESIAN_POINT('Ctrl Pts',(0.,2.27123756690113,5.06360698400998));
#7465=CARTESIAN_POINT('Ctrl Pts',(0.,2.30195109728985,5.07544154549678));
#7466=CARTESIAN_POINT('Ctrl Pts',(0.,2.33143479269875,5.08902171725325));
#7467=CARTESIAN_POINT('Ctrl Pts',(0.,2.35935953733773,5.10443772352832));
#7468=CARTESIAN_POINT('Ctrl Pts',(0.,2.38576502849328,5.12122945960941));
#7469=CARTESIAN_POINT('Ctrl Pts',(0.,2.41021769974665,5.13979747288427));
#7470=CARTESIAN_POINT('Ctrl Pts',(0.,2.43318472611626,5.15959124937876));
#7471=CARTESIAN_POINT('Ctrl Pts',(0.,2.45428368083549,5.18110515192589));
#7472=CARTESIAN_POINT('Ctrl Pts',(0.,2.47356235797749,5.20427348652351));
#7473=CARTESIAN_POINT('Ctrl Pts',(0.,2.49119660351047,5.22889636664341));
#7474=CARTESIAN_POINT('Ctrl Pts',(0.,2.50702270820686,5.25497019827399));
#7475=CARTESIAN_POINT('Ctrl Pts',(0.,2.52090928703898,5.28215416607346));
#7476=CARTESIAN_POINT('Ctrl Pts',(0.,2.53327818380789,5.31004450063238));
#7477=CARTESIAN_POINT('Ctrl Pts',(0.,2.54341617604838,5.33875213366855));
#7478=CARTESIAN_POINT('Ctrl Pts',(0.,2.55184550905638,5.36804946295852));
#7479=CARTESIAN_POINT('Ctrl Pts',(0.,2.55855604117855,5.39799956299371));
#7480=CARTESIAN_POINT('Ctrl Pts',(0.,2.56304339493744,5.42867241543282));
#7481=CARTESIAN_POINT('Ctrl Pts',(0.,2.56596770232027,5.46003967806293));
#7482=CARTESIAN_POINT('Ctrl Pts',(0.,2.56636401618885,5.48118993630345));
#7483=CARTESIAN_POINT('Ctrl Pts',(0.,2.56656433245531,5.49188030346299));
#7484=CARTESIAN_POINT('',(0.,2.27589926835274,5.87729697012965));
#7485=CARTESIAN_POINT('Ctrl Pts',(0.,2.56656433245531,5.49188030346299));
#7486=CARTESIAN_POINT('Ctrl Pts',(0.,2.5663388720023,5.5038413841468));
#7487=CARTESIAN_POINT('Ctrl Pts',(0.,2.56589570715803,5.52735207255321));
#7488=CARTESIAN_POINT('Ctrl Pts',(0.,2.56225058889568,5.56184981899652));
#7489=CARTESIAN_POINT('Ctrl Pts',(0.,2.55614541510071,5.59488965292415));
#7490=CARTESIAN_POINT('Ctrl Pts',(0.,2.54813600443875,5.62661474188195));
#7491=CARTESIAN_POINT('Ctrl Pts',(0.,2.53716945397432,5.65669524605022));
#7492=CARTESIAN_POINT('Ctrl Pts',(0.,2.52413148587877,5.68545774123012));
#7493=CARTESIAN_POINT('Ctrl Pts',(0.,2.50846794654278,5.71261609755229));
#7494=CARTESIAN_POINT('Ctrl Pts',(0.,2.4906092983551,5.73838163020114));
#7495=CARTESIAN_POINT('Ctrl Pts',(0.,2.47052260579382,5.76233491586532));
#7496=CARTESIAN_POINT('Ctrl Pts',(0.,2.44868773444881,5.78481115532466));
#7497=CARTESIAN_POINT('Ctrl Pts',(0.,2.42455897181704,5.80489388560684));
#7498=CARTESIAN_POINT('Ctrl Pts',(0.,2.39872027694875,5.82337850491753));
#7499=CARTESIAN_POINT('Ctrl Pts',(0.,2.37081335532284,5.83968342549318));
#7500=CARTESIAN_POINT('Ctrl Pts',(0.,2.34108152533074,5.8544084888698));
#7501=CARTESIAN_POINT('Ctrl Pts',(0.,2.30930376481051,5.86707161480553));
#7502=CARTESIAN_POINT('Ctrl Pts',(0.,2.28716967563742,5.87384701783718));
#7503=CARTESIAN_POINT('Ctrl Pts',(0.,2.27589926835274,5.87729697012965));
#7504=CARTESIAN_POINT('',(0.,2.24565087091685,5.73627132910401));
#7505=CARTESIAN_POINT('',(0.,2.27589926835274,5.87729697012965));
#7506=CARTESIAN_POINT('',(0.,2.45117971707069,5.48506940602709));
#7507=CARTESIAN_POINT('Ctrl Pts',(0.,2.24565087091685,5.73627132910401));
#7508=CARTESIAN_POINT('Ctrl Pts',(0.,2.25430032983942,5.73350180564623));
#7509=CARTESIAN_POINT('Ctrl Pts',(0.,2.27122999723942,5.72808099130206));
#7510=CARTESIAN_POINT('Ctrl Pts',(0.,2.29535778200294,5.71845580517162));
#7511=CARTESIAN_POINT('Ctrl Pts',(0.,2.31775624924299,5.70806092507095));
#7512=CARTESIAN_POINT('Ctrl Pts',(0.,2.33827314425034,5.69664873641305));
#7513=CARTESIAN_POINT('Ctrl Pts',(0.,2.35691338142875,5.68419450659712));
#7514=CARTESIAN_POINT('Ctrl Pts',(0.,2.37390350515199,5.67098502345051));
#7515=CARTESIAN_POINT('Ctrl Pts',(0.,2.3889263921599,5.65670380099412));
#7516=CARTESIAN_POINT('Ctrl Pts',(0.,2.40232843287069,5.64164133122714));
#7517=CARTESIAN_POINT('Ctrl Pts',(0.,2.4137456890303,5.6254086569587));
#7518=CARTESIAN_POINT('Ctrl Pts',(0.,2.42386325689595,5.60838634256617));
#7519=CARTESIAN_POINT('Ctrl Pts',(0.,2.43223400146031,5.59021547275419));
#7520=CARTESIAN_POINT('Ctrl Pts',(0.,2.43931392212201,5.57115744886904));
#7521=CARTESIAN_POINT('Ctrl Pts',(0.,2.44470250462531,5.55103413758436));
#7522=CARTESIAN_POINT('Ctrl Pts',(0.,2.44849358498369,5.52992748370585));
#7523=CARTESIAN_POINT('Ctrl Pts',(0.,2.45068767656019,5.50781894242892));
#7524=CARTESIAN_POINT('Ctrl Pts',(0.,2.45101352711459,5.49275321330567));
#7525=CARTESIAN_POINT('Ctrl Pts',(0.,2.45117971707069,5.48506940602709));
#7526=CARTESIAN_POINT('Ctrl Pts',(0.,2.45117971707069,5.48506940602709));
#7527=CARTESIAN_POINT('Ctrl Pts',(0.,2.451051722767,5.47624769233061));
#7528=CARTESIAN_POINT('Ctrl Pts',(0.,2.45079999574375,5.45889798484605));
#7529=CARTESIAN_POINT('Ctrl Pts',(0.,2.44804487139995,5.4334091774094));
#7530=CARTESIAN_POINT('Ctrl Pts',(0.,2.44398684208851,5.40893105687357));
#7531=CARTESIAN_POINT('Ctrl Pts',(0.,2.43790147828784,5.38564605783371));
#7532=CARTESIAN_POINT('Ctrl Pts',(0.,2.43031461209268,5.36342676311223));
#7533=CARTESIAN_POINT('Ctrl Pts',(0.,2.42086762127943,5.34240502590531));
#7534=CARTESIAN_POINT('Ctrl Pts',(0.,2.40979463991625,5.32240202594512));
#7535=CARTESIAN_POINT('Ctrl Pts',(0.,2.39702917340292,5.30364100690201));
#7536=CARTESIAN_POINT('Ctrl Pts',(0.,2.38267833230457,5.28627963817709));
#7537=CARTESIAN_POINT('Ctrl Pts',(0.,2.36750724788243,5.26984678247368));
#7538=CARTESIAN_POINT('Ctrl Pts',(0.,2.35080837540587,5.25513139918117));
#7539=CARTESIAN_POINT('Ctrl Pts',(0.,2.33313234284081,5.24157234666712));
#7540=CARTESIAN_POINT('Ctrl Pts',(0.,2.3141668018912,5.22956446407258));
#7541=CARTESIAN_POINT('Ctrl Pts',(0.,2.29417008618412,5.21875535821689));
#7542=CARTESIAN_POINT('Ctrl Pts',(0.,2.27297830693986,5.2092139289082));
#7543=CARTESIAN_POINT('Ctrl Pts',(0.,2.2431524827642,5.19881312305729));
#7544=CARTESIAN_POINT('Ctrl Pts',(0.,2.20473751101102,5.18820810746866));
#7545=CARTESIAN_POINT('Ctrl Pts',(0.,2.15773003657267,5.17900824336747));
#7546=CARTESIAN_POINT('Ctrl Pts',(0.,2.10998196258694,5.17314814683532));
#7547=CARTESIAN_POINT('Ctrl Pts',(0.,2.07786573780335,5.17249591590073));
#7548=CARTESIAN_POINT('Ctrl Pts',(0.,2.06175664014762,5.17216876500145));
#7549=CARTESIAN_POINT('',(0.,4.73419588379326,-3.11838543007988));
#7550=CARTESIAN_POINT('',(0.,4.73419588379326,-3.03585337879783));
#7551=CARTESIAN_POINT('',(0.,4.73419588379326,-3.11838543007988));
#7552=CARTESIAN_POINT('',(0.,3.73419588379326,-3.03585337879783));
#7553=CARTESIAN_POINT('',(0.,4.73419588379326,-3.03585337879783));
#7554=CARTESIAN_POINT('',(0.,3.73419588379326,-3.16405850700296));
#7555=CARTESIAN_POINT('',(0.,3.73419588379326,-3.03585337879783));
#7556=CARTESIAN_POINT('',(0.,4.51344267866505,-3.16405850700296));
#7557=CARTESIAN_POINT('',(0.,3.73419588379326,-3.16405850700296));
#7558=CARTESIAN_POINT('',(0.,4.36600678122915,-3.39482773777219));
#7559=CARTESIAN_POINT('Ctrl Pts',(0.,4.51344267866505,-3.16405850700296));
#7560=CARTESIAN_POINT('Ctrl Pts',(0.,4.50632358749365,-3.17144056962793));
#7561=CARTESIAN_POINT('Ctrl Pts',(0.,4.49152733667236,-3.18678337779653));
#7562=CARTESIAN_POINT('Ctrl Pts',(0.,4.47058694699664,-3.21271877416911));
#7563=CARTESIAN_POINT('Ctrl Pts',(0.,4.44936297442962,-3.24166599103072));
#7564=CARTESIAN_POINT('Ctrl Pts',(0.,4.42895375207274,-3.27324913035116));
#7565=CARTESIAN_POINT('Ctrl Pts',(0.,4.40974067017968,-3.30544279803485));
#7566=CARTESIAN_POINT('Ctrl Pts',(0.,4.39246145685688,-3.33655383303015));
#7567=CARTESIAN_POINT('Ctrl Pts',(0.,4.37783904995848,-3.36606282335739));
#7568=CARTESIAN_POINT('Ctrl Pts',(0.,4.36984346001802,-3.3855005546661));
#7569=CARTESIAN_POINT('Ctrl Pts',(0.,4.36600678122915,-3.39482773777219));
#7570=CARTESIAN_POINT('',(0.,4.48419588379326,-3.39482773777219));
#7571=CARTESIAN_POINT('',(0.,4.36600678122915,-3.39482773777219));
#7572=CARTESIAN_POINT('Ctrl Pts',(0.,4.48419588379326,-3.39482773777219));
#7573=CARTESIAN_POINT('Ctrl Pts',(0.,4.49244642231587,-3.37880733690023));
#7574=CARTESIAN_POINT('Ctrl Pts',(0.,4.50870774520124,-3.34723207540451));
#7575=CARTESIAN_POINT('Ctrl Pts',(0.,4.53679328527019,-3.30262305871558));
#7576=CARTESIAN_POINT('Ctrl Pts',(0.,4.56723916686727,-3.26097574298681));
#7577=CARTESIAN_POINT('Ctrl Pts',(0.,4.60003864926619,-3.22297955617641));
#7578=CARTESIAN_POINT('Ctrl Pts',(0.,4.63356560818119,-3.18891839586792));
#7579=CARTESIAN_POINT('Ctrl Pts',(0.,4.66739562664776,-3.16021456144783));
#7580=CARTESIAN_POINT('Ctrl Pts',(0.,4.70028864232544,-3.13619701934434));
#7581=CARTESIAN_POINT('Ctrl Pts',(0.,4.72322787294702,-3.12414696348055));
#7582=CARTESIAN_POINT('Ctrl Pts',(0.,4.73419588379326,-3.11838543007988));
#7583=CARTESIAN_POINT('',(0.,4.04188819148556,1.07792867248422));
#7584=CARTESIAN_POINT('',(0.,3.73419588379326,0.96414662120217));
#7585=CARTESIAN_POINT('',(0.,4.04188819148556,1.07792867248422));
#7586=CARTESIAN_POINT('',(0.,3.73419588379326,0.814507198125246));
#7587=CARTESIAN_POINT('',(0.,3.73419588379326,0.96414662120217));
#7588=CARTESIAN_POINT('',(0.,4.73419588379326,1.2115424545355));
#7589=CARTESIAN_POINT('',(0.,3.73419588379326,0.814507198125246));
#7590=CARTESIAN_POINT('',(0.,4.73419588379326,1.37059694171499));
#7591=CARTESIAN_POINT('',(0.,4.73419588379326,1.2115424545355));
#7592=CARTESIAN_POINT('',(0.,3.73419588379326,1.76763219812525));
#7593=CARTESIAN_POINT('',(0.,4.73419588379326,1.37059694171499));
#7594=CARTESIAN_POINT('',(0.,3.73419588379326,1.61799277504832));
#7595=CARTESIAN_POINT('',(0.,3.73419588379326,1.76763219812525));
#7596=CARTESIAN_POINT('',(0.,4.04188819148556,1.50421072376627));
#7597=CARTESIAN_POINT('',(0.,3.73419588379326,1.61799277504832));
#7598=CARTESIAN_POINT('',(0.,4.04188819148556,1.50421072376627));
#7599=CARTESIAN_POINT('',(0.,4.73419588379326,2.70673476222781));
#7600=CARTESIAN_POINT('',(0.,3.73419588379326,2.3032892494073));
#7601=CARTESIAN_POINT('',(0.,4.73419588379326,2.70673476222781));
#7602=CARTESIAN_POINT('',(0.,3.73419588379326,2.15044469812525));
#7603=CARTESIAN_POINT('',(0.,3.73419588379326,2.3032892494073));
#7604=CARTESIAN_POINT('',(0.,4.73419588379326,1.74719950581755));
#7605=CARTESIAN_POINT('',(0.,3.73419588379326,2.15044469812525));
#7606=CARTESIAN_POINT('',(0.,4.73419588379326,1.90004405709961));
#7607=CARTESIAN_POINT('',(0.,4.73419588379326,1.74719950581755));
#7608=CARTESIAN_POINT('',(0.,4.01744908892146,2.17207931350986));
#7609=CARTESIAN_POINT('',(0.,4.73419588379326,1.90004405709961));
#7610=CARTESIAN_POINT('',(0.,3.85599075558813,2.22696713402268));
#7611=CARTESIAN_POINT('Ctrl Pts',(0.,4.01744908892146,2.17207931350986));
#7612=CARTESIAN_POINT('Ctrl Pts',(0.,4.00331095080297,2.17740277383145));
#7613=CARTESIAN_POINT('Ctrl Pts',(0.,3.97565383681717,2.18781656012207));
#7614=CARTESIAN_POINT('Ctrl Pts',(0.,3.93461257585057,2.20233859338653));
#7615=CARTESIAN_POINT('Ctrl Pts',(0.,3.89492358456606,2.21532041687159));
#7616=CARTESIAN_POINT('Ctrl Pts',(0.,3.86876078010863,2.22314699386058));
#7617=CARTESIAN_POINT('Ctrl Pts',(0.,3.85599075558813,2.22696713402268));
#7618=CARTESIAN_POINT('',(0.,4.01744908892146,2.28125399299704));
#7619=CARTESIAN_POINT('Ctrl Pts',(0.,3.85599075558813,2.22696713402268));
#7620=CARTESIAN_POINT('Ctrl Pts',(0.,3.88299489265439,2.23509964958797));
#7621=CARTESIAN_POINT('Ctrl Pts',(0.,3.93739034074223,2.25148128130498));
#7622=CARTESIAN_POINT('Ctrl Pts',(0.,3.9906365083124,2.27128277498091));
#7623=CARTESIAN_POINT('Ctrl Pts',(0.,4.01744908892146,2.28125399299704));
#7624=CARTESIAN_POINT('',(0.,4.73419588379326,2.55389021094576));
#7625=CARTESIAN_POINT('',(0.,4.01744908892146,2.28125399299704));
#7626=CARTESIAN_POINT('',(0.,4.73419588379326,2.55389021094576));
#7627=CARTESIAN_POINT('',(0.,4.24220870430608,4.1949158519714));
#7628=CARTESIAN_POINT('',(0.,3.83675998635736,4.50421072376627));
#7629=CARTESIAN_POINT('Ctrl Pts',(0.,4.24220870430608,4.1949158519714));
#7630=CARTESIAN_POINT('Ctrl Pts',(0.,4.22195420986132,4.19528483175423));
#7631=CARTESIAN_POINT('Ctrl Pts',(0.,4.18265865640247,4.19600068594753));
#7632=CARTESIAN_POINT('Ctrl Pts',(0.,4.1257129086095,4.20306440733566));
#7633=CARTESIAN_POINT('Ctrl Pts',(0.,4.07259785403369,4.21383401923705));
#7634=CARTESIAN_POINT('Ctrl Pts',(0.,4.03115752833408,4.22683138921018));
#7635=CARTESIAN_POINT('Ctrl Pts',(0.,4.00059036385056,4.23986905719258));
#7636=CARTESIAN_POINT('Ctrl Pts',(0.,3.97918373773093,4.25041326797593));
#7637=CARTESIAN_POINT('Ctrl Pts',(0.,3.95937508441545,4.26244906393383));
#7638=CARTESIAN_POINT('Ctrl Pts',(0.,3.94105190815087,4.27567707095335));
#7639=CARTESIAN_POINT('Ctrl Pts',(0.,3.92426765710217,4.29026767964891));
#7640=CARTESIAN_POINT('Ctrl Pts',(0.,3.90893317214822,4.30601761330237));
#7641=CARTESIAN_POINT('Ctrl Pts',(0.,3.89490089944175,4.32293039001938));
#7642=CARTESIAN_POINT('Ctrl Pts',(0.,3.88282771516866,4.34120641050072));
#7643=CARTESIAN_POINT('Ctrl Pts',(0.,3.8721077802964,4.36014220774221));
#7644=CARTESIAN_POINT('Ctrl Pts',(0.,3.86257540949292,4.37949882723994));
#7645=CARTESIAN_POINT('Ctrl Pts',(0.,3.85451335216163,4.39928845613387));
#7646=CARTESIAN_POINT('Ctrl Pts',(0.,3.84825058229256,4.41959093721847));
#7647=CARTESIAN_POINT('Ctrl Pts',(0.,3.84283867843595,4.44012116934923));
#7648=CARTESIAN_POINT('Ctrl Pts',(0.,3.83930336883514,4.46110527187515));
#7649=CARTESIAN_POINT('Ctrl Pts',(0.,3.83730815147995,4.4825372609459));
#7650=CARTESIAN_POINT('Ctrl Pts',(0.,3.83694417309057,4.49692831167975));
#7651=CARTESIAN_POINT('Ctrl Pts',(0.,3.83675998635736,4.50421072376627));
#7652=CARTESIAN_POINT('',(0.,4.087160627383,4.78465944171499));
#7653=CARTESIAN_POINT('Ctrl Pts',(0.,3.83675998635736,4.50421072376627));
#7654=CARTESIAN_POINT('Ctrl Pts',(0.,3.83694224571541,4.51290128543554));
#7655=CARTESIAN_POINT('Ctrl Pts',(0.,3.83730227239243,4.53006821761831));
#7656=CARTESIAN_POINT('Ctrl Pts',(0.,3.84045360614707,4.55523711998586));
#7657=CARTESIAN_POINT('Ctrl Pts',(0.,3.8450975086319,4.57949959489491));
#7658=CARTESIAN_POINT('Ctrl Pts',(0.,3.85226351909939,4.60256170585325));
#7659=CARTESIAN_POINT('Ctrl Pts',(0.,3.86103745932788,4.6247336643244));
#7660=CARTESIAN_POINT('Ctrl Pts',(0.,3.87185726210373,4.64583380908901));
#7661=CARTESIAN_POINT('Ctrl Pts',(0.,3.88487032689217,4.66579578346015));
#7662=CARTESIAN_POINT('Ctrl Pts',(0.,3.89964543963575,4.68485438413281));
#7663=CARTESIAN_POINT('Ctrl Pts',(0.,3.91645699307712,4.70265815367096));
#7664=CARTESIAN_POINT('Ctrl Pts',(0.,3.93516954518049,4.71897435132652));
#7665=CARTESIAN_POINT('Ctrl Pts',(0.,3.95586840373074,4.73361182409428));
#7666=CARTESIAN_POINT('Ctrl Pts',(0.,3.9782213822644,4.74718444479095));
#7667=CARTESIAN_POINT('Ctrl Pts',(0.,4.00289624681315,4.75858794069322));
#7668=CARTESIAN_POINT('Ctrl Pts',(0.,4.02915754828177,4.76915027048121));
#7669=CARTESIAN_POINT('Ctrl Pts',(0.,4.05743691449442,4.77795156666478));
#7670=CARTESIAN_POINT('Ctrl Pts',(0.,4.07711039466843,4.78239136351333));
#7671=CARTESIAN_POINT('Ctrl Pts',(0.,4.087160627383,4.78465944171499));
#7672=CARTESIAN_POINT('',(0.,4.05430806328044,4.92568508274063));
#7673=CARTESIAN_POINT('',(0.,4.087160627383,4.78465944171499));
#7674=CARTESIAN_POINT('',(0.,3.72137537097274,4.51743187761243));
#7675=CARTESIAN_POINT('Ctrl Pts',(0.,4.05430806328044,4.92568508274063));
#7676=CARTESIAN_POINT('Ctrl Pts',(0.,4.04109012170933,4.92215199676734));
#7677=CARTESIAN_POINT('Ctrl Pts',(0.,4.01523418745888,4.9152408420966));
#7678=CARTESIAN_POINT('Ctrl Pts',(0.,3.97823148346233,4.90157664980033));
#7679=CARTESIAN_POINT('Ctrl Pts',(0.,3.94350602412062,4.88624026969988));
#7680=CARTESIAN_POINT('Ctrl Pts',(0.,3.91114928245763,4.86885957176786));
#7681=CARTESIAN_POINT('Ctrl Pts',(0.,3.88134728964387,4.84924432586519));
#7682=CARTESIAN_POINT('Ctrl Pts',(0.,3.8537170325814,4.82791425676348));
#7683=CARTESIAN_POINT('Ctrl Pts',(0.,3.82883794390374,4.80402451045498));
#7684=CARTESIAN_POINT('Ctrl Pts',(0.,3.80613582723156,4.77845163027134));
#7685=CARTESIAN_POINT('Ctrl Pts',(0.,3.7861126209037,4.75099650342639));
#7686=CARTESIAN_POINT('Ctrl Pts',(0.,3.76882221490985,4.72199014468369));
#7687=CARTESIAN_POINT('Ctrl Pts',(0.,3.75411158920604,4.6915727645445));
#7688=CARTESIAN_POINT('Ctrl Pts',(0.,3.74201447389755,4.65962142544063));
#7689=CARTESIAN_POINT('Ctrl Pts',(0.,3.73291035745046,4.62611541304019));
#7690=CARTESIAN_POINT('Ctrl Pts',(0.,3.72627474401434,4.59122725034618));
#7691=CARTESIAN_POINT('Ctrl Pts',(0.,3.72218759261095,4.55485520578181));
#7692=CARTESIAN_POINT('Ctrl Pts',(0.,3.72164950710818,4.53006277301951));
#7693=CARTESIAN_POINT('Ctrl Pts',(0.,3.72137537097274,4.51743187761243));
#7694=CARTESIAN_POINT('',(0.,4.24160774276762,4.05389021094576));
#7695=CARTESIAN_POINT('Ctrl Pts',(0.,3.72137537097274,4.51743187761243));
#7696=CARTESIAN_POINT('Ctrl Pts',(0.,3.72156364986785,4.50447233427673));
#7697=CARTESIAN_POINT('Ctrl Pts',(0.,3.72193200248046,4.47911802335777));
#7698=CARTESIAN_POINT('Ctrl Pts',(0.,3.72492808476445,4.44197541960525));
#7699=CARTESIAN_POINT('Ctrl Pts',(0.,3.73012432322788,4.40664915621157));
#7700=CARTESIAN_POINT('Ctrl Pts',(0.,3.73734375290263,4.37320520416937));
#7701=CARTESIAN_POINT('Ctrl Pts',(0.,3.74627012888988,4.3415309951159));
#7702=CARTESIAN_POINT('Ctrl Pts',(0.,3.75750030086024,4.31175787336264));
#7703=CARTESIAN_POINT('Ctrl Pts',(0.,3.7709532389725,4.28393798755754));
#7704=CARTESIAN_POINT('Ctrl Pts',(0.,3.78625270640167,4.25783928288644));
#7705=CARTESIAN_POINT('Ctrl Pts',(0.,3.8036335903516,4.23357260944803));
#7706=CARTESIAN_POINT('Ctrl Pts',(0.,3.82262682800367,4.21058613461303));
#7707=CARTESIAN_POINT('Ctrl Pts',(0.,3.84375528220723,4.18943789356168));
#7708=CARTESIAN_POINT('Ctrl Pts',(0.,3.86652009056459,4.16959910027926));
#7709=CARTESIAN_POINT('Ctrl Pts',(0.,3.89122155252496,4.15150185089951));
#7710=CARTESIAN_POINT('Ctrl Pts',(0.,3.91752408835249,4.13448034366141));
#7711=CARTESIAN_POINT('Ctrl Pts',(0.,3.94589114762135,4.11936538852644));
#7712=CARTESIAN_POINT('Ctrl Pts',(0.,3.97579680432929,4.10559683693551));
#7713=CARTESIAN_POINT('Ctrl Pts',(0.,4.00695151799129,4.09351188491436));
#7714=CARTESIAN_POINT('Ctrl Pts',(0.,4.03873989695579,4.08282092946153));
#7715=CARTESIAN_POINT('Ctrl Pts',(0.,4.07122528299756,4.07408048891844));
#7716=CARTESIAN_POINT('Ctrl Pts',(0.,4.10413431724146,4.06655553363629));
#7717=CARTESIAN_POINT('Ctrl Pts',(0.,4.13774390658723,4.06108901824175));
#7718=CARTESIAN_POINT('Ctrl Pts',(0.,4.17180187626035,4.05674877426626));
#7719=CARTESIAN_POINT('Ctrl Pts',(0.,4.20651703107872,4.0543624208681));
#7720=CARTESIAN_POINT('Ctrl Pts',(0.,4.22985230471134,4.05404840193775));
#7721=CARTESIAN_POINT('Ctrl Pts',(0.,4.24160774276762,4.05389021094576));
#7722=CARTESIAN_POINT('',(0.,4.74701639661377,4.51462739043294));
#7723=CARTESIAN_POINT('Ctrl Pts',(0.,4.24160774276762,4.05389021094576));
#7724=CARTESIAN_POINT('Ctrl Pts',(0.,4.25429821218213,4.05411645738908));
#7725=CARTESIAN_POINT('Ctrl Pts',(0.,4.27937137449925,4.05456346321777));
#7726=CARTESIAN_POINT('Ctrl Pts',(0.,4.31636755330251,4.05708680387083));
#7727=CARTESIAN_POINT('Ctrl Pts',(0.,4.35207339175935,4.06172126601319));
#7728=CARTESIAN_POINT('Ctrl Pts',(0.,4.38651237640512,4.06815718591901));
#7729=CARTESIAN_POINT('Ctrl Pts',(0.,4.41971239786932,4.07630119932984));
#7730=CARTESIAN_POINT('Ctrl Pts',(0.,4.45168963105959,4.08635407097994));
#7731=CARTESIAN_POINT('Ctrl Pts',(0.,4.48240316144831,4.09818863246673));
#7732=CARTESIAN_POINT('Ctrl Pts',(0.,4.51188685685722,4.11176880422321));
#7733=CARTESIAN_POINT('Ctrl Pts',(0.,4.53981160149619,4.12718481049827));
#7734=CARTESIAN_POINT('Ctrl Pts',(0.,4.56621709265175,4.14397654657936));
#7735=CARTESIAN_POINT('Ctrl Pts',(0.,4.59066976390511,4.16254455985422));
#7736=CARTESIAN_POINT('Ctrl Pts',(0.,4.61363679027472,4.18233833634872));
#7737=CARTESIAN_POINT('Ctrl Pts',(0.,4.63473574499395,4.20385223889584));
#7738=CARTESIAN_POINT('Ctrl Pts',(0.,4.65401442213595,4.22702057349346));
#7739=CARTESIAN_POINT('Ctrl Pts',(0.,4.67164866766893,4.25164345361336));
#7740=CARTESIAN_POINT('Ctrl Pts',(0.,4.68747477236532,4.27771728524394));
#7741=CARTESIAN_POINT('Ctrl Pts',(0.,4.70136135119744,4.30490125304341));
#7742=CARTESIAN_POINT('Ctrl Pts',(0.,4.71373024796635,4.33279158760233));
#7743=CARTESIAN_POINT('Ctrl Pts',(0.,4.72386824020684,4.3614992206385));
#7744=CARTESIAN_POINT('Ctrl Pts',(0.,4.73229757321484,4.39079654992847));
#7745=CARTESIAN_POINT('Ctrl Pts',(0.,4.73900810533702,4.42074664996367));
#7746=CARTESIAN_POINT('Ctrl Pts',(0.,4.7434954590959,4.45141950240277));
#7747=CARTESIAN_POINT('Ctrl Pts',(0.,4.74641976647874,4.48278676503288));
#7748=CARTESIAN_POINT('Ctrl Pts',(0.,4.74681608034731,4.5039370232734));
#7749=CARTESIAN_POINT('Ctrl Pts',(0.,4.74701639661377,4.51462739043294));
#7750=CARTESIAN_POINT('',(0.,4.45635133251121,4.90004405709961));
#7751=CARTESIAN_POINT('Ctrl Pts',(0.,4.74701639661377,4.51462739043294));
#7752=CARTESIAN_POINT('Ctrl Pts',(0.,4.74679093616076,4.52658847111675));
#7753=CARTESIAN_POINT('Ctrl Pts',(0.,4.74634777131649,4.55009915952317));
#7754=CARTESIAN_POINT('Ctrl Pts',(0.,4.74270265305414,4.58459690596647));
#7755=CARTESIAN_POINT('Ctrl Pts',(0.,4.73659747925918,4.6176367398941));
#7756=CARTESIAN_POINT('Ctrl Pts',(0.,4.72858806859721,4.6493618288519));
#7757=CARTESIAN_POINT('Ctrl Pts',(0.,4.71762151813278,4.67944233302017));
#7758=CARTESIAN_POINT('Ctrl Pts',(0.,4.70458355003723,4.70820482820007));
#7759=CARTESIAN_POINT('Ctrl Pts',(0.,4.68892001070124,4.73536318452224));
#7760=CARTESIAN_POINT('Ctrl Pts',(0.,4.67106136251357,4.76112871717109));
#7761=CARTESIAN_POINT('Ctrl Pts',(0.,4.65097466995228,4.78508200283528));
#7762=CARTESIAN_POINT('Ctrl Pts',(0.,4.62913979860727,4.80755824229461));
#7763=CARTESIAN_POINT('Ctrl Pts',(0.,4.60501103597551,4.82764097257679));
#7764=CARTESIAN_POINT('Ctrl Pts',(0.,4.57917234110721,4.84612559188749));
#7765=CARTESIAN_POINT('Ctrl Pts',(0.,4.5512654194813,4.86243051246313));
#7766=CARTESIAN_POINT('Ctrl Pts',(0.,4.52153358948921,4.87715557583976));
#7767=CARTESIAN_POINT('Ctrl Pts',(0.,4.48975582896897,4.88981870177548));
#7768=CARTESIAN_POINT('Ctrl Pts',(0.,4.46762173979589,4.89659410480713));
#7769=CARTESIAN_POINT('Ctrl Pts',(0.,4.45635133251121,4.90004405709961));
#7770=CARTESIAN_POINT('',(0.,4.42610293507531,4.75901841607396));
#7771=CARTESIAN_POINT('',(0.,4.45635133251121,4.90004405709961));
#7772=CARTESIAN_POINT('',(0.,4.63163178122915,4.50781649299704));
#7773=CARTESIAN_POINT('Ctrl Pts',(0.,4.42610293507531,4.75901841607396));
#7774=CARTESIAN_POINT('Ctrl Pts',(0.,4.43475239399788,4.75624889261618));
#7775=CARTESIAN_POINT('Ctrl Pts',(0.,4.45168206139788,4.75082807827201));
#7776=CARTESIAN_POINT('Ctrl Pts',(0.,4.47580984616141,4.74120289214158));
#7777=CARTESIAN_POINT('Ctrl Pts',(0.,4.49820831340145,4.7308080120409));
#7778=CARTESIAN_POINT('Ctrl Pts',(0.,4.5187252084088,4.719395823383));
#7779=CARTESIAN_POINT('Ctrl Pts',(0.,4.53736544558721,4.70694159356707));
#7780=CARTESIAN_POINT('Ctrl Pts',(0.,4.55435556931045,4.69373211042047));
#7781=CARTESIAN_POINT('Ctrl Pts',(0.,4.56937845631836,4.67945088796408));
#7782=CARTESIAN_POINT('Ctrl Pts',(0.,4.58278049702916,4.66438841819709));
#7783=CARTESIAN_POINT('Ctrl Pts',(0.,4.59419775318876,4.64815574392865));
#7784=CARTESIAN_POINT('Ctrl Pts',(0.,4.60431532105442,4.63113342953612));
#7785=CARTESIAN_POINT('Ctrl Pts',(0.,4.61268606561877,4.61296255972414));
#7786=CARTESIAN_POINT('Ctrl Pts',(0.,4.61976598628047,4.59390453583899));
#7787=CARTESIAN_POINT('Ctrl Pts',(0.,4.62515456878377,4.57378122455431));
#7788=CARTESIAN_POINT('Ctrl Pts',(0.,4.62894564914215,4.5526745706758));
#7789=CARTESIAN_POINT('Ctrl Pts',(0.,4.63113974071865,4.53056602939887));
#7790=CARTESIAN_POINT('Ctrl Pts',(0.,4.63146559127305,4.51550030027562));
#7791=CARTESIAN_POINT('Ctrl Pts',(0.,4.63163178122915,4.50781649299704));
#7792=CARTESIAN_POINT('Ctrl Pts',(0.,4.63163178122915,4.50781649299704));
#7793=CARTESIAN_POINT('Ctrl Pts',(0.,4.63150378692546,4.49899477930056));
#7794=CARTESIAN_POINT('Ctrl Pts',(0.,4.63125205990221,4.481645071816));
#7795=CARTESIAN_POINT('Ctrl Pts',(0.,4.62849693555841,4.45615626437935));
#7796=CARTESIAN_POINT('Ctrl Pts',(0.,4.62443890624698,4.43167814384353));
#7797=CARTESIAN_POINT('Ctrl Pts',(0.,4.61835354244631,4.40839314480366));
#7798=CARTESIAN_POINT('Ctrl Pts',(0.,4.61076667625114,4.38617385008218));
#7799=CARTESIAN_POINT('Ctrl Pts',(0.,4.60131968543789,4.36515211287526));
#7800=CARTESIAN_POINT('Ctrl Pts',(0.,4.59024670407471,4.34514911291507));
#7801=CARTESIAN_POINT('Ctrl Pts',(0.,4.57748123756138,4.32638809387196));
#7802=CARTESIAN_POINT('Ctrl Pts',(0.,4.56313039646304,4.30902672514704));
#7803=CARTESIAN_POINT('Ctrl Pts',(0.,4.54795931204089,4.29259386944363));
#7804=CARTESIAN_POINT('Ctrl Pts',(0.,4.53126043956434,4.27787848615112));
#7805=CARTESIAN_POINT('Ctrl Pts',(0.,4.51358440699927,4.26431943363707));
#7806=CARTESIAN_POINT('Ctrl Pts',(0.,4.49461886604966,4.25231155104253));
#7807=CARTESIAN_POINT('Ctrl Pts',(0.,4.47462215034258,4.24150244518684));
#7808=CARTESIAN_POINT('Ctrl Pts',(0.,4.45343037109832,4.23196101587815));
#7809=CARTESIAN_POINT('Ctrl Pts',(0.,4.42360454692266,4.22156021002725));
#7810=CARTESIAN_POINT('Ctrl Pts',(0.,4.38518957516948,4.2109551944386));
#7811=CARTESIAN_POINT('Ctrl Pts',(0.,4.33818210073114,4.20175533033743));
#7812=CARTESIAN_POINT('Ctrl Pts',(0.,4.29043402674541,4.19589523380528));
#7813=CARTESIAN_POINT('Ctrl Pts',(0.,4.25831780196181,4.19524300287068));
#7814=CARTESIAN_POINT('Ctrl Pts',(0.,4.24220870430608,4.1949158519714));
#7815=CARTESIAN_POINT('',(0.,4.04188819148556,3.30869790325345));
#7816=CARTESIAN_POINT('',(0.,3.73419588379326,3.1949158519714));
#7817=CARTESIAN_POINT('',(0.,4.04188819148556,3.30869790325345));
#7818=CARTESIAN_POINT('',(0.,3.73419588379326,3.04527642889448));
#7819=CARTESIAN_POINT('',(0.,3.73419588379326,3.1949158519714));
#7820=CARTESIAN_POINT('',(0.,4.73419588379326,3.44231168530473));
#7821=CARTESIAN_POINT('',(0.,3.73419588379326,3.04527642889448));
#7822=CARTESIAN_POINT('',(0.,4.73419588379326,3.60136617248422));
#7823=CARTESIAN_POINT('',(0.,4.73419588379326,3.44231168530473));
#7824=CARTESIAN_POINT('',(0.,3.73419588379326,3.99840142889448));
#7825=CARTESIAN_POINT('',(0.,4.73419588379326,3.60136617248422));
#7826=CARTESIAN_POINT('',(0.,3.73419588379326,3.84876200581755));
#7827=CARTESIAN_POINT('',(0.,3.73419588379326,3.99840142889448));
#7828=CARTESIAN_POINT('',(0.,4.04188819148556,3.7349799545355));
#7829=CARTESIAN_POINT('',(0.,3.73419588379326,3.84876200581755));
#7830=CARTESIAN_POINT('',(0.,4.04188819148556,3.7349799545355));
#7831=CARTESIAN_POINT('',(0.,3.84276960174198,0.695316492997041));
#7832=CARTESIAN_POINT('',(0.,3.72137537097274,0.441510403253451));
#7833=CARTESIAN_POINT('Ctrl Pts',(0.,3.84276960174198,0.695316492997041));
#7834=CARTESIAN_POINT('Ctrl Pts',(0.,3.83308410640115,0.687461180549002));
#7835=CARTESIAN_POINT('Ctrl Pts',(0.,3.81403169719586,0.67200893758888));
#7836=CARTESIAN_POINT('Ctrl Pts',(0.,3.78930281038267,0.645253547578385));
#7837=CARTESIAN_POINT('Ctrl Pts',(0.,3.76828665988906,0.61649112398041));
#7838=CARTESIAN_POINT('Ctrl Pts',(0.,3.75121256068059,0.585550498118607));
#7839=CARTESIAN_POINT('Ctrl Pts',(0.,3.73749207614426,0.552639384427802));
#7840=CARTESIAN_POINT('Ctrl Pts',(0.,3.72836160888404,0.5173534788981));
#7841=CARTESIAN_POINT('Ctrl Pts',(0.,3.72223013845642,0.480119150993791));
#7842=CARTESIAN_POINT('Ctrl Pts',(0.,3.7216642138056,0.454557062471893));
#7843=CARTESIAN_POINT('Ctrl Pts',(0.,3.72137537097274,0.441510403253451));
#7844=CARTESIAN_POINT('',(0.,4.00342665302403,0.130813287868836));
#7845=CARTESIAN_POINT('Ctrl Pts',(0.,3.72137537097274,0.441510403253451));
#7846=CARTESIAN_POINT('Ctrl Pts',(0.,3.72159366470271,0.430748979334339));
#7847=CARTESIAN_POINT('Ctrl Pts',(0.,3.7220206910567,0.409697474004552));
#7848=CARTESIAN_POINT('Ctrl Pts',(0.,3.72573305591845,0.378874324658002));
#7849=CARTESIAN_POINT('Ctrl Pts',(0.,3.73165296884812,0.349557864750823));
#7850=CARTESIAN_POINT('Ctrl Pts',(0.,3.74014395658665,0.321738909915664));
#7851=CARTESIAN_POINT('Ctrl Pts',(0.,3.75087311421581,0.295333649106582));
#7852=CARTESIAN_POINT('Ctrl Pts',(0.,3.76450282338709,0.270649009096019));
#7853=CARTESIAN_POINT('Ctrl Pts',(0.,3.78009436175937,0.247256614555649));
#7854=CARTESIAN_POINT('Ctrl Pts',(0.,3.79812810175583,0.225671020206284));
#7855=CARTESIAN_POINT('Ctrl Pts',(0.,3.81824265486318,0.206003733273465));
#7856=CARTESIAN_POINT('Ctrl Pts',(0.,3.84001183705224,0.188381444757144));
#7857=CARTESIAN_POINT('Ctrl Pts',(0.,3.86344984341827,0.173042632233152));
#7858=CARTESIAN_POINT('Ctrl Pts',(0.,3.88841642612759,0.159994698956894));
#7859=CARTESIAN_POINT('Ctrl Pts',(0.,3.91488764153352,0.149119849088342));
#7860=CARTESIAN_POINT('Ctrl Pts',(0.,3.94304416578845,0.140800158977057));
#7861=CARTESIAN_POINT('Ctrl Pts',(0.,3.97260974002259,0.134210272059309));
#7862=CARTESIAN_POINT('Ctrl Pts',(0.,3.99304664101701,0.131957488674514));
#7863=CARTESIAN_POINT('Ctrl Pts',(0.,4.00342665302403,0.130813287868836));
#7864=CARTESIAN_POINT('',(0.,4.01624716584454,0.259018416073964));
#7865=CARTESIAN_POINT('',(0.,4.00342665302403,0.130813287868836));
#7866=CARTESIAN_POINT('',(0.,3.83675998635736,0.442311685304733));
#7867=CARTESIAN_POINT('Ctrl Pts',(0.,4.01624716584454,0.259018416073964));
#7868=CARTESIAN_POINT('Ctrl Pts',(0.,4.00902351048806,0.260287848117879));
#7869=CARTESIAN_POINT('Ctrl Pts',(0.,3.99497237736421,0.262757090871093));
#7870=CARTESIAN_POINT('Ctrl Pts',(0.,3.97463294539954,0.267462505841613));
#7871=CARTESIAN_POINT('Ctrl Pts',(0.,3.95573704459175,0.273573500460475));
#7872=CARTESIAN_POINT('Ctrl Pts',(0.,3.93812102564724,0.280439875696162));
#7873=CARTESIAN_POINT('Ctrl Pts',(0.,3.92197115590891,0.288601721047335));
#7874=CARTESIAN_POINT('Ctrl Pts',(0.,3.90703243738181,0.297445148105716));
#7875=CARTESIAN_POINT('Ctrl Pts',(0.,3.89383514800438,0.307874162991153));
#7876=CARTESIAN_POINT('Ctrl Pts',(0.,3.88168905709516,0.318838871877741));
#7877=CARTESIAN_POINT('Ctrl Pts',(0.,3.87098620294257,0.330873477697073));
#7878=CARTESIAN_POINT('Ctrl Pts',(0.,3.86196332766309,0.344094105384773));
#7879=CARTESIAN_POINT('Ctrl Pts',(0.,3.8540914153526,0.358131890761396));
#7880=CARTESIAN_POINT('Ctrl Pts',(0.,3.84764624327862,0.373157808761001));
#7881=CARTESIAN_POINT('Ctrl Pts',(0.,3.84292871675459,0.389194888353102));
#7882=CARTESIAN_POINT('Ctrl Pts',(0.,3.83919796314059,0.406039020373125));
#7883=CARTESIAN_POINT('Ctrl Pts',(0.,3.83731805399001,0.42390710349552));
#7884=CARTESIAN_POINT('Ctrl Pts',(0.,3.83694838768044,0.436098374658003));
#7885=CARTESIAN_POINT('Ctrl Pts',(0.,3.83675998635736,0.442311685304733));
#7886=CARTESIAN_POINT('',(0.,4.0695324222548,0.643633800689348));
#7887=CARTESIAN_POINT('Ctrl Pts',(0.,3.83675998635736,0.442311685304733));
#7888=CARTESIAN_POINT('Ctrl Pts',(0.,3.83694416422402,0.44993402554647));
#7889=CARTESIAN_POINT('Ctrl Pts',(0.,3.83730433206678,0.46483984398904));
#7890=CARTESIAN_POINT('Ctrl Pts',(0.,3.84035048697661,0.486524986221345));
#7891=CARTESIAN_POINT('Ctrl Pts',(0.,3.84537324351889,0.507008359311451));
#7892=CARTESIAN_POINT('Ctrl Pts',(0.,3.852402218177,0.526191953434675));
#7893=CARTESIAN_POINT('Ctrl Pts',(0.,3.861143579868,0.544300659039316));
#7894=CARTESIAN_POINT('Ctrl Pts',(0.,3.87246205092217,0.560733730854914));
#7895=CARTESIAN_POINT('Ctrl Pts',(0.,3.88518513077753,0.57638719052432));
#7896=CARTESIAN_POINT('Ctrl Pts',(0.,3.90035348380141,0.590253734371568));
#7897=CARTESIAN_POINT('Ctrl Pts',(0.,3.91686676975547,0.602876185187872));
#7898=CARTESIAN_POINT('Ctrl Pts',(0.,3.93489172381628,0.613770309194428));
#7899=CARTESIAN_POINT('Ctrl Pts',(0.,3.95417535148915,0.622941622419287));
#7900=CARTESIAN_POINT('Ctrl Pts',(0.,3.974713955747,0.630662865727651));
#7901=CARTESIAN_POINT('Ctrl Pts',(0.,3.99662486650874,0.636364440450275));
#7902=CARTESIAN_POINT('Ctrl Pts',(0.,4.01979152190733,0.640558409202172));
#7903=CARTESIAN_POINT('Ctrl Pts',(0.,4.04422867912432,0.6432507697219));
#7904=CARTESIAN_POINT('Ctrl Pts',(0.,4.06097823415254,0.643504313169354));
#7905=CARTESIAN_POINT('Ctrl Pts',(0.,4.0695324222548,0.643633800689348));
#7906=CARTESIAN_POINT('',(0.,4.28547793507531,0.442912646843195));
#7907=CARTESIAN_POINT('Ctrl Pts',(0.,4.0695324222548,0.643633800689348));
#7908=CARTESIAN_POINT('Ctrl Pts',(0.,4.07768445204986,0.643486627272099));
#7909=CARTESIAN_POINT('Ctrl Pts',(0.,4.09355834473072,0.643200046495331));
#7910=CARTESIAN_POINT('Ctrl Pts',(0.,4.11667337178131,0.640786568805911));
#7911=CARTESIAN_POINT('Ctrl Pts',(0.,4.13840849246829,0.636714747808004));
#7912=CARTESIAN_POINT('Ctrl Pts',(0.,4.15900326575882,0.631446192692742));
#7913=CARTESIAN_POINT('Ctrl Pts',(0.,4.17813587295605,0.624184153988276));
#7914=CARTESIAN_POINT('Ctrl Pts',(0.,4.19608371815798,0.615570967174073));
#7915=CARTESIAN_POINT('Ctrl Pts',(0.,4.2124658952498,0.605019451327498));
#7916=CARTESIAN_POINT('Ctrl Pts',(0.,4.22779248589856,0.593280193679783));
#7917=CARTESIAN_POINT('Ctrl Pts',(0.,4.24153215684119,0.579872479368951));
#7918=CARTESIAN_POINT('Ctrl Pts',(0.,4.25313356869482,0.564615172427654));
#7919=CARTESIAN_POINT('Ctrl Pts',(0.,4.26328714699468,0.548106807998751));
#7920=CARTESIAN_POINT('Ctrl Pts',(0.,4.27152106557925,0.530014890710844));
#7921=CARTESIAN_POINT('Ctrl Pts',(0.,4.27763855768068,0.510328767165355));
#7922=CARTESIAN_POINT('Ctrl Pts',(0.,4.28234541739339,0.489244063184566));
#7923=CARTESIAN_POINT('Ctrl Pts',(0.,4.28482103286707,0.466541993732865));
#7924=CARTESIAN_POINT('Ctrl Pts',(0.,4.28525503391328,0.450930596567844));
#7925=CARTESIAN_POINT('Ctrl Pts',(0.,4.28547793507531,0.442912646843195));
#7926=CARTESIAN_POINT('',(0.,4.19573434533172,0.271838928894477));
#7927=CARTESIAN_POINT('Ctrl Pts',(0.,4.28547793507531,0.442912646843195));
#7928=CARTESIAN_POINT('Ctrl Pts',(0.,4.28518629509478,0.432942715450952));
#7929=CARTESIAN_POINT('Ctrl Pts',(0.,4.28462699561159,0.413822643281632));
#7930=CARTESIAN_POINT('Ctrl Pts',(0.,4.27992180960536,0.386349065789776));
#7931=CARTESIAN_POINT('Ctrl Pts',(0.,4.27232118099575,0.361338873517811));
#7932=CARTESIAN_POINT('Ctrl Pts',(0.,4.26099336874817,0.339075230988396));
#7933=CARTESIAN_POINT('Ctrl Pts',(0.,4.24746043636085,0.319183766527571));
#7934=CARTESIAN_POINT('Ctrl Pts',(0.,4.23214730943565,0.30125124566375));
#7935=CARTESIAN_POINT('Ctrl Pts',(0.,4.21506434099768,0.285129796549606));
#7936=CARTESIAN_POINT('Ctrl Pts',(0.,4.20220284858059,0.276286525370604));
#7937=CARTESIAN_POINT('Ctrl Pts',(0.,4.19573434533172,0.271838928894477));
#7938=CARTESIAN_POINT('',(0.,4.20855485815223,0.143633800689349));
#7939=CARTESIAN_POINT('',(0.,4.19573434533172,0.271838928894477));
#7940=CARTESIAN_POINT('',(0.,4.72137537097274,0.246197903253451));
#7941=CARTESIAN_POINT('',(0.,4.20855485815223,0.143633800689349));
#7942=CARTESIAN_POINT('',(0.,4.72137537097274,0.720556877612426));
#7943=CARTESIAN_POINT('',(0.,4.72137537097274,0.246197903253451));
#7944=CARTESIAN_POINT('',(0.,4.59317024276762,0.720556877612426));
#7945=CARTESIAN_POINT('',(0.,4.72137537097274,0.720556877612426));
#7946=CARTESIAN_POINT('',(0.,4.59317024276762,0.350965531458579));
#7947=CARTESIAN_POINT('',(0.,4.59317024276762,0.720556877612426));
#7948=CARTESIAN_POINT('',(0.,4.33415581969069,0.300084121202169));
#7949=CARTESIAN_POINT('',(0.,4.59317024276762,0.350965531458579));
#7950=CARTESIAN_POINT('',(0.,4.40086255045992,0.478369377612426));
#7951=CARTESIAN_POINT('Ctrl Pts',(0.,4.33415581969069,0.300084121202169));
#7952=CARTESIAN_POINT('Ctrl Pts',(0.,4.33946426017332,0.307158136834383));
#7953=CARTESIAN_POINT('Ctrl Pts',(0.,4.34988919756862,0.321050384536978));
#7954=CARTESIAN_POINT('Ctrl Pts',(0.,4.36353927894317,0.342719800851097));
#7955=CARTESIAN_POINT('Ctrl Pts',(0.,4.37504538734266,0.364699067083017));
#7956=CARTESIAN_POINT('Ctrl Pts',(0.,4.38446792256841,0.386860236326567));
#7957=CARTESIAN_POINT('Ctrl Pts',(0.,4.391808060934,0.409379344290192));
#7958=CARTESIAN_POINT('Ctrl Pts',(0.,4.39690765012737,0.432120500252193));
#7959=CARTESIAN_POINT('Ctrl Pts',(0.,4.40035425257279,0.45516113402684));
#7960=CARTESIAN_POINT('Ctrl Pts',(0.,4.40069263471431,0.470611237920867));
#7961=CARTESIAN_POINT('Ctrl Pts',(0.,4.40086255045992,0.478369377612426));
#7962=CARTESIAN_POINT('',(0.,4.07714460174198,0.771838928894478));
#7963=CARTESIAN_POINT('Ctrl Pts',(0.,4.40086255045992,0.478369377612426));
#7964=CARTESIAN_POINT('Ctrl Pts',(0.,4.40059800909589,0.48846607053405));
#7965=CARTESIAN_POINT('Ctrl Pts',(0.,4.40007706299222,0.508348907596876));
#7966=CARTESIAN_POINT('Ctrl Pts',(0.,4.39579683481404,0.537646956468424));
#7967=CARTESIAN_POINT('Ctrl Pts',(0.,4.38853086373238,0.565660819652103));
#7968=CARTESIAN_POINT('Ctrl Pts',(0.,4.37874466000046,0.59261023554757));
#7969=CARTESIAN_POINT('Ctrl Pts',(0.,4.36577137521194,0.618139844655546));
#7970=CARTESIAN_POINT('Ctrl Pts',(0.,4.35006348205212,0.642508243553499));
#7971=CARTESIAN_POINT('Ctrl Pts',(0.,4.33149150475306,0.665617048584113));
#7972=CARTESIAN_POINT('Ctrl Pts',(0.,4.31040585819907,0.687335619023989));
#7973=CARTESIAN_POINT('Ctrl Pts',(0.,4.28699857382341,0.707035226148014));
#7974=CARTESIAN_POINT('Ctrl Pts',(0.,4.26203304817941,0.724667017474257));
#7975=CARTESIAN_POINT('Ctrl Pts',(0.,4.23500954014179,0.739067701532146));
#7976=CARTESIAN_POINT('Ctrl Pts',(0.,4.20663363812322,0.75117966519139));
#7977=CARTESIAN_POINT('Ctrl Pts',(0.,4.17643954138618,0.760314767524062));
#7978=CARTESIAN_POINT('Ctrl Pts',(0.,4.14485576583064,0.767248629033191));
#7979=CARTESIAN_POINT('Ctrl Pts',(0.,4.11148744215874,0.770955934589238));
#7980=CARTESIAN_POINT('Ctrl Pts',(0.,4.08877138130663,0.771539990891119));
#7981=CARTESIAN_POINT('Ctrl Pts',(0.,4.07714460174198,0.771838928894478));
#7982=CARTESIAN_POINT('Ctrl Pts',(0.,4.07714460174198,0.771838928894478));
#7983=CARTESIAN_POINT('Ctrl Pts',(0.,4.06605074259542,0.771611929387957));
#7984=CARTESIAN_POINT('Ctrl Pts',(0.,4.04413720521675,0.77116354058967));
#7985=CARTESIAN_POINT('Ctrl Pts',(0.,4.01184355688581,0.767488901650064));
#7986=CARTESIAN_POINT('Ctrl Pts',(0.,3.98072608486694,0.761435807308628));
#7987=CARTESIAN_POINT('Ctrl Pts',(0.,3.9506926407553,0.75333238426214));
#7988=CARTESIAN_POINT('Ctrl Pts',(0.,3.92191379128022,0.742383572253253));
#7989=CARTESIAN_POINT('Ctrl Pts',(0.,3.89429657842415,0.729103688095488));
#7990=CARTESIAN_POINT('Ctrl Pts',(0.,3.86755282592288,0.713784596845248));
#7991=CARTESIAN_POINT('Ctrl Pts',(0.,3.85106684601412,0.701499480640355));
#7992=CARTESIAN_POINT('Ctrl Pts',(0.,3.84276960174198,0.695316492997041));
#7993=CARTESIAN_POINT('',(0.,4.04789780687018,-0.300476776233728));
#7994=CARTESIAN_POINT('',(0.,3.86240101199839,-0.499395045464497));
#7995=CARTESIAN_POINT('Ctrl Pts',(0.,4.04789780687018,-0.300476776233728));
#7996=CARTESIAN_POINT('Ctrl Pts',(0.,4.04076715314788,-0.309235646039845));
#7997=CARTESIAN_POINT('Ctrl Pts',(0.,4.02717009409703,-0.325937462536711));
#7998=CARTESIAN_POINT('Ctrl Pts',(0.,4.00745807333478,-0.349699032100707));
#7999=CARTESIAN_POINT('Ctrl Pts',(0.,3.98938268429785,-0.370982171173583));
#8000=CARTESIAN_POINT('Ctrl Pts',(0.,3.97353351207447,-0.390284582611405));
#8001=CARTESIAN_POINT('Ctrl Pts',(0.,3.95914395196191,-0.406903285260403));
#8002=CARTESIAN_POINT('Ctrl Pts',(0.,3.94684420387143,-0.421423649456042));
#8003=CARTESIAN_POINT('Ctrl Pts',(0.,3.93601584101789,-0.433318142499331));
#8004=CARTESIAN_POINT('Ctrl Pts',(0.,3.91956733935212,-0.451431349622586));
#8005=CARTESIAN_POINT('Ctrl Pts',(0.,3.89612166270354,-0.474373271868397));
#8006=CARTESIAN_POINT('Ctrl Pts',(0.,3.87334015370045,-0.491277861445778));
#8007=CARTESIAN_POINT('Ctrl Pts',(0.,3.86240101199839,-0.499395045464497));
#8008=CARTESIAN_POINT('',(0.,3.86240101199839,-0.0102123531568049));
#8009=CARTESIAN_POINT('',(0.,3.86240101199839,-0.499395045464497));
#8010=CARTESIAN_POINT('',(0.,3.73419588379326,-0.0102123531568049));
#8011=CARTESIAN_POINT('',(0.,3.86240101199839,-0.0102123531568049));
#8012=CARTESIAN_POINT('',(0.,3.73419588379326,-0.664058507002959));
#8013=CARTESIAN_POINT('',(0.,3.73419588379326,-0.0102123531568049));
#8014=CARTESIAN_POINT('',(0.,3.82313819148556,-0.650637032643985));
#8015=CARTESIAN_POINT('Ctrl Pts',(0.,3.73419588379326,-0.664058507002959));
#8016=CARTESIAN_POINT('Ctrl Pts',(0.,3.7418154749873,-0.664071892950868));
#8017=CARTESIAN_POINT('Ctrl Pts',(0.,3.75702911825036,-0.664098619980052));
#8018=CARTESIAN_POINT('Ctrl Pts',(0.,3.7795291315547,-0.661524226474718));
#8019=CARTESIAN_POINT('Ctrl Pts',(0.,3.80173066326569,-0.657492210824449));
#8020=CARTESIAN_POINT('Ctrl Pts',(0.,3.81596762259524,-0.652933212141852));
#8021=CARTESIAN_POINT('Ctrl Pts',(0.,3.82313819148556,-0.650637032643985));
#8022=CARTESIAN_POINT('',(0.,4.10819428122916,-0.420068122387575));
#8023=CARTESIAN_POINT('Ctrl Pts',(0.,3.82313819148556,-0.650637032643985));
#8024=CARTESIAN_POINT('Ctrl Pts',(0.,3.83485404557301,-0.64639445686776));
#8025=CARTESIAN_POINT('Ctrl Pts',(0.,3.8587094540586,-0.637755873848757));
#8026=CARTESIAN_POINT('Ctrl Pts',(0.,3.89312947710492,-0.620254014164424));
#8027=CARTESIAN_POINT('Ctrl Pts',(0.,3.92734133466242,-0.599667691214348));
#8028=CARTESIAN_POINT('Ctrl Pts',(0.,3.95519461692836,-0.579624008046722));
#8029=CARTESIAN_POINT('Ctrl Pts',(0.,3.97744744221932,-0.561268322489169));
#8030=CARTESIAN_POINT('Ctrl Pts',(0.,3.99485770265054,-0.545874687519113));
#8031=CARTESIAN_POINT('Ctrl Pts',(0.,4.01267915587322,-0.528815718102008));
#8032=CARTESIAN_POINT('Ctrl Pts',(0.,4.03090854651736,-0.510105075753959));
#8033=CARTESIAN_POINT('Ctrl Pts',(0.,4.04966393896173,-0.489922839190329));
#8034=CARTESIAN_POINT('Ctrl Pts',(0.,4.06900788173094,-0.468241469847029));
#8035=CARTESIAN_POINT('Ctrl Pts',(0.,4.08857987927464,-0.444804944811846));
#8036=CARTESIAN_POINT('Ctrl Pts',(0.,4.10155301357485,-0.428443797517384));
#8037=CARTESIAN_POINT('Ctrl Pts',(0.,4.10819428122916,-0.420068122387575));
#8038=CARTESIAN_POINT('',(0.,4.45695229404967,-0.151237994182446));
#8039=CARTESIAN_POINT('Ctrl Pts',(0.,4.10819428122916,-0.420068122387575));
#8040=CARTESIAN_POINT('Ctrl Pts',(0.,4.11902431535803,-0.407201016515984));
#8041=CARTESIAN_POINT('Ctrl Pts',(0.,4.13987823303477,-0.382424587984823));
#8042=CARTESIAN_POINT('Ctrl Pts',(0.,4.17082351411332,-0.347436388320022));
#8043=CARTESIAN_POINT('Ctrl Pts',(0.,4.19955796039341,-0.315480363085431));
#8044=CARTESIAN_POINT('Ctrl Pts',(0.,4.22658520180459,-0.287065375727705));
#8045=CARTESIAN_POINT('Ctrl Pts',(0.,4.25164309157786,-0.261959021463542));
#8046=CARTESIAN_POINT('Ctrl Pts',(0.,4.27467485777794,-0.240102350133404));
#8047=CARTESIAN_POINT('Ctrl Pts',(0.,4.295608622946,-0.22130730019063));
#8048=CARTESIAN_POINT('Ctrl Pts',(0.,4.31520210067594,-0.205803322354299));
#8049=CARTESIAN_POINT('Ctrl Pts',(0.,4.33370379361586,-0.192722140527333));
#8050=CARTESIAN_POINT('Ctrl Pts',(0.,4.35175105252616,-0.181636994289601));
#8051=CARTESIAN_POINT('Ctrl Pts',(0.,4.36965912349561,-0.172398995684474));
#8052=CARTESIAN_POINT('Ctrl Pts',(0.,4.38737134047226,-0.164704978914289));
#8053=CARTESIAN_POINT('Ctrl Pts',(0.,4.4049634488065,-0.158619665395761));
#8054=CARTESIAN_POINT('Ctrl Pts',(0.,4.4224867023394,-0.154471658582561));
#8055=CARTESIAN_POINT('Ctrl Pts',(0.,4.43976722780295,-0.151658623866475));
#8056=CARTESIAN_POINT('Ctrl Pts',(0.,4.45126588120039,-0.151377177471338));
#8057=CARTESIAN_POINT('Ctrl Pts',(0.,4.45695229404967,-0.151237994182446));
#8058=CARTESIAN_POINT('',(0.,4.61881126840864,-0.333529660849113));
#8059=CARTESIAN_POINT('Ctrl Pts',(0.,4.45695229404967,-0.151237994182446));
#8060=CARTESIAN_POINT('Ctrl Pts',(0.,4.46257235918718,-0.151377194216598));
#8061=CARTESIAN_POINT('Ctrl Pts',(0.,4.47359862134062,-0.151650297113233));
#8062=CARTESIAN_POINT('Ctrl Pts',(0.,4.4897354870678,-0.154241483882134));
#8063=CARTESIAN_POINT('Ctrl Pts',(0.,4.50527567430183,-0.157848623654942));
#8064=CARTESIAN_POINT('Ctrl Pts',(0.,4.51993942572213,-0.163680270805901));
#8065=CARTESIAN_POINT('Ctrl Pts',(0.,4.53416099187951,-0.170621686492483));
#8066=CARTESIAN_POINT('Ctrl Pts',(0.,4.54749098947647,-0.179525727537555));
#8067=CARTESIAN_POINT('Ctrl Pts',(0.,4.56026163604109,-0.189825872612822));
#8068=CARTESIAN_POINT('Ctrl Pts',(0.,4.57213622984851,-0.201618666976668));
#8069=CARTESIAN_POINT('Ctrl Pts',(0.,4.58327649463578,-0.214499160087632));
#8070=CARTESIAN_POINT('Ctrl Pts',(0.,4.59253676093039,-0.228891275574304));
#8071=CARTESIAN_POINT('Ctrl Pts',(0.,4.60087375978075,-0.243849743242505));
#8072=CARTESIAN_POINT('Ctrl Pts',(0.,4.6075771850697,-0.259890617653802));
#8073=CARTESIAN_POINT('Ctrl Pts',(0.,4.61249962984495,-0.276987833221677));
#8074=CARTESIAN_POINT('Ctrl Pts',(0.,4.61607205705818,-0.295016930240227));
#8075=CARTESIAN_POINT('Ctrl Pts',(0.,4.618337167358,-0.313975047838113));
#8076=CARTESIAN_POINT('Ctrl Pts',(0.,4.61865083868973,-0.326912630440852));
#8077=CARTESIAN_POINT('Ctrl Pts',(0.,4.61881126840864,-0.333529660849113));
#8078=CARTESIAN_POINT('',(0.,4.43932408892146,-0.523032865977318));
#8079=CARTESIAN_POINT('Ctrl Pts',(0.,4.61881126840864,-0.333529660849113));
#8080=CARTESIAN_POINT('Ctrl Pts',(0.,4.61865163321942,-0.340480667329536));
#8081=CARTESIAN_POINT('Ctrl Pts',(0.,4.61833921542295,-0.354084297823052));
#8082=CARTESIAN_POINT('Ctrl Pts',(0.,4.6160650714733,-0.373969162561352));
#8083=CARTESIAN_POINT('Ctrl Pts',(0.,4.61259048690533,-0.39284639478814));
#8084=CARTESIAN_POINT('Ctrl Pts',(0.,4.6072781444446,-0.410670937535734));
#8085=CARTESIAN_POINT('Ctrl Pts',(0.,4.60058589748166,-0.427421096053409));
#8086=CARTESIAN_POINT('Ctrl Pts',(0.,4.59216214086554,-0.443028650644872));
#8087=CARTESIAN_POINT('Ctrl Pts',(0.,4.5826532432487,-0.457743543220823));
#8088=CARTESIAN_POINT('Ctrl Pts',(0.,4.57139542578224,-0.471102345216663));
#8089=CARTESIAN_POINT('Ctrl Pts',(0.,4.5589128026334,-0.483182534656221));
#8090=CARTESIAN_POINT('Ctrl Pts',(0.,4.54532300186798,-0.493906930585639));
#8091=CARTESIAN_POINT('Ctrl Pts',(0.,4.53036376874548,-0.502693961691385));
#8092=CARTESIAN_POINT('Ctrl Pts',(0.,4.51436402312938,-0.509950654161277));
#8093=CARTESIAN_POINT('Ctrl Pts',(0.,4.49727346791807,-0.515785642438566));
#8094=CARTESIAN_POINT('Ctrl Pts',(0.,4.47896144925081,-0.520021645495694));
#8095=CARTESIAN_POINT('Ctrl Pts',(0.,4.45948084047865,-0.522331142749982));
#8096=CARTESIAN_POINT('Ctrl Pts',(0.,4.44614052501279,-0.522795563279045));
#8097=CARTESIAN_POINT('Ctrl Pts',(0.,4.43932408892146,-0.523032865977318));
#8098=CARTESIAN_POINT('',(0.,4.45214460174198,-0.651237994182446));
#8099=CARTESIAN_POINT('',(0.,4.43932408892146,-0.523032865977318));
#8100=CARTESIAN_POINT('',(0.,4.73419588379326,-0.330725173669626));
#8101=CARTESIAN_POINT('Ctrl Pts',(0.,4.45214460174198,-0.651237994182446));
#8102=CARTESIAN_POINT('Ctrl Pts',(0.,4.46331799192837,-0.649926273591088));
#8103=CARTESIAN_POINT('Ctrl Pts',(0.,4.48505486080686,-0.647374434084555));
#8104=CARTESIAN_POINT('Ctrl Pts',(0.,4.51653705406516,-0.641018150010387));
#8105=CARTESIAN_POINT('Ctrl Pts',(0.,4.54582451806813,-0.632094502392815));
#8106=CARTESIAN_POINT('Ctrl Pts',(0.,4.57332558160893,-0.621416604881564));
#8107=CARTESIAN_POINT('Ctrl Pts',(0.,4.59857209376741,-0.60803085427808));
#8108=CARTESIAN_POINT('Ctrl Pts',(0.,4.62208625031356,-0.592899415421372));
#8109=CARTESIAN_POINT('Ctrl Pts',(0.,4.64312228079593,-0.575052581380272));
#8110=CARTESIAN_POINT('Ctrl Pts',(0.,4.66234327104926,-0.555336564771223));
#8111=CARTESIAN_POINT('Ctrl Pts',(0.,4.67928202103213,-0.533535355005708));
#8112=CARTESIAN_POINT('Ctrl Pts',(0.,4.69408037083476,-0.509853740723153));
#8113=CARTESIAN_POINT('Ctrl Pts',(0.,4.70645827676808,-0.484302554649601));
#8114=CARTESIAN_POINT('Ctrl Pts',(0.,4.7167066668237,-0.457024107924821));
#8115=CARTESIAN_POINT('Ctrl Pts',(0.,4.72448237828808,-0.427955775899169));
#8116=CARTESIAN_POINT('Ctrl Pts',(0.,4.73005829709078,-0.397138680726758));
#8117=CARTESIAN_POINT('Ctrl Pts',(0.,4.73349535719111,-0.364523262996982));
#8118=CARTESIAN_POINT('Ctrl Pts',(0.,4.73395904314379,-0.342151950900421));
#8119=CARTESIAN_POINT('Ctrl Pts',(0.,4.73419588379326,-0.330725173669626));
#8120=CARTESIAN_POINT('',(0.,4.45815421712659,-0.0230328659773177));
#8121=CARTESIAN_POINT('Ctrl Pts',(0.,4.73419588379326,-0.330725173669626));
#8122=CARTESIAN_POINT('Ctrl Pts',(0.,4.73399787112354,-0.319161624251131));
#8123=CARTESIAN_POINT('Ctrl Pts',(0.,4.73361214127662,-0.296635761873251));
#8124=CARTESIAN_POINT('Ctrl Pts',(0.,4.72966535046624,-0.263811959723901));
#8125=CARTESIAN_POINT('Ctrl Pts',(0.,4.72351825974357,-0.232841795224138));
#8126=CARTESIAN_POINT('Ctrl Pts',(0.,4.71495109728531,-0.20361173259757));
#8127=CARTESIAN_POINT('Ctrl Pts',(0.,4.70371699257608,-0.176294467117797));
#8128=CARTESIAN_POINT('Ctrl Pts',(0.,4.68999145330869,-0.150868985513783));
#8129=CARTESIAN_POINT('Ctrl Pts',(0.,4.6739083682269,-0.127218056173435));
#8130=CARTESIAN_POINT('Ctrl Pts',(0.,4.65527467031247,-0.105736837635509));
#8131=CARTESIAN_POINT('Ctrl Pts',(0.,4.63493286765114,-0.0863666613207587));
#8132=CARTESIAN_POINT('Ctrl Pts',(0.,4.61322377907508,-0.0693915579953064));
#8133=CARTESIAN_POINT('Ctrl Pts',(0.,4.59024014621678,-0.0551995544765867));
#8134=CARTESIAN_POINT('Ctrl Pts',(0.,4.56629525192415,-0.0431159445821508));
#8135=CARTESIAN_POINT('Ctrl Pts',(0.,4.54088315614201,-0.0341530851583078));
#8136=CARTESIAN_POINT('Ctrl Pts',(0.,4.51434934118162,-0.0278502372649148));
#8137=CARTESIAN_POINT('Ctrl Pts',(0.,4.48667113311172,-0.0235672693139297));
#8138=CARTESIAN_POINT('Ctrl Pts',(0.,4.46778622844794,-0.0232133686302377));
#8139=CARTESIAN_POINT('Ctrl Pts',(0.,4.45815421712659,-0.0230328659773177));
#8140=CARTESIAN_POINT('Ctrl Pts',(0.,4.45815421712659,-0.0230328659773177));
#8141=CARTESIAN_POINT('Ctrl Pts',(0.,4.44825841687356,-0.0233084906020595));
#8142=CARTESIAN_POINT('Ctrl Pts',(0.,4.42844497801665,-0.0238603481082884));
#8143=CARTESIAN_POINT('Ctrl Pts',(0.,4.39882973021429,-0.0281676694496577));
#8144=CARTESIAN_POINT('Ctrl Pts',(0.,4.36953587373104,-0.0355375443567393));
#8145=CARTESIAN_POINT('Ctrl Pts',(0.,4.34020688481235,-0.0453080314790049));
#8146=CARTESIAN_POINT('Ctrl Pts',(0.,4.31072635792875,-0.0586565504294385));
#8147=CARTESIAN_POINT('Ctrl Pts',(0.,4.28068760844532,-0.0755201374442033));
#8148=CARTESIAN_POINT('Ctrl Pts',(0.,4.24997967578831,-0.0964412597967254));
#8149=CARTESIAN_POINT('Ctrl Pts',(0.,4.22387452137317,-0.11656151379649));
#8150=CARTESIAN_POINT('Ctrl Pts',(0.,4.2019918189887,-0.135290204753512));
#8151=CARTESIAN_POINT('Ctrl Pts',(0.,4.1839810763888,-0.151891419317902));
#8152=CARTESIAN_POINT('Ctrl Pts',(0.,4.16484586677595,-0.171098063780937));
#8153=CARTESIAN_POINT('Ctrl Pts',(0.,4.14392349360076,-0.192189624990169));
#8154=CARTESIAN_POINT('Ctrl Pts',(0.,4.12195653563008,-0.21602631823755));
#8155=CARTESIAN_POINT('Ctrl Pts',(0.,4.09828717958414,-0.241923259875007));
#8156=CARTESIAN_POINT('Ctrl Pts',(0.,4.07353831289536,-0.270447346218111));
#8157=CARTESIAN_POINT('Ctrl Pts',(0.,4.05663107516009,-0.290248621272118));
#8158=CARTESIAN_POINT('Ctrl Pts',(0.,4.04789780687018,-0.300476776233728));
#8159=CARTESIAN_POINT('',(0.,4.73419588379326,-1.04146235315681));
#8160=CARTESIAN_POINT('',(0.,4.73419588379326,-0.958930301874754));
#8161=CARTESIAN_POINT('',(0.,4.73419588379326,-1.04146235315681));
#8162=CARTESIAN_POINT('',(0.,3.73419588379326,-0.958930301874754));
#8163=CARTESIAN_POINT('',(0.,4.73419588379326,-0.958930301874754));
#8164=CARTESIAN_POINT('',(0.,3.73419588379326,-1.08713543007988));
#8165=CARTESIAN_POINT('',(0.,3.73419588379326,-0.958930301874754));
#8166=CARTESIAN_POINT('',(0.,4.51344267866505,-1.08713543007988));
#8167=CARTESIAN_POINT('',(0.,3.73419588379326,-1.08713543007988));
#8168=CARTESIAN_POINT('',(0.,4.36600678122916,-1.31790466084911));
#8169=CARTESIAN_POINT('Ctrl Pts',(0.,4.51344267866505,-1.08713543007988));
#8170=CARTESIAN_POINT('Ctrl Pts',(0.,4.50632358749365,-1.09451749270485));
#8171=CARTESIAN_POINT('Ctrl Pts',(0.,4.49152733667236,-1.10986030087345));
#8172=CARTESIAN_POINT('Ctrl Pts',(0.,4.47058694699664,-1.13579569724603));
#8173=CARTESIAN_POINT('Ctrl Pts',(0.,4.44936297442962,-1.16474291410764));
#8174=CARTESIAN_POINT('Ctrl Pts',(0.,4.42895375207274,-1.19632605342808));
#8175=CARTESIAN_POINT('Ctrl Pts',(0.,4.40974067017968,-1.22851972111177));
#8176=CARTESIAN_POINT('Ctrl Pts',(0.,4.39246145685688,-1.25963075610708));
#8177=CARTESIAN_POINT('Ctrl Pts',(0.,4.37783904995848,-1.28913974643431));
#8178=CARTESIAN_POINT('Ctrl Pts',(0.,4.36984346001802,-1.30857747774302));
#8179=CARTESIAN_POINT('Ctrl Pts',(0.,4.36600678122916,-1.31790466084911));
#8180=CARTESIAN_POINT('',(0.,4.48419588379326,-1.31790466084911));
#8181=CARTESIAN_POINT('',(0.,4.36600678122915,-1.31790466084911));
#8182=CARTESIAN_POINT('Ctrl Pts',(0.,4.48419588379326,-1.31790466084911));
#8183=CARTESIAN_POINT('Ctrl Pts',(0.,4.49244642231587,-1.30188425997715));
#8184=CARTESIAN_POINT('Ctrl Pts',(0.,4.50870774520124,-1.27030899848143));
#8185=CARTESIAN_POINT('Ctrl Pts',(0.,4.53679328527019,-1.2256999817925));
#8186=CARTESIAN_POINT('Ctrl Pts',(0.,4.56723916686727,-1.18405266606373));
#8187=CARTESIAN_POINT('Ctrl Pts',(0.,4.60003864926619,-1.14605647925333));
#8188=CARTESIAN_POINT('Ctrl Pts',(0.,4.63356560818119,-1.11199531894484));
#8189=CARTESIAN_POINT('Ctrl Pts',(0.,4.66739562664776,-1.08329148452476));
#8190=CARTESIAN_POINT('Ctrl Pts',(0.,4.70028864232544,-1.05927394242126));
#8191=CARTESIAN_POINT('Ctrl Pts',(0.,4.72322787294702,-1.04722388655747));
#8192=CARTESIAN_POINT('Ctrl Pts',(0.,4.73419588379326,-1.04146235315681));
#8193=CARTESIAN_POINT('',(0.,4.04188819148556,-2.5374559429004));
#8194=CARTESIAN_POINT('',(0.,3.73419588379326,-2.65123799418245));
#8195=CARTESIAN_POINT('',(0.,4.04188819148556,-2.5374559429004));
#8196=CARTESIAN_POINT('',(0.,3.73419588379326,-2.80087741725937));
#8197=CARTESIAN_POINT('',(0.,3.73419588379326,-2.65123799418245));
#8198=CARTESIAN_POINT('',(0.,4.73419588379326,-2.40384216084911));
#8199=CARTESIAN_POINT('',(0.,3.73419588379326,-2.80087741725937));
#8200=CARTESIAN_POINT('',(0.,4.73419588379326,-2.24478767366963));
#8201=CARTESIAN_POINT('',(0.,4.73419588379326,-2.40384216084911));
#8202=CARTESIAN_POINT('',(0.,3.73419588379326,-1.84775241725937));
#8203=CARTESIAN_POINT('',(0.,4.73419588379326,-2.24478767366963));
#8204=CARTESIAN_POINT('',(0.,3.73419588379326,-1.99739184033629));
#8205=CARTESIAN_POINT('',(0.,3.73419588379326,-1.84775241725937));
#8206=CARTESIAN_POINT('',(0.,4.04188819148556,-2.11117389161834));
#8207=CARTESIAN_POINT('',(0.,3.73419588379326,-1.99739184033629));
#8208=CARTESIAN_POINT('',(0.,4.04188819148556,-2.11117389161834));
#8209=CARTESIAN_POINT('',(0.,2.29993772989121,-0.545779952947269));
#8210=CARTESIAN_POINT('',(0.,1.55374381963479,-0.545779952947269));
#8211=CARTESIAN_POINT('',(0.,2.29993772989121,-0.545779952947269));
#8212=CARTESIAN_POINT('',(0.,1.55374381963479,-0.68680559397291));
#8213=CARTESIAN_POINT('',(0.,1.55374381963479,-0.545779952947269));
#8214=CARTESIAN_POINT('',(0.,2.55374381963479,-0.68680559397291));
#8215=CARTESIAN_POINT('',(0.,1.55374381963479,-0.68680559397291));
#8216=CARTESIAN_POINT('',(0.,2.55374381963479,-0.537767132434449));
#8217=CARTESIAN_POINT('',(0.,2.55374381963479,-0.68680559397291));
#8218=CARTESIAN_POINT('',(0.,1.80754990937838,-0.0586004657677826));
#8219=CARTESIAN_POINT('',(0.,2.55374381963479,-0.537767132434449));
#8220=CARTESIAN_POINT('',(0.,2.55374381963479,-0.0586004657677826));
#8221=CARTESIAN_POINT('',(0.,1.80754990937838,-0.0586004657677826));
#8222=CARTESIAN_POINT('',(0.,2.55374381963479,0.0824251752578591));
#8223=CARTESIAN_POINT('',(0.,2.55374381963479,-0.0586004657677826));
#8224=CARTESIAN_POINT('',(0.,1.55374381963479,0.0824251752578591));
#8225=CARTESIAN_POINT('',(0.,2.55374381963479,0.0824251752578591));
#8226=CARTESIAN_POINT('',(0.,1.55374381963479,-0.0666132862806026));
#8227=CARTESIAN_POINT('',(0.,1.55374381963479,0.0824251752578591));
#8228=CARTESIAN_POINT('',(0.,1.55374381963479,-0.0666132862806026));
#8229=CARTESIAN_POINT('',(0.,2.06175664014762,-5.44321585038317));
#8230=CARTESIAN_POINT('',(0.,1.6563079221989,-5.1339209785883));
#8231=CARTESIAN_POINT('Ctrl Pts',(0.,2.06175664014762,-5.44321585038317));
#8232=CARTESIAN_POINT('Ctrl Pts',(0.,2.04150214570286,-5.44284687060034));
#8233=CARTESIAN_POINT('Ctrl Pts',(0.,2.002206592244,-5.44213101640704));
#8234=CARTESIAN_POINT('Ctrl Pts',(0.,1.94526084445104,-5.43506729501891));
#8235=CARTESIAN_POINT('Ctrl Pts',(0.,1.89214578987523,-5.42429768311752));
#8236=CARTESIAN_POINT('Ctrl Pts',(0.,1.85070546417562,-5.41130031314438));
#8237=CARTESIAN_POINT('Ctrl Pts',(0.,1.8201382996921,-5.39826264516199));
#8238=CARTESIAN_POINT('Ctrl Pts',(0.,1.79873167357247,-5.38771843437864));
#8239=CARTESIAN_POINT('Ctrl Pts',(0.,1.77892302025699,-5.37568263842074));
#8240=CARTESIAN_POINT('Ctrl Pts',(0.,1.76059984399241,-5.36245463140122));
#8241=CARTESIAN_POINT('Ctrl Pts',(0.,1.74381559294371,-5.34786402270566));
#8242=CARTESIAN_POINT('Ctrl Pts',(0.,1.72848110798976,-5.3321140890522));
#8243=CARTESIAN_POINT('Ctrl Pts',(0.,1.71444883528329,-5.31520131233519));
#8244=CARTESIAN_POINT('Ctrl Pts',(0.,1.70237565101019,-5.29692529185385));
#8245=CARTESIAN_POINT('Ctrl Pts',(0.,1.69165571613794,-5.27798949461236));
#8246=CARTESIAN_POINT('Ctrl Pts',(0.,1.68212334533446,-5.25863287511463));
#8247=CARTESIAN_POINT('Ctrl Pts',(0.,1.67406128800317,-5.2388432462207));
#8248=CARTESIAN_POINT('Ctrl Pts',(0.,1.6677985181341,-5.2185407651361));
#8249=CARTESIAN_POINT('Ctrl Pts',(0.,1.66238661427749,-5.19801053300534));
#8250=CARTESIAN_POINT('Ctrl Pts',(0.,1.65885130467668,-5.17702643047942));
#8251=CARTESIAN_POINT('Ctrl Pts',(0.,1.65685608732149,-5.15559444140867));
#8252=CARTESIAN_POINT('Ctrl Pts',(0.,1.6564921089321,-5.14120339067482));
#8253=CARTESIAN_POINT('Ctrl Pts',(0.,1.6563079221989,-5.1339209785883));
#8254=CARTESIAN_POINT('',(0.,1.90670856322454,-4.85347226063958));
#8255=CARTESIAN_POINT('Ctrl Pts',(0.,1.6563079221989,-5.1339209785883));
#8256=CARTESIAN_POINT('Ctrl Pts',(0.,1.65649018155694,-5.12523041691903));
#8257=CARTESIAN_POINT('Ctrl Pts',(0.,1.65685020823397,-5.10806348473626));
#8258=CARTESIAN_POINT('Ctrl Pts',(0.,1.6600015419886,-5.08289458236871));
#8259=CARTESIAN_POINT('Ctrl Pts',(0.,1.66464544447343,-5.05863210745966));
#8260=CARTESIAN_POINT('Ctrl Pts',(0.,1.67181145494092,-5.03556999650132));
#8261=CARTESIAN_POINT('Ctrl Pts',(0.,1.68058539516942,-5.01339803803017));
#8262=CARTESIAN_POINT('Ctrl Pts',(0.,1.69140519794527,-4.99229789326556));
#8263=CARTESIAN_POINT('Ctrl Pts',(0.,1.70441826273371,-4.97233591889442));
#8264=CARTESIAN_POINT('Ctrl Pts',(0.,1.71919337547729,-4.95327731822175));
#8265=CARTESIAN_POINT('Ctrl Pts',(0.,1.73600492891865,-4.93547354868362));
#8266=CARTESIAN_POINT('Ctrl Pts',(0.,1.75471748102203,-4.91915735102805));
#8267=CARTESIAN_POINT('Ctrl Pts',(0.,1.77541633957228,-4.90451987826029));
#8268=CARTESIAN_POINT('Ctrl Pts',(0.,1.79776931810593,-4.89094725756362));
#8269=CARTESIAN_POINT('Ctrl Pts',(0.,1.82244418265468,-4.87954376166135));
#8270=CARTESIAN_POINT('Ctrl Pts',(0.,1.84870548412331,-4.86898143187335));
#8271=CARTESIAN_POINT('Ctrl Pts',(0.,1.87698485033595,-4.86018013568979));
#8272=CARTESIAN_POINT('Ctrl Pts',(0.,1.89665833050996,-4.85574033884124));
#8273=CARTESIAN_POINT('Ctrl Pts',(0.,1.90670856322454,-4.85347226063958));
#8274=CARTESIAN_POINT('',(0.,1.87385599912197,-4.71244661961394));
#8275=CARTESIAN_POINT('',(0.,1.90670856322454,-4.85347226063958));
#8276=CARTESIAN_POINT('',(0.,1.54092330681428,-5.12069982474214));
#8277=CARTESIAN_POINT('Ctrl Pts',(0.,1.87385599912197,-4.71244661961394));
#8278=CARTESIAN_POINT('Ctrl Pts',(0.,1.86063805755087,-4.71597970558723));
#8279=CARTESIAN_POINT('Ctrl Pts',(0.,1.83478212330042,-4.72289086025797));
#8280=CARTESIAN_POINT('Ctrl Pts',(0.,1.79777941930387,-4.73655505255424));
#8281=CARTESIAN_POINT('Ctrl Pts',(0.,1.76305395996216,-4.75189143265469));
#8282=CARTESIAN_POINT('Ctrl Pts',(0.,1.73069721829917,-4.76927213058671));
#8283=CARTESIAN_POINT('Ctrl Pts',(0.,1.70089522548541,-4.78888737648938));
#8284=CARTESIAN_POINT('Ctrl Pts',(0.,1.67326496842294,-4.81021744559109));
#8285=CARTESIAN_POINT('Ctrl Pts',(0.,1.64838587974528,-4.83410719189959));
#8286=CARTESIAN_POINT('Ctrl Pts',(0.,1.6256837630731,-4.85968007208323));
#8287=CARTESIAN_POINT('Ctrl Pts',(0.,1.60566055674524,-4.88713519892818));
#8288=CARTESIAN_POINT('Ctrl Pts',(0.,1.58837015075139,-4.91614155767087));
#8289=CARTESIAN_POINT('Ctrl Pts',(0.,1.57365952504758,-4.94655893781007));
#8290=CARTESIAN_POINT('Ctrl Pts',(0.,1.56156240973909,-4.97851027691394));
#8291=CARTESIAN_POINT('Ctrl Pts',(0.,1.552458293292,-5.01201628931438));
#8292=CARTESIAN_POINT('Ctrl Pts',(0.,1.54582267985588,-5.04690445200838));
#8293=CARTESIAN_POINT('Ctrl Pts',(0.,1.54173552845249,-5.08327649657276));
#8294=CARTESIAN_POINT('Ctrl Pts',(0.,1.54119744294972,-5.10806892933505));
#8295=CARTESIAN_POINT('Ctrl Pts',(0.,1.54092330681428,-5.12069982474214));
#8296=CARTESIAN_POINT('',(0.,2.06115567860915,-5.58424149140881));
#8297=CARTESIAN_POINT('Ctrl Pts',(0.,1.54092330681428,-5.12069982474214));
#8298=CARTESIAN_POINT('Ctrl Pts',(0.,1.54111158570939,-5.13365936807784));
#8299=CARTESIAN_POINT('Ctrl Pts',(0.,1.541479938322,-5.1590136789968));
#8300=CARTESIAN_POINT('Ctrl Pts',(0.,1.54447602060598,-5.19615628274932));
#8301=CARTESIAN_POINT('Ctrl Pts',(0.,1.54967225906942,-5.231482546143));
#8302=CARTESIAN_POINT('Ctrl Pts',(0.,1.55689168874417,-5.2649264981852));
#8303=CARTESIAN_POINT('Ctrl Pts',(0.,1.56581806473142,-5.29660070723867));
#8304=CARTESIAN_POINT('Ctrl Pts',(0.,1.57704823670178,-5.32637382899193));
#8305=CARTESIAN_POINT('Ctrl Pts',(0.,1.59050117481403,-5.35419371479702));
#8306=CARTESIAN_POINT('Ctrl Pts',(0.,1.60580064224321,-5.38029241946813));
#8307=CARTESIAN_POINT('Ctrl Pts',(0.,1.62318152619314,-5.40455909290654));
#8308=CARTESIAN_POINT('Ctrl Pts',(0.,1.6421747638452,-5.42754556774153));
#8309=CARTESIAN_POINT('Ctrl Pts',(0.,1.66330321804877,-5.44869380879288));
#8310=CARTESIAN_POINT('Ctrl Pts',(0.,1.68606802640613,-5.46853260207531));
#8311=CARTESIAN_POINT('Ctrl Pts',(0.,1.7107694883665,-5.48662985145506));
#8312=CARTESIAN_POINT('Ctrl Pts',(0.,1.73707202419403,-5.50365135869315));
#8313=CARTESIAN_POINT('Ctrl Pts',(0.,1.76543908346289,-5.51876631382813));
#8314=CARTESIAN_POINT('Ctrl Pts',(0.,1.79534474017083,-5.53253486541905));
#8315=CARTESIAN_POINT('Ctrl Pts',(0.,1.82649945383283,-5.54461981744021));
#8316=CARTESIAN_POINT('Ctrl Pts',(0.,1.85828783279732,-5.55531077289304));
#8317=CARTESIAN_POINT('Ctrl Pts',(0.,1.8907732188391,-5.56405121343612));
#8318=CARTESIAN_POINT('Ctrl Pts',(0.,1.923682253083,-5.57157616871828));
#8319=CARTESIAN_POINT('Ctrl Pts',(0.,1.95729184242877,-5.57704268411282));
#8320=CARTESIAN_POINT('Ctrl Pts',(0.,1.99134981210189,-5.5813829280883));
#8321=CARTESIAN_POINT('Ctrl Pts',(0.,2.02606496692026,-5.58376928148647));
#8322=CARTESIAN_POINT('Ctrl Pts',(0.,2.04940024055288,-5.58408330041682));
#8323=CARTESIAN_POINT('Ctrl Pts',(0.,2.06115567860915,-5.58424149140881));
#8324=CARTESIAN_POINT('',(0.,2.56656433245531,-5.12350431192163));
#8325=CARTESIAN_POINT('Ctrl Pts',(0.,2.06115567860915,-5.58424149140881));
#8326=CARTESIAN_POINT('Ctrl Pts',(0.,2.07384614802367,-5.58401524496549));
#8327=CARTESIAN_POINT('Ctrl Pts',(0.,2.09891931034079,-5.5835682391368));
#8328=CARTESIAN_POINT('Ctrl Pts',(0.,2.13591548914405,-5.58104489848374));
#8329=CARTESIAN_POINT('Ctrl Pts',(0.,2.17162132760089,-5.57641043634138));
#8330=CARTESIAN_POINT('Ctrl Pts',(0.,2.20606031224666,-5.56997451643556));
#8331=CARTESIAN_POINT('Ctrl Pts',(0.,2.23926033371086,-5.56183050302474));
#8332=CARTESIAN_POINT('Ctrl Pts',(0.,2.27123756690113,-5.55177763137463));
#8333=CARTESIAN_POINT('Ctrl Pts',(0.,2.30195109728985,-5.53994306988784));
#8334=CARTESIAN_POINT('Ctrl Pts',(0.,2.33143479269875,-5.52636289813136));
#8335=CARTESIAN_POINT('Ctrl Pts',(0.,2.35935953733773,-5.5109468918563));
#8336=CARTESIAN_POINT('Ctrl Pts',(0.,2.38576502849328,-5.49415515577521));
#8337=CARTESIAN_POINT('Ctrl Pts',(0.,2.41021769974665,-5.47558714250034));
#8338=CARTESIAN_POINT('Ctrl Pts',(0.,2.43318472611626,-5.45579336600585));
#8339=CARTESIAN_POINT('Ctrl Pts',(0.,2.45428368083549,-5.43427946345873));
#8340=CARTESIAN_POINT('Ctrl Pts',(0.,2.47356235797749,-5.41111112886111));
#8341=CARTESIAN_POINT('Ctrl Pts',(0.,2.49119660351047,-5.38648824874121));
#8342=CARTESIAN_POINT('Ctrl Pts',(0.,2.50702270820686,-5.36041441711063));
#8343=CARTESIAN_POINT('Ctrl Pts',(0.,2.52090928703898,-5.33323044931116));
#8344=CARTESIAN_POINT('Ctrl Pts',(0.,2.53327818380789,-5.30534011475224));
#8345=CARTESIAN_POINT('Ctrl Pts',(0.,2.54341617604838,-5.27663248171606));
#8346=CARTESIAN_POINT('Ctrl Pts',(0.,2.55184550905638,-5.2473351524261));
#8347=CARTESIAN_POINT('Ctrl Pts',(0.,2.55855604117855,-5.2173850523909));
#8348=CARTESIAN_POINT('Ctrl Pts',(0.,2.56304339493744,-5.1867121999518));
#8349=CARTESIAN_POINT('Ctrl Pts',(0.,2.56596770232027,-5.15534493732169));
#8350=CARTESIAN_POINT('Ctrl Pts',(0.,2.56636401618885,-5.13419467908117));
#8351=CARTESIAN_POINT('Ctrl Pts',(0.,2.56656433245531,-5.12350431192163));
#8352=CARTESIAN_POINT('',(0.,2.27589926835274,-4.73808764525496));
#8353=CARTESIAN_POINT('Ctrl Pts',(0.,2.56656433245531,-5.12350431192163));
#8354=CARTESIAN_POINT('Ctrl Pts',(0.,2.5663388720023,-5.11154323123782));
#8355=CARTESIAN_POINT('Ctrl Pts',(0.,2.56589570715803,-5.0880325428314));
#8356=CARTESIAN_POINT('Ctrl Pts',(0.,2.56225058889568,-5.0535347963881));
#8357=CARTESIAN_POINT('Ctrl Pts',(0.,2.55614541510071,-5.02049496246046));
#8358=CARTESIAN_POINT('Ctrl Pts',(0.,2.54813600443875,-4.98876987350266));
#8359=CARTESIAN_POINT('Ctrl Pts',(0.,2.53716945397432,-4.95868936933439));
#8360=CARTESIAN_POINT('Ctrl Pts',(0.,2.52413148587876,-4.9299268741545));
#8361=CARTESIAN_POINT('Ctrl Pts',(0.,2.50846794654278,-4.90276851783233));
#8362=CARTESIAN_POINT('Ctrl Pts',(0.,2.49060929835511,-4.87700298518348));
#8363=CARTESIAN_POINT('Ctrl Pts',(0.,2.47052260579382,-4.85304969951929));
#8364=CARTESIAN_POINT('Ctrl Pts',(0.,2.44868773444881,-4.83057346005996));
#8365=CARTESIAN_POINT('Ctrl Pts',(0.,2.42455897181704,-4.81049072977777));
#8366=CARTESIAN_POINT('Ctrl Pts',(0.,2.39872027694875,-4.79200611046708));
#8367=CARTESIAN_POINT('Ctrl Pts',(0.,2.37081335532284,-4.77570118989144));
#8368=CARTESIAN_POINT('Ctrl Pts',(0.,2.34108152533074,-4.76097612651481));
#8369=CARTESIAN_POINT('Ctrl Pts',(0.,2.30930376481051,-4.74831300057909));
#8370=CARTESIAN_POINT('Ctrl Pts',(0.,2.28716967563742,-4.74153759754744));
#8371=CARTESIAN_POINT('Ctrl Pts',(0.,2.27589926835274,-4.73808764525496));
#8372=CARTESIAN_POINT('',(0.,2.24565087091685,-4.8791132862806));
#8373=CARTESIAN_POINT('',(0.,2.27589926835274,-4.73808764525496));
#8374=CARTESIAN_POINT('',(0.,2.45117971707069,-5.13031520935753));
#8375=CARTESIAN_POINT('Ctrl Pts',(0.,2.24565087091685,-4.8791132862806));
#8376=CARTESIAN_POINT('Ctrl Pts',(0.,2.25430032983942,-4.88188280973839));
#8377=CARTESIAN_POINT('Ctrl Pts',(0.,2.27122999723942,-4.88730362408256));
#8378=CARTESIAN_POINT('Ctrl Pts',(0.,2.29535778200294,-4.89692881021299));
#8379=CARTESIAN_POINT('Ctrl Pts',(0.,2.31775624924299,-4.90732369031367));
#8380=CARTESIAN_POINT('Ctrl Pts',(0.,2.33827314425034,-4.91873587897156));
#8381=CARTESIAN_POINT('Ctrl Pts',(0.,2.35691338142875,-4.9311901087875));
#8382=CARTESIAN_POINT('Ctrl Pts',(0.,2.37390350515199,-4.9443995919341));
#8383=CARTESIAN_POINT('Ctrl Pts',(0.,2.3889263921599,-4.95868081439049));
#8384=CARTESIAN_POINT('Ctrl Pts',(0.,2.40232843287069,-4.97374328415748));
#8385=CARTESIAN_POINT('Ctrl Pts',(0.,2.4137456890303,-4.98997595842592));
#8386=CARTESIAN_POINT('Ctrl Pts',(0.,2.42386325689595,-5.00699827281844));
#8387=CARTESIAN_POINT('Ctrl Pts',(0.,2.43223400146031,-5.02516914263043));
#8388=CARTESIAN_POINT('Ctrl Pts',(0.,2.43931392212201,-5.04422716651558));
#8389=CARTESIAN_POINT('Ctrl Pts',(0.,2.44470250462531,-5.06435047780026));
#8390=CARTESIAN_POINT('Ctrl Pts',(0.,2.44849358498369,-5.08545713167877));
#8391=CARTESIAN_POINT('Ctrl Pts',(0.,2.45068767656019,-5.1075656729557));
#8392=CARTESIAN_POINT('Ctrl Pts',(0.,2.45101352711459,-5.12263140207895));
#8393=CARTESIAN_POINT('Ctrl Pts',(0.,2.45117971707069,-5.13031520935753));
#8394=CARTESIAN_POINT('Ctrl Pts',(0.,2.45117971707069,-5.13031520935753));
#8395=CARTESIAN_POINT('Ctrl Pts',(0.,2.451051722767,-5.13913692305401));
#8396=CARTESIAN_POINT('Ctrl Pts',(0.,2.45079999574375,-5.15648663053857));
#8397=CARTESIAN_POINT('Ctrl Pts',(0.,2.44804487139995,-5.18197543797522));
#8398=CARTESIAN_POINT('Ctrl Pts',(0.,2.44398684208851,-5.20645355851105));
#8399=CARTESIAN_POINT('Ctrl Pts',(0.,2.43790147828784,-5.22973855755091));
#8400=CARTESIAN_POINT('Ctrl Pts',(0.,2.43031461209268,-5.25195785227238));
#8401=CARTESIAN_POINT('Ctrl Pts',(0.,2.42086762127943,-5.27297958947931));
#8402=CARTESIAN_POINT('Ctrl Pts',(0.,2.40979463991625,-5.2929825894395));
#8403=CARTESIAN_POINT('Ctrl Pts',(0.,2.39702917340292,-5.3117436084826));
#8404=CARTESIAN_POINT('Ctrl Pts',(0.,2.38267833230457,-5.32910497720753));
#8405=CARTESIAN_POINT('Ctrl Pts',(0.,2.36750724788243,-5.34553783291094));
#8406=CARTESIAN_POINT('Ctrl Pts',(0.,2.35080837540587,-5.36025321620345));
#8407=CARTESIAN_POINT('Ctrl Pts',(0.,2.33313234284081,-5.3738122687175));
#8408=CARTESIAN_POINT('Ctrl Pts',(0.,2.3141668018912,-5.38582015131204));
#8409=CARTESIAN_POINT('Ctrl Pts',(0.,2.29417008618411,-5.39662925716772));
#8410=CARTESIAN_POINT('Ctrl Pts',(0.,2.27297830693986,-5.40617068647642));
#8411=CARTESIAN_POINT('Ctrl Pts',(0.,2.2431524827642,-5.41657149232732));
#8412=CARTESIAN_POINT('Ctrl Pts',(0.,2.20473751101102,-5.42717650791596));
#8413=CARTESIAN_POINT('Ctrl Pts',(0.,2.15773003657267,-5.43637637201714));
#8414=CARTESIAN_POINT('Ctrl Pts',(0.,2.10998196258694,-5.44223646854929));
#8415=CARTESIAN_POINT('Ctrl Pts',(0.,2.07786573780335,-5.44288869948389));
#8416=CARTESIAN_POINT('Ctrl Pts',(0.,2.06175664014762,-5.44321585038317));
#8417=CARTESIAN_POINT('Origin',(19.0240384268434,1.25,-6.4));
#8418=CARTESIAN_POINT('',(5.7,1.25,2.));
#8419=CARTESIAN_POINT('',(5.11410879802373,1.25,2.));
#8420=CARTESIAN_POINT('',(5.7,1.25,6.4));
#8421=CARTESIAN_POINT('',(5.7,1.25,-6.4));
#8422=CARTESIAN_POINT('',(19.0240384268434,1.25,6.4));
#8423=CARTESIAN_POINT('Origin',(19.0240384268434,1.25,-6.4));
#8424=CARTESIAN_POINT('',(5.7,1.25,-2.));
#8425=CARTESIAN_POINT('',(5.7,1.25,-6.4));
#8426=CARTESIAN_POINT('',(5.7,1.25,-6.4));
#8427=CARTESIAN_POINT('',(5.11410879802373,1.25,-2.));
#8428=CARTESIAN_POINT('',(19.0240384268434,1.25,-6.4));
#8429=CARTESIAN_POINT('Origin',(19.0240384268434,1.25,-6.4));
#8430=CARTESIAN_POINT('',(5.7,4.95,-6.4));
#8431=CARTESIAN_POINT('',(5.7,1.25,-6.4));
#8432=CARTESIAN_POINT('',(19.0240384268434,4.95,-6.4));
#8433=CARTESIAN_POINT('Origin',(19.0240384268434,4.95,-6.4));
#8434=CARTESIAN_POINT('',(5.7,4.95,6.4));
#8435=CARTESIAN_POINT('',(5.7,4.95,-6.4));
#8436=CARTESIAN_POINT('',(19.0240384268434,4.95,6.4));
#8437=CARTESIAN_POINT('',(4.7,4.95,5.4));
#8438=CARTESIAN_POINT('',(4.7,4.95,-0.0999999999999985));
#8439=CARTESIAN_POINT('',(4.7,4.95,5.4));
#8440=CARTESIAN_POINT('',(0.999999999999999,4.95,5.4));
#8441=CARTESIAN_POINT('',(0.999999999999999,4.95,5.4));
#8442=CARTESIAN_POINT('',(1.,4.95,-0.0999999999999985));
#8443=CARTESIAN_POINT('',(0.999999999999999,4.95,5.4));
#8444=CARTESIAN_POINT('',(1.,4.95,-0.0999999999999985));
#8445=CARTESIAN_POINT('',(4.65,4.95,-1.35));
#8446=CARTESIAN_POINT('',(4.65,4.95,-2.55));
#8447=CARTESIAN_POINT('',(4.65,4.95,-2.55));
#8448=CARTESIAN_POINT('',(1.05,4.95,-1.35));
#8449=CARTESIAN_POINT('',(1.05,4.95,-1.35));
#8450=CARTESIAN_POINT('',(1.05,4.95,-2.55));
#8451=CARTESIAN_POINT('',(1.05,4.95,-2.55));
#8452=CARTESIAN_POINT('',(1.05,4.95,-2.55));
#8453=CARTESIAN_POINT('',(4.65,4.95,-5.3));
#8454=CARTESIAN_POINT('',(4.65,4.95,-5.8));
#8455=CARTESIAN_POINT('',(4.65,4.95,-5.3));
#8456=CARTESIAN_POINT('',(1.05,4.95,-5.3));
#8457=CARTESIAN_POINT('',(1.05,4.95,-5.3));
#8458=CARTESIAN_POINT('',(1.05,4.95,-5.8));
#8459=CARTESIAN_POINT('',(1.05,4.95,-5.3));
#8460=CARTESIAN_POINT('',(1.05,4.95,-5.8));
#8461=CARTESIAN_POINT('Origin',(19.0240384268434,1.25,6.4));
#8462=CARTESIAN_POINT('',(5.7,1.25,6.4));
#8463=CARTESIAN_POINT('Origin',(5.7,0.,0.));
#8464=CARTESIAN_POINT('',(5.7,-1.05,2.));
#8465=CARTESIAN_POINT('',(5.7,-1.05,2.));
#8466=CARTESIAN_POINT('',(5.7,-1.05,-2.));
#8467=CARTESIAN_POINT('',(5.7,-1.05,-2.));
#8468=CARTESIAN_POINT('',(5.7,1.25,-2.));
#8469=CARTESIAN_POINT('',(5.7,1.05,1.));
#8470=CARTESIAN_POINT('',(5.7,1.05,-1.));
#8471=CARTESIAN_POINT('',(5.7,1.05,-1.));
#8472=CARTESIAN_POINT('',(5.7,0.514944662446878,-1.));
#8473=CARTESIAN_POINT('',(5.7,1.05,-1.));
#8474=CARTESIAN_POINT('',(5.7,0.514944662446878,1.));
#8475=CARTESIAN_POINT('',(5.7,0.514944662446878,-1.));
#8476=CARTESIAN_POINT('',(5.7,1.05,1.));
#8477=CARTESIAN_POINT('Origin',(5.11410879802373,1.25,-2.));
#8478=CARTESIAN_POINT('',(5.11410879802373,-1.05,-2.));
#8479=CARTESIAN_POINT('Origin',(5.11410879802373,-1.05,-2.));
#8480=CARTESIAN_POINT('',(5.11410879802373,-1.05,2.));
#8481=CARTESIAN_POINT('Origin',(5.11410879802373,-1.05,2.));
#8482=CARTESIAN_POINT('Origin',(5.11410879802373,0.514944662446878,-1.));
#8483=CARTESIAN_POINT('',(5.11410879802373,0.514944662446878,1.));
#8484=CARTESIAN_POINT('',(5.11410879802373,0.514944662446878,-1.));
#8485=CARTESIAN_POINT('Origin',(5.11410879802373,1.05,1.));
#8486=CARTESIAN_POINT('',(5.11410879802373,1.05,1.));
#8487=CARTESIAN_POINT('Origin',(5.11410879802373,1.05,-1.));
#8488=CARTESIAN_POINT('',(5.11410879802373,1.05,-1.));
#8489=CARTESIAN_POINT('Origin',(5.11410879802373,1.05,-1.));
#8490=CARTESIAN_POINT('Origin',(4.65,4.85,-5.3));
#8491=CARTESIAN_POINT('',(4.65,3.85,-5.8));
#8492=CARTESIAN_POINT('',(4.65,4.85,-5.8));
#8493=CARTESIAN_POINT('',(4.65,3.85,-5.3));
#8494=CARTESIAN_POINT('',(4.65,3.85,-5.3));
#8495=CARTESIAN_POINT('',(4.65,4.85,-5.3));
#8496=CARTESIAN_POINT('Origin',(1.05,4.85,-5.3));
#8497=CARTESIAN_POINT('',(1.05,3.85,-5.3));
#8498=CARTESIAN_POINT('',(1.05,3.85,-5.3));
#8499=CARTESIAN_POINT('',(1.05,4.85,-5.3));
#8500=CARTESIAN_POINT('Origin',(1.05,4.85,-5.3));
#8501=CARTESIAN_POINT('',(1.05,3.85,-5.8));
#8502=CARTESIAN_POINT('',(1.05,3.85,-5.8));
#8503=CARTESIAN_POINT('',(1.05,4.85,-5.8));
#8504=CARTESIAN_POINT('Origin',(1.05,4.85,-5.8));
#8505=CARTESIAN_POINT('',(4.65,3.85,-5.8));
#8506=CARTESIAN_POINT('Origin',(4.65,4.85,-2.55));
#8507=CARTESIAN_POINT('',(4.65,4.85,-2.55));
#8508=CARTESIAN_POINT('',(4.65,4.85,-2.55));
#8509=CARTESIAN_POINT('',(4.65,4.85,-1.35));
#8510=CARTESIAN_POINT('',(4.65,4.85,-2.55));
#8511=CARTESIAN_POINT('',(4.65,4.85,-1.35));
#8512=CARTESIAN_POINT('Origin',(1.05,4.85,-1.35));
#8513=CARTESIAN_POINT('',(1.05,4.85,-1.35));
#8514=CARTESIAN_POINT('',(1.05,4.85,-1.35));
#8515=CARTESIAN_POINT('',(1.05,4.85,-1.35));
#8516=CARTESIAN_POINT('Origin',(1.05,4.85,-2.55));
#8517=CARTESIAN_POINT('',(1.05,4.85,-2.55));
#8518=CARTESIAN_POINT('',(1.05,4.85,-2.55));
#8519=CARTESIAN_POINT('',(1.05,4.85,-2.55));
#8520=CARTESIAN_POINT('Origin',(1.05,4.85,-2.55));
#8521=CARTESIAN_POINT('',(1.05,4.85,-2.55));
#8522=CARTESIAN_POINT('Origin',(0.,4.85,0.));
#8523=CARTESIAN_POINT('Origin',(4.7,4.85,5.4));
#8524=CARTESIAN_POINT('',(4.7,4.85,-0.0999999999999985));
#8525=CARTESIAN_POINT('',(4.7,4.85,-0.0999999999999985));
#8526=CARTESIAN_POINT('',(4.7,4.85,5.4));
#8527=CARTESIAN_POINT('',(4.7,4.85,5.4));
#8528=CARTESIAN_POINT('',(4.7,4.85,5.4));
#8529=CARTESIAN_POINT('Origin',(0.999999999999999,4.85,5.4));
#8530=CARTESIAN_POINT('',(0.999999999999999,4.85,5.4));
#8531=CARTESIAN_POINT('',(0.999999999999999,4.85,5.4));
#8532=CARTESIAN_POINT('',(0.999999999999999,4.85,5.4));
#8533=CARTESIAN_POINT('Origin',(0.999999999999999,4.85,5.4));
#8534=CARTESIAN_POINT('',(1.,4.85,-0.0999999999999985));
#8535=CARTESIAN_POINT('',(0.999999999999999,4.85,5.4));
#8536=CARTESIAN_POINT('',(1.,4.85,-0.0999999999999985));
#8537=CARTESIAN_POINT('Origin',(1.,4.85,-0.0999999999999985));
#8538=CARTESIAN_POINT('',(1.,4.85,-0.0999999999999985));
#8539=CARTESIAN_POINT('Origin',(0.,4.85,0.));
#8540=CARTESIAN_POINT('Ctrl Pts',(-0.1,1.6563079221989,-5.1339209785883));
#8541=CARTESIAN_POINT('Ctrl Pts',(0.02,1.6563079221989,-5.1339209785883));
#8542=CARTESIAN_POINT('Ctrl Pts',(-0.1,1.65649018155694,-5.12523041691903));
#8543=CARTESIAN_POINT('Ctrl Pts',(0.02,1.65649018155694,-5.12523041691903));
#8544=CARTESIAN_POINT('Ctrl Pts',(-0.1,1.65685020823397,-5.10806348473626));
#8545=CARTESIAN_POINT('Ctrl Pts',(0.02,1.65685020823397,-5.10806348473626));
#8546=CARTESIAN_POINT('Ctrl Pts',(-0.1,1.6600015419886,-5.08289458236871));
#8547=CARTESIAN_POINT('Ctrl Pts',(0.02,1.6600015419886,-5.08289458236871));
#8548=CARTESIAN_POINT('Ctrl Pts',(-0.1,1.66464544447343,-5.05863210745966));
#8549=CARTESIAN_POINT('Ctrl Pts',(0.02,1.66464544447343,-5.05863210745966));
#8550=CARTESIAN_POINT('Ctrl Pts',(-0.1,1.67181145494092,-5.03556999650132));
#8551=CARTESIAN_POINT('Ctrl Pts',(0.02,1.67181145494092,-5.03556999650132));
#8552=CARTESIAN_POINT('Ctrl Pts',(-0.1,1.68058539516942,-5.01339803803017));
#8553=CARTESIAN_POINT('Ctrl Pts',(0.02,1.68058539516942,-5.01339803803017));
#8554=CARTESIAN_POINT('Ctrl Pts',(-0.1,1.69140519794527,-4.99229789326556));
#8555=CARTESIAN_POINT('Ctrl Pts',(0.02,1.69140519794527,-4.99229789326556));
#8556=CARTESIAN_POINT('Ctrl Pts',(-0.1,1.70441826273371,-4.97233591889442));
#8557=CARTESIAN_POINT('Ctrl Pts',(0.02,1.70441826273371,-4.97233591889442));
#8558=CARTESIAN_POINT('Ctrl Pts',(-0.1,1.71919337547729,-4.95327731822175));
#8559=CARTESIAN_POINT('Ctrl Pts',(0.02,1.71919337547729,-4.95327731822175));
#8560=CARTESIAN_POINT('Ctrl Pts',(-0.1,1.73600492891865,-4.93547354868362));
#8561=CARTESIAN_POINT('Ctrl Pts',(0.02,1.73600492891865,-4.93547354868362));
#8562=CARTESIAN_POINT('Ctrl Pts',(-0.1,1.75471748102203,-4.91915735102805));
#8563=CARTESIAN_POINT('Ctrl Pts',(0.02,1.75471748102203,-4.91915735102805));
#8564=CARTESIAN_POINT('Ctrl Pts',(-0.1,1.77541633957228,-4.90451987826029));
#8565=CARTESIAN_POINT('Ctrl Pts',(0.02,1.77541633957228,-4.90451987826029));
#8566=CARTESIAN_POINT('Ctrl Pts',(-0.1,1.79776931810593,-4.89094725756362));
#8567=CARTESIAN_POINT('Ctrl Pts',(0.02,1.79776931810593,-4.89094725756362));
#8568=CARTESIAN_POINT('Ctrl Pts',(-0.1,1.82244418265468,-4.87954376166135));
#8569=CARTESIAN_POINT('Ctrl Pts',(0.02,1.82244418265468,-4.87954376166135));
#8570=CARTESIAN_POINT('Ctrl Pts',(-0.1,1.84870548412331,-4.86898143187335));
#8571=CARTESIAN_POINT('Ctrl Pts',(0.02,1.84870548412331,-4.86898143187335));
#8572=CARTESIAN_POINT('Ctrl Pts',(-0.1,1.87698485033595,-4.86018013568979));
#8573=CARTESIAN_POINT('Ctrl Pts',(0.02,1.87698485033595,-4.86018013568979));
#8574=CARTESIAN_POINT('Ctrl Pts',(-0.1,1.89665833050996,-4.85574033884124));
#8575=CARTESIAN_POINT('Ctrl Pts',(0.02,1.89665833050996,-4.85574033884124));
#8576=CARTESIAN_POINT('Ctrl Pts',(-0.1,1.90670856322454,-4.85347226063958));
#8577=CARTESIAN_POINT('Ctrl Pts',(0.02,1.90670856322454,-4.85347226063958));
#8578=CARTESIAN_POINT('',(-0.1,1.6563079221989,-5.1339209785883));
#8579=CARTESIAN_POINT('',(-0.1,1.6563079221989,-5.1339209785883));
#8580=CARTESIAN_POINT('',(-0.1,1.90670856322454,-4.85347226063958));
#8581=CARTESIAN_POINT('Ctrl Pts',(-0.1,1.6563079221989,-5.1339209785883));
#8582=CARTESIAN_POINT('Ctrl Pts',(-0.1,1.65649018155694,-5.12523041691903));
#8583=CARTESIAN_POINT('Ctrl Pts',(-0.1,1.65685020823397,-5.10806348473626));
#8584=CARTESIAN_POINT('Ctrl Pts',(-0.1,1.6600015419886,-5.08289458236871));
#8585=CARTESIAN_POINT('Ctrl Pts',(-0.1,1.66464544447343,-5.05863210745966));
#8586=CARTESIAN_POINT('Ctrl Pts',(-0.1,1.67181145494092,-5.03556999650132));
#8587=CARTESIAN_POINT('Ctrl Pts',(-0.1,1.68058539516942,-5.01339803803017));
#8588=CARTESIAN_POINT('Ctrl Pts',(-0.1,1.69140519794527,-4.99229789326556));
#8589=CARTESIAN_POINT('Ctrl Pts',(-0.1,1.70441826273371,-4.97233591889442));
#8590=CARTESIAN_POINT('Ctrl Pts',(-0.1,1.71919337547729,-4.95327731822175));
#8591=CARTESIAN_POINT('Ctrl Pts',(-0.1,1.73600492891865,-4.93547354868362));
#8592=CARTESIAN_POINT('Ctrl Pts',(-0.1,1.75471748102203,-4.91915735102805));
#8593=CARTESIAN_POINT('Ctrl Pts',(-0.1,1.77541633957228,-4.90451987826029));
#8594=CARTESIAN_POINT('Ctrl Pts',(-0.1,1.79776931810593,-4.89094725756362));
#8595=CARTESIAN_POINT('Ctrl Pts',(-0.1,1.82244418265468,-4.87954376166135));
#8596=CARTESIAN_POINT('Ctrl Pts',(-0.1,1.84870548412331,-4.86898143187335));
#8597=CARTESIAN_POINT('Ctrl Pts',(-0.1,1.87698485033595,-4.86018013568979));
#8598=CARTESIAN_POINT('Ctrl Pts',(-0.1,1.89665833050996,-4.85574033884124));
#8599=CARTESIAN_POINT('Ctrl Pts',(-0.1,1.90670856322454,-4.85347226063958));
#8600=CARTESIAN_POINT('',(-0.1,1.90670856322454,-4.85347226063958));
#8601=CARTESIAN_POINT('Ctrl Pts',(-0.1,2.06175664014762,-5.44321585038317));
#8602=CARTESIAN_POINT('Ctrl Pts',(0.0199999999999998,2.06175664014762,-5.44321585038317));
#8603=CARTESIAN_POINT('Ctrl Pts',(-0.1,2.04150214570286,-5.44284687060034));
#8604=CARTESIAN_POINT('Ctrl Pts',(0.0199999999999998,2.04150214570286,-5.44284687060034));
#8605=CARTESIAN_POINT('Ctrl Pts',(-0.1,2.002206592244,-5.44213101640704));
#8606=CARTESIAN_POINT('Ctrl Pts',(0.0199999999999998,2.002206592244,-5.44213101640704));
#8607=CARTESIAN_POINT('Ctrl Pts',(-0.1,1.94526084445104,-5.43506729501891));
#8608=CARTESIAN_POINT('Ctrl Pts',(0.0199999999999998,1.94526084445104,-5.43506729501891));
#8609=CARTESIAN_POINT('Ctrl Pts',(-0.1,1.89214578987523,-5.42429768311752));
#8610=CARTESIAN_POINT('Ctrl Pts',(0.0199999999999998,1.89214578987523,-5.42429768311752));
#8611=CARTESIAN_POINT('Ctrl Pts',(-0.1,1.85070546417562,-5.41130031314438));
#8612=CARTESIAN_POINT('Ctrl Pts',(0.0199999999999998,1.85070546417562,-5.41130031314438));
#8613=CARTESIAN_POINT('Ctrl Pts',(-0.1,1.8201382996921,-5.39826264516199));
#8614=CARTESIAN_POINT('Ctrl Pts',(0.0199999999999998,1.8201382996921,-5.39826264516199));
#8615=CARTESIAN_POINT('Ctrl Pts',(-0.1,1.79873167357247,-5.38771843437864));
#8616=CARTESIAN_POINT('Ctrl Pts',(0.0199999999999998,1.79873167357247,-5.38771843437864));
#8617=CARTESIAN_POINT('Ctrl Pts',(-0.1,1.77892302025699,-5.37568263842074));
#8618=CARTESIAN_POINT('Ctrl Pts',(0.0199999999999998,1.77892302025699,-5.37568263842074));
#8619=CARTESIAN_POINT('Ctrl Pts',(-0.1,1.76059984399241,-5.36245463140122));
#8620=CARTESIAN_POINT('Ctrl Pts',(0.0199999999999998,1.76059984399241,-5.36245463140122));
#8621=CARTESIAN_POINT('Ctrl Pts',(-0.1,1.74381559294371,-5.34786402270566));
#8622=CARTESIAN_POINT('Ctrl Pts',(0.0199999999999998,1.74381559294371,-5.34786402270566));
#8623=CARTESIAN_POINT('Ctrl Pts',(-0.1,1.72848110798976,-5.3321140890522));
#8624=CARTESIAN_POINT('Ctrl Pts',(0.0199999999999998,1.72848110798976,-5.3321140890522));
#8625=CARTESIAN_POINT('Ctrl Pts',(-0.1,1.71444883528329,-5.31520131233519));
#8626=CARTESIAN_POINT('Ctrl Pts',(0.0199999999999998,1.71444883528329,-5.31520131233519));
#8627=CARTESIAN_POINT('Ctrl Pts',(-0.1,1.70237565101019,-5.29692529185385));
#8628=CARTESIAN_POINT('Ctrl Pts',(0.0199999999999998,1.70237565101019,-5.29692529185385));
#8629=CARTESIAN_POINT('Ctrl Pts',(-0.1,1.69165571613794,-5.27798949461236));
#8630=CARTESIAN_POINT('Ctrl Pts',(0.0199999999999998,1.69165571613794,-5.27798949461236));
#8631=CARTESIAN_POINT('Ctrl Pts',(-0.1,1.68212334533446,-5.25863287511463));
#8632=CARTESIAN_POINT('Ctrl Pts',(0.0199999999999998,1.68212334533446,-5.25863287511463));
#8633=CARTESIAN_POINT('Ctrl Pts',(-0.1,1.67406128800317,-5.2388432462207));
#8634=CARTESIAN_POINT('Ctrl Pts',(0.0199999999999998,1.67406128800317,-5.2388432462207));
#8635=CARTESIAN_POINT('Ctrl Pts',(-0.1,1.6677985181341,-5.2185407651361));
#8636=CARTESIAN_POINT('Ctrl Pts',(0.0199999999999998,1.6677985181341,-5.2185407651361));
#8637=CARTESIAN_POINT('Ctrl Pts',(-0.1,1.66238661427749,-5.19801053300534));
#8638=CARTESIAN_POINT('Ctrl Pts',(0.0199999999999998,1.66238661427749,-5.19801053300534));
#8639=CARTESIAN_POINT('Ctrl Pts',(-0.1,1.65885130467668,-5.17702643047942));
#8640=CARTESIAN_POINT('Ctrl Pts',(0.0199999999999998,1.65885130467668,-5.17702643047942));
#8641=CARTESIAN_POINT('Ctrl Pts',(-0.1,1.65685608732149,-5.15559444140867));
#8642=CARTESIAN_POINT('Ctrl Pts',(0.0199999999999998,1.65685608732149,-5.15559444140867));
#8643=CARTESIAN_POINT('Ctrl Pts',(-0.1,1.6564921089321,-5.14120339067482));
#8644=CARTESIAN_POINT('Ctrl Pts',(0.0199999999999998,1.6564921089321,-5.14120339067482));
#8645=CARTESIAN_POINT('Ctrl Pts',(-0.1,1.6563079221989,-5.1339209785883));
#8646=CARTESIAN_POINT('Ctrl Pts',(0.0199999999999998,1.6563079221989,-5.1339209785883));
#8647=CARTESIAN_POINT('',(-0.1,2.06175664014762,-5.44321585038317));
#8648=CARTESIAN_POINT('',(-0.1,2.06175664014762,-5.44321585038317));
#8649=CARTESIAN_POINT('Ctrl Pts',(-0.1,2.06175664014762,-5.44321585038317));
#8650=CARTESIAN_POINT('Ctrl Pts',(-0.1,2.04150214570286,-5.44284687060034));
#8651=CARTESIAN_POINT('Ctrl Pts',(-0.1,2.002206592244,-5.44213101640704));
#8652=CARTESIAN_POINT('Ctrl Pts',(-0.1,1.94526084445104,-5.43506729501891));
#8653=CARTESIAN_POINT('Ctrl Pts',(-0.1,1.89214578987523,-5.42429768311752));
#8654=CARTESIAN_POINT('Ctrl Pts',(-0.1,1.85070546417562,-5.41130031314438));
#8655=CARTESIAN_POINT('Ctrl Pts',(-0.1,1.8201382996921,-5.39826264516199));
#8656=CARTESIAN_POINT('Ctrl Pts',(-0.1,1.79873167357247,-5.38771843437864));
#8657=CARTESIAN_POINT('Ctrl Pts',(-0.1,1.77892302025699,-5.37568263842074));
#8658=CARTESIAN_POINT('Ctrl Pts',(-0.1,1.76059984399241,-5.36245463140122));
#8659=CARTESIAN_POINT('Ctrl Pts',(-0.1,1.74381559294371,-5.34786402270566));
#8660=CARTESIAN_POINT('Ctrl Pts',(-0.1,1.72848110798976,-5.3321140890522));
#8661=CARTESIAN_POINT('Ctrl Pts',(-0.1,1.71444883528329,-5.31520131233519));
#8662=CARTESIAN_POINT('Ctrl Pts',(-0.1,1.70237565101019,-5.29692529185385));
#8663=CARTESIAN_POINT('Ctrl Pts',(-0.1,1.69165571613794,-5.27798949461236));
#8664=CARTESIAN_POINT('Ctrl Pts',(-0.1,1.68212334533446,-5.25863287511463));
#8665=CARTESIAN_POINT('Ctrl Pts',(-0.1,1.67406128800317,-5.2388432462207));
#8666=CARTESIAN_POINT('Ctrl Pts',(-0.1,1.6677985181341,-5.2185407651361));
#8667=CARTESIAN_POINT('Ctrl Pts',(-0.1,1.66238661427749,-5.19801053300534));
#8668=CARTESIAN_POINT('Ctrl Pts',(-0.1,1.65885130467668,-5.17702643047942));
#8669=CARTESIAN_POINT('Ctrl Pts',(-0.1,1.65685608732149,-5.15559444140867));
#8670=CARTESIAN_POINT('Ctrl Pts',(-0.1,1.6564921089321,-5.14120339067482));
#8671=CARTESIAN_POINT('Ctrl Pts',(-0.1,1.6563079221989,-5.1339209785883));
#8672=CARTESIAN_POINT('Ctrl Pts',(-0.1,2.45117971707069,-5.13031520935753));
#8673=CARTESIAN_POINT('Ctrl Pts',(0.02,2.45117971707069,-5.13031520935753));
#8674=CARTESIAN_POINT('Ctrl Pts',(-0.1,2.451051722767,-5.13913692305401));
#8675=CARTESIAN_POINT('Ctrl Pts',(0.02,2.451051722767,-5.13913692305401));
#8676=CARTESIAN_POINT('Ctrl Pts',(-0.1,2.45079999574375,-5.15648663053857));
#8677=CARTESIAN_POINT('Ctrl Pts',(0.02,2.45079999574375,-5.15648663053857));
#8678=CARTESIAN_POINT('Ctrl Pts',(-0.1,2.44804487139995,-5.18197543797522));
#8679=CARTESIAN_POINT('Ctrl Pts',(0.02,2.44804487139995,-5.18197543797522));
#8680=CARTESIAN_POINT('Ctrl Pts',(-0.1,2.44398684208851,-5.20645355851105));
#8681=CARTESIAN_POINT('Ctrl Pts',(0.02,2.44398684208851,-5.20645355851105));
#8682=CARTESIAN_POINT('Ctrl Pts',(-0.1,2.43790147828784,-5.22973855755091));
#8683=CARTESIAN_POINT('Ctrl Pts',(0.02,2.43790147828784,-5.22973855755091));
#8684=CARTESIAN_POINT('Ctrl Pts',(-0.1,2.43031461209268,-5.25195785227238));
#8685=CARTESIAN_POINT('Ctrl Pts',(0.02,2.43031461209268,-5.25195785227238));
#8686=CARTESIAN_POINT('Ctrl Pts',(-0.1,2.42086762127943,-5.27297958947931));
#8687=CARTESIAN_POINT('Ctrl Pts',(0.02,2.42086762127943,-5.27297958947931));
#8688=CARTESIAN_POINT('Ctrl Pts',(-0.1,2.40979463991625,-5.2929825894395));
#8689=CARTESIAN_POINT('Ctrl Pts',(0.02,2.40979463991625,-5.2929825894395));
#8690=CARTESIAN_POINT('Ctrl Pts',(-0.1,2.39702917340292,-5.3117436084826));
#8691=CARTESIAN_POINT('Ctrl Pts',(0.02,2.39702917340292,-5.3117436084826));
#8692=CARTESIAN_POINT('Ctrl Pts',(-0.1,2.38267833230457,-5.32910497720753));
#8693=CARTESIAN_POINT('Ctrl Pts',(0.02,2.38267833230457,-5.32910497720753));
#8694=CARTESIAN_POINT('Ctrl Pts',(-0.1,2.36750724788243,-5.34553783291094));
#8695=CARTESIAN_POINT('Ctrl Pts',(0.02,2.36750724788243,-5.34553783291094));
#8696=CARTESIAN_POINT('Ctrl Pts',(-0.1,2.35080837540587,-5.36025321620345));
#8697=CARTESIAN_POINT('Ctrl Pts',(0.02,2.35080837540587,-5.36025321620345));
#8698=CARTESIAN_POINT('Ctrl Pts',(-0.1,2.33313234284081,-5.3738122687175));
#8699=CARTESIAN_POINT('Ctrl Pts',(0.02,2.33313234284081,-5.3738122687175));
#8700=CARTESIAN_POINT('Ctrl Pts',(-0.1,2.3141668018912,-5.38582015131204));
#8701=CARTESIAN_POINT('Ctrl Pts',(0.02,2.3141668018912,-5.38582015131204));
#8702=CARTESIAN_POINT('Ctrl Pts',(-0.1,2.29417008618411,-5.39662925716772));
#8703=CARTESIAN_POINT('Ctrl Pts',(0.02,2.29417008618411,-5.39662925716772));
#8704=CARTESIAN_POINT('Ctrl Pts',(-0.1,2.27297830693986,-5.40617068647642));
#8705=CARTESIAN_POINT('Ctrl Pts',(0.02,2.27297830693986,-5.40617068647642));
#8706=CARTESIAN_POINT('Ctrl Pts',(-0.1,2.2431524827642,-5.41657149232732));
#8707=CARTESIAN_POINT('Ctrl Pts',(0.02,2.2431524827642,-5.41657149232732));
#8708=CARTESIAN_POINT('Ctrl Pts',(-0.1,2.20473751101102,-5.42717650791596));
#8709=CARTESIAN_POINT('Ctrl Pts',(0.02,2.20473751101102,-5.42717650791596));
#8710=CARTESIAN_POINT('Ctrl Pts',(-0.1,2.15773003657267,-5.43637637201714));
#8711=CARTESIAN_POINT('Ctrl Pts',(0.02,2.15773003657267,-5.43637637201714));
#8712=CARTESIAN_POINT('Ctrl Pts',(-0.1,2.10998196258694,-5.44223646854929));
#8713=CARTESIAN_POINT('Ctrl Pts',(0.02,2.10998196258694,-5.44223646854929));
#8714=CARTESIAN_POINT('Ctrl Pts',(-0.1,2.07786573780335,-5.44288869948389));
#8715=CARTESIAN_POINT('Ctrl Pts',(0.02,2.07786573780335,-5.44288869948389));
#8716=CARTESIAN_POINT('Ctrl Pts',(-0.1,2.06175664014762,-5.44321585038317));
#8717=CARTESIAN_POINT('Ctrl Pts',(0.02,2.06175664014762,-5.44321585038317));
#8718=CARTESIAN_POINT('',(-0.1,2.45117971707069,-5.13031520935753));
#8719=CARTESIAN_POINT('',(-0.1,2.45117971707069,-5.13031520935753));
#8720=CARTESIAN_POINT('Ctrl Pts',(-0.1,2.45117971707069,-5.13031520935753));
#8721=CARTESIAN_POINT('Ctrl Pts',(-0.1,2.451051722767,-5.13913692305401));
#8722=CARTESIAN_POINT('Ctrl Pts',(-0.1,2.45079999574375,-5.15648663053857));
#8723=CARTESIAN_POINT('Ctrl Pts',(-0.1,2.44804487139995,-5.18197543797522));
#8724=CARTESIAN_POINT('Ctrl Pts',(-0.1,2.44398684208851,-5.20645355851105));
#8725=CARTESIAN_POINT('Ctrl Pts',(-0.1,2.43790147828784,-5.22973855755091));
#8726=CARTESIAN_POINT('Ctrl Pts',(-0.1,2.43031461209268,-5.25195785227238));
#8727=CARTESIAN_POINT('Ctrl Pts',(-0.1,2.42086762127943,-5.27297958947931));
#8728=CARTESIAN_POINT('Ctrl Pts',(-0.1,2.40979463991625,-5.2929825894395));
#8729=CARTESIAN_POINT('Ctrl Pts',(-0.1,2.39702917340292,-5.3117436084826));
#8730=CARTESIAN_POINT('Ctrl Pts',(-0.1,2.38267833230457,-5.32910497720753));
#8731=CARTESIAN_POINT('Ctrl Pts',(-0.1,2.36750724788243,-5.34553783291094));
#8732=CARTESIAN_POINT('Ctrl Pts',(-0.1,2.35080837540587,-5.36025321620345));
#8733=CARTESIAN_POINT('Ctrl Pts',(-0.1,2.33313234284081,-5.3738122687175));
#8734=CARTESIAN_POINT('Ctrl Pts',(-0.1,2.3141668018912,-5.38582015131204));
#8735=CARTESIAN_POINT('Ctrl Pts',(-0.1,2.29417008618411,-5.39662925716772));
#8736=CARTESIAN_POINT('Ctrl Pts',(-0.1,2.27297830693986,-5.40617068647642));
#8737=CARTESIAN_POINT('Ctrl Pts',(-0.1,2.2431524827642,-5.41657149232732));
#8738=CARTESIAN_POINT('Ctrl Pts',(-0.1,2.20473751101102,-5.42717650791596));
#8739=CARTESIAN_POINT('Ctrl Pts',(-0.1,2.15773003657267,-5.43637637201714));
#8740=CARTESIAN_POINT('Ctrl Pts',(-0.1,2.10998196258694,-5.44223646854929));
#8741=CARTESIAN_POINT('Ctrl Pts',(-0.1,2.07786573780335,-5.44288869948389));
#8742=CARTESIAN_POINT('Ctrl Pts',(-0.1,2.06175664014762,-5.44321585038317));
#8743=CARTESIAN_POINT('Ctrl Pts',(-0.1,2.24565087091685,-4.8791132862806));
#8744=CARTESIAN_POINT('Ctrl Pts',(0.0199999999999999,2.24565087091685,-4.8791132862806));
#8745=CARTESIAN_POINT('Ctrl Pts',(-0.1,2.25430032983942,-4.88188280973839));
#8746=CARTESIAN_POINT('Ctrl Pts',(0.0199999999999999,2.25430032983942,-4.88188280973839));
#8747=CARTESIAN_POINT('Ctrl Pts',(-0.1,2.27122999723942,-4.88730362408256));
#8748=CARTESIAN_POINT('Ctrl Pts',(0.0199999999999999,2.27122999723942,-4.88730362408256));
#8749=CARTESIAN_POINT('Ctrl Pts',(-0.1,2.29535778200294,-4.89692881021299));
#8750=CARTESIAN_POINT('Ctrl Pts',(0.0199999999999999,2.29535778200294,-4.89692881021299));
#8751=CARTESIAN_POINT('Ctrl Pts',(-0.1,2.31775624924299,-4.90732369031367));
#8752=CARTESIAN_POINT('Ctrl Pts',(0.0199999999999999,2.31775624924299,-4.90732369031367));
#8753=CARTESIAN_POINT('Ctrl Pts',(-0.1,2.33827314425034,-4.91873587897156));
#8754=CARTESIAN_POINT('Ctrl Pts',(0.0199999999999999,2.33827314425034,-4.91873587897156));
#8755=CARTESIAN_POINT('Ctrl Pts',(-0.1,2.35691338142875,-4.9311901087875));
#8756=CARTESIAN_POINT('Ctrl Pts',(0.0199999999999999,2.35691338142875,-4.9311901087875));
#8757=CARTESIAN_POINT('Ctrl Pts',(-0.1,2.37390350515199,-4.9443995919341));
#8758=CARTESIAN_POINT('Ctrl Pts',(0.0199999999999999,2.37390350515199,-4.9443995919341));
#8759=CARTESIAN_POINT('Ctrl Pts',(-0.1,2.3889263921599,-4.95868081439049));
#8760=CARTESIAN_POINT('Ctrl Pts',(0.0199999999999999,2.3889263921599,-4.95868081439049));
#8761=CARTESIAN_POINT('Ctrl Pts',(-0.1,2.40232843287069,-4.97374328415748));
#8762=CARTESIAN_POINT('Ctrl Pts',(0.0199999999999999,2.40232843287069,-4.97374328415748));
#8763=CARTESIAN_POINT('Ctrl Pts',(-0.1,2.4137456890303,-4.98997595842592));
#8764=CARTESIAN_POINT('Ctrl Pts',(0.0199999999999999,2.4137456890303,-4.98997595842592));
#8765=CARTESIAN_POINT('Ctrl Pts',(-0.1,2.42386325689595,-5.00699827281844));
#8766=CARTESIAN_POINT('Ctrl Pts',(0.0199999999999999,2.42386325689595,-5.00699827281844));
#8767=CARTESIAN_POINT('Ctrl Pts',(-0.1,2.43223400146031,-5.02516914263043));
#8768=CARTESIAN_POINT('Ctrl Pts',(0.0199999999999999,2.43223400146031,-5.02516914263043));
#8769=CARTESIAN_POINT('Ctrl Pts',(-0.1,2.43931392212201,-5.04422716651558));
#8770=CARTESIAN_POINT('Ctrl Pts',(0.0199999999999999,2.43931392212201,-5.04422716651558));
#8771=CARTESIAN_POINT('Ctrl Pts',(-0.1,2.44470250462531,-5.06435047780026));
#8772=CARTESIAN_POINT('Ctrl Pts',(0.0199999999999999,2.44470250462531,-5.06435047780026));
#8773=CARTESIAN_POINT('Ctrl Pts',(-0.1,2.44849358498369,-5.08545713167877));
#8774=CARTESIAN_POINT('Ctrl Pts',(0.0199999999999999,2.44849358498369,-5.08545713167877));
#8775=CARTESIAN_POINT('Ctrl Pts',(-0.1,2.45068767656019,-5.1075656729557));
#8776=CARTESIAN_POINT('Ctrl Pts',(0.0199999999999999,2.45068767656019,-5.1075656729557));
#8777=CARTESIAN_POINT('Ctrl Pts',(-0.1,2.45101352711459,-5.12263140207895));
#8778=CARTESIAN_POINT('Ctrl Pts',(0.0199999999999999,2.45101352711459,-5.12263140207895));
#8779=CARTESIAN_POINT('Ctrl Pts',(-0.1,2.45117971707069,-5.13031520935753));
#8780=CARTESIAN_POINT('Ctrl Pts',(0.0199999999999999,2.45117971707069,-5.13031520935753));
#8781=CARTESIAN_POINT('',(-0.1,2.24565087091685,-4.8791132862806));
#8782=CARTESIAN_POINT('',(-0.1,2.24565087091685,-4.8791132862806));
#8783=CARTESIAN_POINT('Ctrl Pts',(-0.1,2.24565087091685,-4.8791132862806));
#8784=CARTESIAN_POINT('Ctrl Pts',(-0.1,2.25430032983942,-4.88188280973839));
#8785=CARTESIAN_POINT('Ctrl Pts',(-0.1,2.27122999723942,-4.88730362408256));
#8786=CARTESIAN_POINT('Ctrl Pts',(-0.1,2.29535778200294,-4.89692881021299));
#8787=CARTESIAN_POINT('Ctrl Pts',(-0.1,2.31775624924299,-4.90732369031367));
#8788=CARTESIAN_POINT('Ctrl Pts',(-0.1,2.33827314425034,-4.91873587897156));
#8789=CARTESIAN_POINT('Ctrl Pts',(-0.1,2.35691338142875,-4.9311901087875));
#8790=CARTESIAN_POINT('Ctrl Pts',(-0.1,2.37390350515199,-4.9443995919341));
#8791=CARTESIAN_POINT('Ctrl Pts',(-0.1,2.3889263921599,-4.95868081439049));
#8792=CARTESIAN_POINT('Ctrl Pts',(-0.1,2.40232843287069,-4.97374328415748));
#8793=CARTESIAN_POINT('Ctrl Pts',(-0.1,2.4137456890303,-4.98997595842592));
#8794=CARTESIAN_POINT('Ctrl Pts',(-0.1,2.42386325689595,-5.00699827281844));
#8795=CARTESIAN_POINT('Ctrl Pts',(-0.1,2.43223400146031,-5.02516914263043));
#8796=CARTESIAN_POINT('Ctrl Pts',(-0.1,2.43931392212201,-5.04422716651558));
#8797=CARTESIAN_POINT('Ctrl Pts',(-0.1,2.44470250462531,-5.06435047780026));
#8798=CARTESIAN_POINT('Ctrl Pts',(-0.1,2.44849358498369,-5.08545713167877));
#8799=CARTESIAN_POINT('Ctrl Pts',(-0.1,2.45068767656019,-5.1075656729557));
#8800=CARTESIAN_POINT('Ctrl Pts',(-0.1,2.45101352711459,-5.12263140207895));
#8801=CARTESIAN_POINT('Ctrl Pts',(-0.1,2.45117971707069,-5.13031520935753));
#8802=CARTESIAN_POINT('Origin',(-0.1,2.27589926835274,-4.73808764525496));
#8803=CARTESIAN_POINT('',(-0.1,2.27589926835274,-4.73808764525496));
#8804=CARTESIAN_POINT('',(-0.1,2.27589926835274,-4.73808764525496));
#8805=CARTESIAN_POINT('',(-0.1,2.27589926835274,-4.73808764525496));
#8806=CARTESIAN_POINT('Ctrl Pts',(-0.1,2.56656433245531,-5.12350431192163));
#8807=CARTESIAN_POINT('Ctrl Pts',(0.02,2.56656433245531,-5.12350431192163));
#8808=CARTESIAN_POINT('Ctrl Pts',(-0.1,2.5663388720023,-5.11154323123782));
#8809=CARTESIAN_POINT('Ctrl Pts',(0.02,2.5663388720023,-5.11154323123782));
#8810=CARTESIAN_POINT('Ctrl Pts',(-0.1,2.56589570715803,-5.0880325428314));
#8811=CARTESIAN_POINT('Ctrl Pts',(0.02,2.56589570715803,-5.0880325428314));
#8812=CARTESIAN_POINT('Ctrl Pts',(-0.1,2.56225058889568,-5.0535347963881));
#8813=CARTESIAN_POINT('Ctrl Pts',(0.02,2.56225058889568,-5.0535347963881));
#8814=CARTESIAN_POINT('Ctrl Pts',(-0.1,2.55614541510071,-5.02049496246046));
#8815=CARTESIAN_POINT('Ctrl Pts',(0.02,2.55614541510071,-5.02049496246046));
#8816=CARTESIAN_POINT('Ctrl Pts',(-0.1,2.54813600443875,-4.98876987350266));
#8817=CARTESIAN_POINT('Ctrl Pts',(0.02,2.54813600443875,-4.98876987350266));
#8818=CARTESIAN_POINT('Ctrl Pts',(-0.1,2.53716945397432,-4.95868936933439));
#8819=CARTESIAN_POINT('Ctrl Pts',(0.02,2.53716945397432,-4.95868936933439));
#8820=CARTESIAN_POINT('Ctrl Pts',(-0.1,2.52413148587876,-4.9299268741545));
#8821=CARTESIAN_POINT('Ctrl Pts',(0.02,2.52413148587876,-4.9299268741545));
#8822=CARTESIAN_POINT('Ctrl Pts',(-0.1,2.50846794654278,-4.90276851783233));
#8823=CARTESIAN_POINT('Ctrl Pts',(0.02,2.50846794654278,-4.90276851783233));
#8824=CARTESIAN_POINT('Ctrl Pts',(-0.1,2.49060929835511,-4.87700298518348));
#8825=CARTESIAN_POINT('Ctrl Pts',(0.02,2.49060929835511,-4.87700298518348));
#8826=CARTESIAN_POINT('Ctrl Pts',(-0.1,2.47052260579382,-4.85304969951929));
#8827=CARTESIAN_POINT('Ctrl Pts',(0.02,2.47052260579382,-4.85304969951929));
#8828=CARTESIAN_POINT('Ctrl Pts',(-0.1,2.44868773444881,-4.83057346005996));
#8829=CARTESIAN_POINT('Ctrl Pts',(0.02,2.44868773444881,-4.83057346005996));
#8830=CARTESIAN_POINT('Ctrl Pts',(-0.1,2.42455897181704,-4.81049072977777));
#8831=CARTESIAN_POINT('Ctrl Pts',(0.02,2.42455897181704,-4.81049072977777));
#8832=CARTESIAN_POINT('Ctrl Pts',(-0.1,2.39872027694875,-4.79200611046708));
#8833=CARTESIAN_POINT('Ctrl Pts',(0.02,2.39872027694875,-4.79200611046708));
#8834=CARTESIAN_POINT('Ctrl Pts',(-0.1,2.37081335532284,-4.77570118989144));
#8835=CARTESIAN_POINT('Ctrl Pts',(0.02,2.37081335532284,-4.77570118989144));
#8836=CARTESIAN_POINT('Ctrl Pts',(-0.1,2.34108152533074,-4.76097612651481));
#8837=CARTESIAN_POINT('Ctrl Pts',(0.02,2.34108152533074,-4.76097612651481));
#8838=CARTESIAN_POINT('Ctrl Pts',(-0.1,2.30930376481051,-4.74831300057909));
#8839=CARTESIAN_POINT('Ctrl Pts',(0.02,2.30930376481051,-4.74831300057909));
#8840=CARTESIAN_POINT('Ctrl Pts',(-0.1,2.28716967563742,-4.74153759754744));
#8841=CARTESIAN_POINT('Ctrl Pts',(0.02,2.28716967563742,-4.74153759754744));
#8842=CARTESIAN_POINT('Ctrl Pts',(-0.1,2.27589926835274,-4.73808764525496));
#8843=CARTESIAN_POINT('Ctrl Pts',(0.02,2.27589926835274,-4.73808764525496));
#8844=CARTESIAN_POINT('',(-0.1,2.56656433245531,-5.12350431192163));
#8845=CARTESIAN_POINT('',(-0.1,2.56656433245531,-5.12350431192163));
#8846=CARTESIAN_POINT('Ctrl Pts',(-0.1,2.56656433245531,-5.12350431192163));
#8847=CARTESIAN_POINT('Ctrl Pts',(-0.1,2.5663388720023,-5.11154323123782));
#8848=CARTESIAN_POINT('Ctrl Pts',(-0.1,2.56589570715803,-5.0880325428314));
#8849=CARTESIAN_POINT('Ctrl Pts',(-0.1,2.56225058889568,-5.0535347963881));
#8850=CARTESIAN_POINT('Ctrl Pts',(-0.1,2.55614541510071,-5.02049496246046));
#8851=CARTESIAN_POINT('Ctrl Pts',(-0.1,2.54813600443875,-4.98876987350266));
#8852=CARTESIAN_POINT('Ctrl Pts',(-0.1,2.53716945397432,-4.95868936933439));
#8853=CARTESIAN_POINT('Ctrl Pts',(-0.1,2.52413148587876,-4.9299268741545));
#8854=CARTESIAN_POINT('Ctrl Pts',(-0.1,2.50846794654278,-4.90276851783233));
#8855=CARTESIAN_POINT('Ctrl Pts',(-0.1,2.49060929835511,-4.87700298518348));
#8856=CARTESIAN_POINT('Ctrl Pts',(-0.1,2.47052260579382,-4.85304969951929));
#8857=CARTESIAN_POINT('Ctrl Pts',(-0.1,2.44868773444881,-4.83057346005996));
#8858=CARTESIAN_POINT('Ctrl Pts',(-0.1,2.42455897181704,-4.81049072977777));
#8859=CARTESIAN_POINT('Ctrl Pts',(-0.1,2.39872027694875,-4.79200611046708));
#8860=CARTESIAN_POINT('Ctrl Pts',(-0.1,2.37081335532284,-4.77570118989144));
#8861=CARTESIAN_POINT('Ctrl Pts',(-0.1,2.34108152533074,-4.76097612651481));
#8862=CARTESIAN_POINT('Ctrl Pts',(-0.1,2.30930376481051,-4.74831300057909));
#8863=CARTESIAN_POINT('Ctrl Pts',(-0.1,2.28716967563742,-4.74153759754744));
#8864=CARTESIAN_POINT('Ctrl Pts',(-0.1,2.27589926835274,-4.73808764525496));
#8865=CARTESIAN_POINT('Ctrl Pts',(-0.1,2.06115567860915,-5.58424149140881));
#8866=CARTESIAN_POINT('Ctrl Pts',(0.02,2.06115567860915,-5.58424149140881));
#8867=CARTESIAN_POINT('Ctrl Pts',(-0.1,2.07384614802367,-5.58401524496549));
#8868=CARTESIAN_POINT('Ctrl Pts',(0.02,2.07384614802367,-5.58401524496549));
#8869=CARTESIAN_POINT('Ctrl Pts',(-0.1,2.09891931034079,-5.5835682391368));
#8870=CARTESIAN_POINT('Ctrl Pts',(0.02,2.09891931034079,-5.5835682391368));
#8871=CARTESIAN_POINT('Ctrl Pts',(-0.1,2.13591548914405,-5.58104489848374));
#8872=CARTESIAN_POINT('Ctrl Pts',(0.02,2.13591548914405,-5.58104489848374));
#8873=CARTESIAN_POINT('Ctrl Pts',(-0.1,2.17162132760089,-5.57641043634138));
#8874=CARTESIAN_POINT('Ctrl Pts',(0.02,2.17162132760089,-5.57641043634138));
#8875=CARTESIAN_POINT('Ctrl Pts',(-0.1,2.20606031224666,-5.56997451643556));
#8876=CARTESIAN_POINT('Ctrl Pts',(0.02,2.20606031224666,-5.56997451643556));
#8877=CARTESIAN_POINT('Ctrl Pts',(-0.1,2.23926033371086,-5.56183050302474));
#8878=CARTESIAN_POINT('Ctrl Pts',(0.02,2.23926033371086,-5.56183050302474));
#8879=CARTESIAN_POINT('Ctrl Pts',(-0.1,2.27123756690113,-5.55177763137463));
#8880=CARTESIAN_POINT('Ctrl Pts',(0.02,2.27123756690113,-5.55177763137463));
#8881=CARTESIAN_POINT('Ctrl Pts',(-0.1,2.30195109728985,-5.53994306988784));
#8882=CARTESIAN_POINT('Ctrl Pts',(0.02,2.30195109728985,-5.53994306988784));
#8883=CARTESIAN_POINT('Ctrl Pts',(-0.1,2.33143479269875,-5.52636289813136));
#8884=CARTESIAN_POINT('Ctrl Pts',(0.02,2.33143479269875,-5.52636289813136));
#8885=CARTESIAN_POINT('Ctrl Pts',(-0.1,2.35935953733773,-5.5109468918563));
#8886=CARTESIAN_POINT('Ctrl Pts',(0.02,2.35935953733773,-5.5109468918563));
#8887=CARTESIAN_POINT('Ctrl Pts',(-0.1,2.38576502849328,-5.49415515577521));
#8888=CARTESIAN_POINT('Ctrl Pts',(0.02,2.38576502849328,-5.49415515577521));
#8889=CARTESIAN_POINT('Ctrl Pts',(-0.1,2.41021769974665,-5.47558714250034));
#8890=CARTESIAN_POINT('Ctrl Pts',(0.02,2.41021769974665,-5.47558714250034));
#8891=CARTESIAN_POINT('Ctrl Pts',(-0.1,2.43318472611626,-5.45579336600585));
#8892=CARTESIAN_POINT('Ctrl Pts',(0.02,2.43318472611626,-5.45579336600585));
#8893=CARTESIAN_POINT('Ctrl Pts',(-0.1,2.45428368083549,-5.43427946345873));
#8894=CARTESIAN_POINT('Ctrl Pts',(0.02,2.45428368083549,-5.43427946345873));
#8895=CARTESIAN_POINT('Ctrl Pts',(-0.1,2.47356235797749,-5.41111112886111));
#8896=CARTESIAN_POINT('Ctrl Pts',(0.02,2.47356235797749,-5.41111112886111));
#8897=CARTESIAN_POINT('Ctrl Pts',(-0.1,2.49119660351047,-5.38648824874121));
#8898=CARTESIAN_POINT('Ctrl Pts',(0.02,2.49119660351047,-5.38648824874121));
#8899=CARTESIAN_POINT('Ctrl Pts',(-0.1,2.50702270820686,-5.36041441711063));
#8900=CARTESIAN_POINT('Ctrl Pts',(0.02,2.50702270820686,-5.36041441711063));
#8901=CARTESIAN_POINT('Ctrl Pts',(-0.1,2.52090928703898,-5.33323044931116));
#8902=CARTESIAN_POINT('Ctrl Pts',(0.02,2.52090928703898,-5.33323044931116));
#8903=CARTESIAN_POINT('Ctrl Pts',(-0.1,2.53327818380789,-5.30534011475224));
#8904=CARTESIAN_POINT('Ctrl Pts',(0.02,2.53327818380789,-5.30534011475224));
#8905=CARTESIAN_POINT('Ctrl Pts',(-0.1,2.54341617604838,-5.27663248171606));
#8906=CARTESIAN_POINT('Ctrl Pts',(0.02,2.54341617604838,-5.27663248171606));
#8907=CARTESIAN_POINT('Ctrl Pts',(-0.1,2.55184550905638,-5.2473351524261));
#8908=CARTESIAN_POINT('Ctrl Pts',(0.02,2.55184550905638,-5.2473351524261));
#8909=CARTESIAN_POINT('Ctrl Pts',(-0.1,2.55855604117855,-5.2173850523909));
#8910=CARTESIAN_POINT('Ctrl Pts',(0.02,2.55855604117855,-5.2173850523909));
#8911=CARTESIAN_POINT('Ctrl Pts',(-0.1,2.56304339493744,-5.1867121999518));
#8912=CARTESIAN_POINT('Ctrl Pts',(0.02,2.56304339493744,-5.1867121999518));
#8913=CARTESIAN_POINT('Ctrl Pts',(-0.1,2.56596770232027,-5.15534493732169));
#8914=CARTESIAN_POINT('Ctrl Pts',(0.02,2.56596770232027,-5.15534493732169));
#8915=CARTESIAN_POINT('Ctrl Pts',(-0.1,2.56636401618885,-5.13419467908117));
#8916=CARTESIAN_POINT('Ctrl Pts',(0.02,2.56636401618885,-5.13419467908117));
#8917=CARTESIAN_POINT('Ctrl Pts',(-0.1,2.56656433245531,-5.12350431192163));
#8918=CARTESIAN_POINT('Ctrl Pts',(0.02,2.56656433245531,-5.12350431192163));
#8919=CARTESIAN_POINT('',(-0.1,2.06115567860915,-5.58424149140881));
#8920=CARTESIAN_POINT('',(-0.1,2.06115567860915,-5.58424149140881));
#8921=CARTESIAN_POINT('Ctrl Pts',(-0.1,2.06115567860915,-5.58424149140881));
#8922=CARTESIAN_POINT('Ctrl Pts',(-0.1,2.07384614802367,-5.58401524496549));
#8923=CARTESIAN_POINT('Ctrl Pts',(-0.1,2.09891931034079,-5.5835682391368));
#8924=CARTESIAN_POINT('Ctrl Pts',(-0.1,2.13591548914405,-5.58104489848374));
#8925=CARTESIAN_POINT('Ctrl Pts',(-0.1,2.17162132760089,-5.57641043634138));
#8926=CARTESIAN_POINT('Ctrl Pts',(-0.1,2.20606031224666,-5.56997451643556));
#8927=CARTESIAN_POINT('Ctrl Pts',(-0.1,2.23926033371086,-5.56183050302474));
#8928=CARTESIAN_POINT('Ctrl Pts',(-0.1,2.27123756690113,-5.55177763137463));
#8929=CARTESIAN_POINT('Ctrl Pts',(-0.1,2.30195109728985,-5.53994306988784));
#8930=CARTESIAN_POINT('Ctrl Pts',(-0.1,2.33143479269875,-5.52636289813136));
#8931=CARTESIAN_POINT('Ctrl Pts',(-0.1,2.35935953733773,-5.5109468918563));
#8932=CARTESIAN_POINT('Ctrl Pts',(-0.1,2.38576502849328,-5.49415515577521));
#8933=CARTESIAN_POINT('Ctrl Pts',(-0.1,2.41021769974665,-5.47558714250034));
#8934=CARTESIAN_POINT('Ctrl Pts',(-0.1,2.43318472611626,-5.45579336600585));
#8935=CARTESIAN_POINT('Ctrl Pts',(-0.1,2.45428368083549,-5.43427946345873));
#8936=CARTESIAN_POINT('Ctrl Pts',(-0.1,2.47356235797749,-5.41111112886111));
#8937=CARTESIAN_POINT('Ctrl Pts',(-0.1,2.49119660351047,-5.38648824874121));
#8938=CARTESIAN_POINT('Ctrl Pts',(-0.1,2.50702270820686,-5.36041441711063));
#8939=CARTESIAN_POINT('Ctrl Pts',(-0.1,2.52090928703898,-5.33323044931116));
#8940=CARTESIAN_POINT('Ctrl Pts',(-0.1,2.53327818380789,-5.30534011475224));
#8941=CARTESIAN_POINT('Ctrl Pts',(-0.1,2.54341617604838,-5.27663248171606));
#8942=CARTESIAN_POINT('Ctrl Pts',(-0.1,2.55184550905638,-5.2473351524261));
#8943=CARTESIAN_POINT('Ctrl Pts',(-0.1,2.55855604117855,-5.2173850523909));
#8944=CARTESIAN_POINT('Ctrl Pts',(-0.1,2.56304339493744,-5.1867121999518));
#8945=CARTESIAN_POINT('Ctrl Pts',(-0.1,2.56596770232027,-5.15534493732169));
#8946=CARTESIAN_POINT('Ctrl Pts',(-0.1,2.56636401618885,-5.13419467908117));
#8947=CARTESIAN_POINT('Ctrl Pts',(-0.1,2.56656433245531,-5.12350431192163));
#8948=CARTESIAN_POINT('Ctrl Pts',(-0.1,1.54092330681428,-5.12069982474214));
#8949=CARTESIAN_POINT('Ctrl Pts',(0.02,1.54092330681428,-5.12069982474214));
#8950=CARTESIAN_POINT('Ctrl Pts',(-0.1,1.54111158570939,-5.13365936807784));
#8951=CARTESIAN_POINT('Ctrl Pts',(0.02,1.54111158570939,-5.13365936807784));
#8952=CARTESIAN_POINT('Ctrl Pts',(-0.1,1.541479938322,-5.1590136789968));
#8953=CARTESIAN_POINT('Ctrl Pts',(0.02,1.541479938322,-5.1590136789968));
#8954=CARTESIAN_POINT('Ctrl Pts',(-0.1,1.54447602060598,-5.19615628274932));
#8955=CARTESIAN_POINT('Ctrl Pts',(0.02,1.54447602060598,-5.19615628274932));
#8956=CARTESIAN_POINT('Ctrl Pts',(-0.1,1.54967225906942,-5.231482546143));
#8957=CARTESIAN_POINT('Ctrl Pts',(0.02,1.54967225906942,-5.231482546143));
#8958=CARTESIAN_POINT('Ctrl Pts',(-0.1,1.55689168874417,-5.2649264981852));
#8959=CARTESIAN_POINT('Ctrl Pts',(0.02,1.55689168874417,-5.2649264981852));
#8960=CARTESIAN_POINT('Ctrl Pts',(-0.1,1.56581806473142,-5.29660070723867));
#8961=CARTESIAN_POINT('Ctrl Pts',(0.02,1.56581806473142,-5.29660070723867));
#8962=CARTESIAN_POINT('Ctrl Pts',(-0.1,1.57704823670178,-5.32637382899193));
#8963=CARTESIAN_POINT('Ctrl Pts',(0.02,1.57704823670178,-5.32637382899193));
#8964=CARTESIAN_POINT('Ctrl Pts',(-0.1,1.59050117481403,-5.35419371479702));
#8965=CARTESIAN_POINT('Ctrl Pts',(0.02,1.59050117481403,-5.35419371479702));
#8966=CARTESIAN_POINT('Ctrl Pts',(-0.1,1.60580064224321,-5.38029241946813));
#8967=CARTESIAN_POINT('Ctrl Pts',(0.02,1.60580064224321,-5.38029241946813));
#8968=CARTESIAN_POINT('Ctrl Pts',(-0.1,1.62318152619314,-5.40455909290654));
#8969=CARTESIAN_POINT('Ctrl Pts',(0.02,1.62318152619314,-5.40455909290654));
#8970=CARTESIAN_POINT('Ctrl Pts',(-0.1,1.6421747638452,-5.42754556774153));
#8971=CARTESIAN_POINT('Ctrl Pts',(0.02,1.6421747638452,-5.42754556774153));
#8972=CARTESIAN_POINT('Ctrl Pts',(-0.1,1.66330321804877,-5.44869380879288));
#8973=CARTESIAN_POINT('Ctrl Pts',(0.02,1.66330321804877,-5.44869380879288));
#8974=CARTESIAN_POINT('Ctrl Pts',(-0.1,1.68606802640613,-5.46853260207531));
#8975=CARTESIAN_POINT('Ctrl Pts',(0.02,1.68606802640613,-5.46853260207531));
#8976=CARTESIAN_POINT('Ctrl Pts',(-0.1,1.7107694883665,-5.48662985145506));
#8977=CARTESIAN_POINT('Ctrl Pts',(0.02,1.7107694883665,-5.48662985145506));
#8978=CARTESIAN_POINT('Ctrl Pts',(-0.1,1.73707202419403,-5.50365135869315));
#8979=CARTESIAN_POINT('Ctrl Pts',(0.02,1.73707202419403,-5.50365135869315));
#8980=CARTESIAN_POINT('Ctrl Pts',(-0.1,1.76543908346289,-5.51876631382813));
#8981=CARTESIAN_POINT('Ctrl Pts',(0.02,1.76543908346289,-5.51876631382813));
#8982=CARTESIAN_POINT('Ctrl Pts',(-0.1,1.79534474017083,-5.53253486541905));
#8983=CARTESIAN_POINT('Ctrl Pts',(0.02,1.79534474017083,-5.53253486541905));
#8984=CARTESIAN_POINT('Ctrl Pts',(-0.1,1.82649945383283,-5.54461981744021));
#8985=CARTESIAN_POINT('Ctrl Pts',(0.02,1.82649945383283,-5.54461981744021));
#8986=CARTESIAN_POINT('Ctrl Pts',(-0.1,1.85828783279732,-5.55531077289304));
#8987=CARTESIAN_POINT('Ctrl Pts',(0.02,1.85828783279732,-5.55531077289304));
#8988=CARTESIAN_POINT('Ctrl Pts',(-0.1,1.8907732188391,-5.56405121343612));
#8989=CARTESIAN_POINT('Ctrl Pts',(0.02,1.8907732188391,-5.56405121343612));
#8990=CARTESIAN_POINT('Ctrl Pts',(-0.1,1.923682253083,-5.57157616871828));
#8991=CARTESIAN_POINT('Ctrl Pts',(0.02,1.923682253083,-5.57157616871828));
#8992=CARTESIAN_POINT('Ctrl Pts',(-0.1,1.95729184242877,-5.57704268411282));
#8993=CARTESIAN_POINT('Ctrl Pts',(0.02,1.95729184242877,-5.57704268411282));
#8994=CARTESIAN_POINT('Ctrl Pts',(-0.1,1.99134981210189,-5.5813829280883));
#8995=CARTESIAN_POINT('Ctrl Pts',(0.02,1.99134981210189,-5.5813829280883));
#8996=CARTESIAN_POINT('Ctrl Pts',(-0.1,2.02606496692026,-5.58376928148647));
#8997=CARTESIAN_POINT('Ctrl Pts',(0.02,2.02606496692026,-5.58376928148647));
#8998=CARTESIAN_POINT('Ctrl Pts',(-0.1,2.04940024055288,-5.58408330041682));
#8999=CARTESIAN_POINT('Ctrl Pts',(0.02,2.04940024055288,-5.58408330041682));
#9000=CARTESIAN_POINT('Ctrl Pts',(-0.1,2.06115567860915,-5.58424149140881));
#9001=CARTESIAN_POINT('Ctrl Pts',(0.02,2.06115567860915,-5.58424149140881));
#9002=CARTESIAN_POINT('',(-0.1,1.54092330681428,-5.12069982474214));
#9003=CARTESIAN_POINT('',(-0.1,1.54092330681428,-5.12069982474214));
#9004=CARTESIAN_POINT('Ctrl Pts',(-0.1,1.54092330681428,-5.12069982474214));
#9005=CARTESIAN_POINT('Ctrl Pts',(-0.1,1.54111158570939,-5.13365936807784));
#9006=CARTESIAN_POINT('Ctrl Pts',(-0.1,1.541479938322,-5.1590136789968));
#9007=CARTESIAN_POINT('Ctrl Pts',(-0.1,1.54447602060598,-5.19615628274932));
#9008=CARTESIAN_POINT('Ctrl Pts',(-0.1,1.54967225906942,-5.231482546143));
#9009=CARTESIAN_POINT('Ctrl Pts',(-0.1,1.55689168874417,-5.2649264981852));
#9010=CARTESIAN_POINT('Ctrl Pts',(-0.1,1.56581806473142,-5.29660070723867));
#9011=CARTESIAN_POINT('Ctrl Pts',(-0.1,1.57704823670178,-5.32637382899193));
#9012=CARTESIAN_POINT('Ctrl Pts',(-0.1,1.59050117481403,-5.35419371479702));
#9013=CARTESIAN_POINT('Ctrl Pts',(-0.1,1.60580064224321,-5.38029241946813));
#9014=CARTESIAN_POINT('Ctrl Pts',(-0.1,1.62318152619314,-5.40455909290654));
#9015=CARTESIAN_POINT('Ctrl Pts',(-0.1,1.6421747638452,-5.42754556774153));
#9016=CARTESIAN_POINT('Ctrl Pts',(-0.1,1.66330321804877,-5.44869380879288));
#9017=CARTESIAN_POINT('Ctrl Pts',(-0.1,1.68606802640613,-5.46853260207531));
#9018=CARTESIAN_POINT('Ctrl Pts',(-0.1,1.7107694883665,-5.48662985145506));
#9019=CARTESIAN_POINT('Ctrl Pts',(-0.1,1.73707202419403,-5.50365135869315));
#9020=CARTESIAN_POINT('Ctrl Pts',(-0.1,1.76543908346289,-5.51876631382813));
#9021=CARTESIAN_POINT('Ctrl Pts',(-0.1,1.79534474017083,-5.53253486541905));
#9022=CARTESIAN_POINT('Ctrl Pts',(-0.1,1.82649945383283,-5.54461981744021));
#9023=CARTESIAN_POINT('Ctrl Pts',(-0.1,1.85828783279732,-5.55531077289304));
#9024=CARTESIAN_POINT('Ctrl Pts',(-0.1,1.8907732188391,-5.56405121343612));
#9025=CARTESIAN_POINT('Ctrl Pts',(-0.1,1.923682253083,-5.57157616871828));
#9026=CARTESIAN_POINT('Ctrl Pts',(-0.1,1.95729184242877,-5.57704268411282));
#9027=CARTESIAN_POINT('Ctrl Pts',(-0.1,1.99134981210189,-5.5813829280883));
#9028=CARTESIAN_POINT('Ctrl Pts',(-0.1,2.02606496692026,-5.58376928148647));
#9029=CARTESIAN_POINT('Ctrl Pts',(-0.1,2.04940024055288,-5.58408330041682));
#9030=CARTESIAN_POINT('Ctrl Pts',(-0.1,2.06115567860915,-5.58424149140881));
#9031=CARTESIAN_POINT('Ctrl Pts',(-0.1,1.87385599912197,-4.71244661961394));
#9032=CARTESIAN_POINT('Ctrl Pts',(0.02,1.87385599912197,-4.71244661961394));
#9033=CARTESIAN_POINT('Ctrl Pts',(-0.1,1.86063805755087,-4.71597970558723));
#9034=CARTESIAN_POINT('Ctrl Pts',(0.02,1.86063805755087,-4.71597970558723));
#9035=CARTESIAN_POINT('Ctrl Pts',(-0.1,1.83478212330042,-4.72289086025797));
#9036=CARTESIAN_POINT('Ctrl Pts',(0.02,1.83478212330042,-4.72289086025797));
#9037=CARTESIAN_POINT('Ctrl Pts',(-0.1,1.79777941930387,-4.73655505255424));
#9038=CARTESIAN_POINT('Ctrl Pts',(0.02,1.79777941930387,-4.73655505255424));
#9039=CARTESIAN_POINT('Ctrl Pts',(-0.1,1.76305395996216,-4.75189143265469));
#9040=CARTESIAN_POINT('Ctrl Pts',(0.02,1.76305395996216,-4.75189143265469));
#9041=CARTESIAN_POINT('Ctrl Pts',(-0.1,1.73069721829917,-4.76927213058671));
#9042=CARTESIAN_POINT('Ctrl Pts',(0.02,1.73069721829917,-4.76927213058671));
#9043=CARTESIAN_POINT('Ctrl Pts',(-0.1,1.70089522548541,-4.78888737648938));
#9044=CARTESIAN_POINT('Ctrl Pts',(0.02,1.70089522548541,-4.78888737648938));
#9045=CARTESIAN_POINT('Ctrl Pts',(-0.1,1.67326496842294,-4.81021744559109));
#9046=CARTESIAN_POINT('Ctrl Pts',(0.02,1.67326496842294,-4.81021744559109));
#9047=CARTESIAN_POINT('Ctrl Pts',(-0.1,1.64838587974528,-4.83410719189959));
#9048=CARTESIAN_POINT('Ctrl Pts',(0.02,1.64838587974528,-4.83410719189959));
#9049=CARTESIAN_POINT('Ctrl Pts',(-0.1,1.6256837630731,-4.85968007208323));
#9050=CARTESIAN_POINT('Ctrl Pts',(0.02,1.6256837630731,-4.85968007208323));
#9051=CARTESIAN_POINT('Ctrl Pts',(-0.1,1.60566055674524,-4.88713519892818));
#9052=CARTESIAN_POINT('Ctrl Pts',(0.02,1.60566055674524,-4.88713519892818));
#9053=CARTESIAN_POINT('Ctrl Pts',(-0.1,1.58837015075139,-4.91614155767087));
#9054=CARTESIAN_POINT('Ctrl Pts',(0.02,1.58837015075139,-4.91614155767087));
#9055=CARTESIAN_POINT('Ctrl Pts',(-0.1,1.57365952504758,-4.94655893781007));
#9056=CARTESIAN_POINT('Ctrl Pts',(0.02,1.57365952504758,-4.94655893781007));
#9057=CARTESIAN_POINT('Ctrl Pts',(-0.1,1.56156240973909,-4.97851027691394));
#9058=CARTESIAN_POINT('Ctrl Pts',(0.02,1.56156240973909,-4.97851027691394));
#9059=CARTESIAN_POINT('Ctrl Pts',(-0.1,1.552458293292,-5.01201628931438));
#9060=CARTESIAN_POINT('Ctrl Pts',(0.02,1.552458293292,-5.01201628931438));
#9061=CARTESIAN_POINT('Ctrl Pts',(-0.1,1.54582267985588,-5.04690445200838));
#9062=CARTESIAN_POINT('Ctrl Pts',(0.02,1.54582267985588,-5.04690445200838));
#9063=CARTESIAN_POINT('Ctrl Pts',(-0.1,1.54173552845249,-5.08327649657276));
#9064=CARTESIAN_POINT('Ctrl Pts',(0.02,1.54173552845249,-5.08327649657276));
#9065=CARTESIAN_POINT('Ctrl Pts',(-0.1,1.54119744294972,-5.10806892933505));
#9066=CARTESIAN_POINT('Ctrl Pts',(0.02,1.54119744294972,-5.10806892933505));
#9067=CARTESIAN_POINT('Ctrl Pts',(-0.1,1.54092330681428,-5.12069982474214));
#9068=CARTESIAN_POINT('Ctrl Pts',(0.02,1.54092330681428,-5.12069982474214));
#9069=CARTESIAN_POINT('',(-0.1,1.87385599912197,-4.71244661961394));
#9070=CARTESIAN_POINT('',(-0.1,1.87385599912197,-4.71244661961394));
#9071=CARTESIAN_POINT('Ctrl Pts',(-0.1,1.87385599912197,-4.71244661961394));
#9072=CARTESIAN_POINT('Ctrl Pts',(-0.1,1.86063805755087,-4.71597970558723));
#9073=CARTESIAN_POINT('Ctrl Pts',(-0.1,1.83478212330042,-4.72289086025797));
#9074=CARTESIAN_POINT('Ctrl Pts',(-0.1,1.79777941930387,-4.73655505255424));
#9075=CARTESIAN_POINT('Ctrl Pts',(-0.1,1.76305395996216,-4.75189143265469));
#9076=CARTESIAN_POINT('Ctrl Pts',(-0.1,1.73069721829917,-4.76927213058671));
#9077=CARTESIAN_POINT('Ctrl Pts',(-0.1,1.70089522548541,-4.78888737648938));
#9078=CARTESIAN_POINT('Ctrl Pts',(-0.1,1.67326496842294,-4.81021744559109));
#9079=CARTESIAN_POINT('Ctrl Pts',(-0.1,1.64838587974528,-4.83410719189959));
#9080=CARTESIAN_POINT('Ctrl Pts',(-0.1,1.6256837630731,-4.85968007208323));
#9081=CARTESIAN_POINT('Ctrl Pts',(-0.1,1.60566055674524,-4.88713519892818));
#9082=CARTESIAN_POINT('Ctrl Pts',(-0.1,1.58837015075139,-4.91614155767087));
#9083=CARTESIAN_POINT('Ctrl Pts',(-0.1,1.57365952504758,-4.94655893781007));
#9084=CARTESIAN_POINT('Ctrl Pts',(-0.1,1.56156240973909,-4.97851027691394));
#9085=CARTESIAN_POINT('Ctrl Pts',(-0.1,1.552458293292,-5.01201628931438));
#9086=CARTESIAN_POINT('Ctrl Pts',(-0.1,1.54582267985588,-5.04690445200838));
#9087=CARTESIAN_POINT('Ctrl Pts',(-0.1,1.54173552845249,-5.08327649657276));
#9088=CARTESIAN_POINT('Ctrl Pts',(-0.1,1.54119744294972,-5.10806892933505));
#9089=CARTESIAN_POINT('Ctrl Pts',(-0.1,1.54092330681428,-5.12069982474214));
#9090=CARTESIAN_POINT('Origin',(-0.1,1.90670856322454,-4.85347226063958));
#9091=CARTESIAN_POINT('',(-0.1,1.90670856322454,-4.85347226063958));
#9092=CARTESIAN_POINT('Origin',(-0.1,1.72642906343647,-4.94576836413719));
#9093=CARTESIAN_POINT('Origin',(-0.1,1.55374381963479,-0.545779952947269));
#9094=CARTESIAN_POINT('',(-0.1,1.55374381963479,-0.545779952947269));
#9095=CARTESIAN_POINT('',(-0.1,1.55374381963479,-0.545779952947269));
#9096=CARTESIAN_POINT('',(-0.1,1.55374381963479,-0.68680559397291));
#9097=CARTESIAN_POINT('',(-0.1,1.55374381963479,-0.545779952947269));
#9098=CARTESIAN_POINT('',(-0.1,1.55374381963479,-0.68680559397291));
#9099=CARTESIAN_POINT('Origin',(-0.1,2.29993772989121,-0.545779952947269));
#9100=CARTESIAN_POINT('',(-0.1,2.29993772989121,-0.545779952947269));
#9101=CARTESIAN_POINT('',(-0.1,2.29993772989121,-0.545779952947269));
#9102=CARTESIAN_POINT('',(-0.1,2.29993772989121,-0.545779952947269));
#9103=CARTESIAN_POINT('Origin',(-0.1,1.55374381963479,-0.0666132862806026));
#9104=CARTESIAN_POINT('',(-0.1,1.55374381963479,-0.0666132862806026));
#9105=CARTESIAN_POINT('',(-0.1,1.55374381963479,-0.0666132862806026));
#9106=CARTESIAN_POINT('',(-0.1,1.55374381963479,-0.0666132862806026));
#9107=CARTESIAN_POINT('Origin',(-0.1,1.55374381963479,0.0824251752578591));
#9108=CARTESIAN_POINT('',(-0.1,1.55374381963479,0.0824251752578591));
#9109=CARTESIAN_POINT('',(-0.1,1.55374381963479,0.0824251752578591));
#9110=CARTESIAN_POINT('',(-0.1,1.55374381963479,0.0824251752578591));
#9111=CARTESIAN_POINT('Origin',(-0.1,2.55374381963479,0.0824251752578591));
#9112=CARTESIAN_POINT('',(-0.1,2.55374381963479,0.0824251752578591));
#9113=CARTESIAN_POINT('',(-0.1,2.55374381963479,0.0824251752578591));
#9114=CARTESIAN_POINT('',(-0.1,2.55374381963479,0.0824251752578591));
#9115=CARTESIAN_POINT('Origin',(-0.1,2.55374381963479,-0.0586004657677826));
#9116=CARTESIAN_POINT('',(-0.1,2.55374381963479,-0.0586004657677826));
#9117=CARTESIAN_POINT('',(-0.1,2.55374381963479,-0.0586004657677826));
#9118=CARTESIAN_POINT('',(-0.1,2.55374381963479,-0.0586004657677826));
#9119=CARTESIAN_POINT('Origin',(-0.1,1.80754990937838,-0.0586004657677826));
#9120=CARTESIAN_POINT('',(-0.1,1.80754990937838,-0.0586004657677826));
#9121=CARTESIAN_POINT('',(-0.1,1.80754990937838,-0.0586004657677826));
#9122=CARTESIAN_POINT('',(-0.1,1.80754990937838,-0.0586004657677826));
#9123=CARTESIAN_POINT('Origin',(-0.1,2.55374381963479,-0.537767132434449));
#9124=CARTESIAN_POINT('',(-0.1,2.55374381963479,-0.537767132434449));
#9125=CARTESIAN_POINT('',(-0.1,2.55374381963479,-0.537767132434449));
#9126=CARTESIAN_POINT('',(-0.1,2.55374381963479,-0.537767132434449));
#9127=CARTESIAN_POINT('Origin',(-0.1,2.55374381963479,-0.68680559397291));
#9128=CARTESIAN_POINT('',(-0.1,2.55374381963479,-0.68680559397291));
#9129=CARTESIAN_POINT('',(-0.1,2.55374381963479,-0.68680559397291));
#9130=CARTESIAN_POINT('',(-0.1,2.55374381963479,-0.68680559397291));
#9131=CARTESIAN_POINT('Origin',(-0.1,1.55374381963479,-0.68680559397291));
#9132=CARTESIAN_POINT('',(-0.1,1.55374381963479,-0.68680559397291));
#9133=CARTESIAN_POINT('Origin',(-0.1,0.,0.));
#9134=CARTESIAN_POINT('Origin',(-0.1,1.68625027326369,0.391218083965532));
#9135=CARTESIAN_POINT('',(-0.1,1.54092330681428,0.736271329104012));
#9136=CARTESIAN_POINT('',(-0.1,2.04052266578864,0.261912354745038));
#9137=CARTESIAN_POINT('Ctrl Pts',(-0.1,1.54092330681428,0.736271329104012));
#9138=CARTESIAN_POINT('Ctrl Pts',(-0.1,1.54109335011615,0.724778130199005));
#9139=CARTESIAN_POINT('Ctrl Pts',(-0.1,1.54143016331171,0.70201298151121));
#9140=CARTESIAN_POINT('Ctrl Pts',(-0.1,1.54479213313387,0.668365478633103));
#9141=CARTESIAN_POINT('Ctrl Pts',(-0.1,1.54992093521013,0.635555072743068));
#9142=CARTESIAN_POINT('Ctrl Pts',(-0.1,1.55732537592999,0.603677149530889));
#9143=CARTESIAN_POINT('Ctrl Pts',(-0.1,1.56698499200143,0.572775268913826));
#9144=CARTESIAN_POINT('Ctrl Pts',(-0.1,1.5786766856521,0.542812866894823));
#9145=CARTESIAN_POINT('Ctrl Pts',(-0.1,1.59224420102216,0.513684562543574));
#9146=CARTESIAN_POINT('Ctrl Pts',(-0.1,1.60807602050369,0.485751789912092));
#9147=CARTESIAN_POINT('Ctrl Pts',(-0.1,1.62567930197644,0.459109620751903));
#9148=CARTESIAN_POINT('Ctrl Pts',(-0.1,1.64496654030279,0.434016280586718));
#9149=CARTESIAN_POINT('Ctrl Pts',(-0.1,1.66575998646372,0.410485645113646));
#9150=CARTESIAN_POINT('Ctrl Pts',(-0.1,1.68840333131407,0.388895284705504));
#9151=CARTESIAN_POINT('Ctrl Pts',(-0.1,1.71207574481835,0.368545955562307));
#9152=CARTESIAN_POINT('Ctrl Pts',(-0.1,1.73765711591174,0.350251315284262));
#9153=CARTESIAN_POINT('Ctrl Pts',(-0.1,1.76456728587672,0.333413889468932));
#9154=CARTESIAN_POINT('Ctrl Pts',(-0.1,1.79306565709686,0.318531925142463));
#9155=CARTESIAN_POINT('Ctrl Pts',(-0.1,1.82230536603095,0.305088297488065));
#9156=CARTESIAN_POINT('Ctrl Pts',(-0.1,1.85229576567367,0.29376175080465));
#9157=CARTESIAN_POINT('Ctrl Pts',(-0.1,1.88259487725194,0.283807911428702));
#9158=CARTESIAN_POINT('Ctrl Pts',(-0.1,1.91338945182012,0.27588068594663));
#9159=CARTESIAN_POINT('Ctrl Pts',(-0.1,1.94460845330921,0.269563651903258));
#9160=CARTESIAN_POINT('Ctrl Pts',(-0.1,1.97619993439109,0.26531590427294));
#9161=CARTESIAN_POINT('Ctrl Pts',(-0.1,2.00821094520168,0.262248148636032));
#9162=CARTESIAN_POINT('Ctrl Pts',(-0.1,2.02969789106868,0.26202484931841));
#9163=CARTESIAN_POINT('Ctrl Pts',(-0.1,2.04052266578864,0.261912354745038));
#9164=CARTESIAN_POINT('',(-0.1,2.05214125553223,1.21063030346299));
#9165=CARTESIAN_POINT('Ctrl Pts',(-0.1,2.05214125553223,1.21063030346299));
#9166=CARTESIAN_POINT('Ctrl Pts',(-0.1,2.03971685174318,1.21042194655516));
#9167=CARTESIAN_POINT('Ctrl Pts',(-0.1,2.01517029974876,1.21001030155728));
#9168=CARTESIAN_POINT('Ctrl Pts',(-0.1,1.97890753219765,1.20722494306126));
#9169=CARTESIAN_POINT('Ctrl Pts',(-0.1,1.94368579349514,1.20232731468107));
#9170=CARTESIAN_POINT('Ctrl Pts',(-0.1,1.90940005878679,1.19583144449856));
#9171=CARTESIAN_POINT('Ctrl Pts',(-0.1,1.87612170384034,1.1871271767699));
#9172=CARTESIAN_POINT('Ctrl Pts',(-0.1,1.84375531757306,1.17678349217391));
#9173=CARTESIAN_POINT('Ctrl Pts',(-0.1,1.81249368064413,1.16427222127307));
#9174=CARTESIAN_POINT('Ctrl Pts',(-0.1,1.78226144603666,1.15014212985274));
#9175=CARTESIAN_POINT('Ctrl Pts',(-0.1,1.75347441189243,1.13415393740226));
#9176=CARTESIAN_POINT('Ctrl Pts',(-0.1,1.72633387073608,1.11651787626034));
#9177=CARTESIAN_POINT('Ctrl Pts',(-0.1,1.7010937008838,1.09722145241094));
#9178=CARTESIAN_POINT('Ctrl Pts',(-0.1,1.67744426987706,1.07655777629361));
#9179=CARTESIAN_POINT('Ctrl Pts',(-0.1,1.65580847377609,1.05404429633912));
#9180=CARTESIAN_POINT('Ctrl Pts',(-0.1,1.63598400201098,1.02995823527687));
#9181=CARTESIAN_POINT('Ctrl Pts',(-0.1,1.61778388728472,1.00439220387706));
#9182=CARTESIAN_POINT('Ctrl Pts',(-0.1,1.6017010456199,0.977260313274315));
#9183=CARTESIAN_POINT('Ctrl Pts',(-0.1,1.58760386042951,0.949049482252222));
#9184=CARTESIAN_POINT('Ctrl Pts',(-0.1,1.57509711739085,0.920317958682731));
#9185=CARTESIAN_POINT('Ctrl Pts',(-0.1,1.56443086922734,0.891044400148517));
#9186=CARTESIAN_POINT('Ctrl Pts',(-0.1,1.55578693524985,0.8611287585905));
#9187=CARTESIAN_POINT('Ctrl Pts',(-0.1,1.54925495656736,0.830652640941867));
#9188=CARTESIAN_POINT('Ctrl Pts',(-0.1,1.54436374203339,0.799701810620694));
#9189=CARTESIAN_POINT('Ctrl Pts',(-0.1,1.54154736390853,0.768174806516869));
#9190=CARTESIAN_POINT('Ctrl Pts',(-0.1,1.54113239478186,0.746960468467061));
#9191=CARTESIAN_POINT('Ctrl Pts',(-0.1,1.54092330681428,0.736271329104012));
#9192=CARTESIAN_POINT('',(-0.1,2.56656433245531,0.736872290642474));
#9193=CARTESIAN_POINT('Ctrl Pts',(-0.1,2.56656433245531,0.736872290642474));
#9194=CARTESIAN_POINT('Ctrl Pts',(-0.1,2.56636718210136,0.748162617046758));
#9195=CARTESIAN_POINT('Ctrl Pts',(-0.1,2.56597567715653,0.77058316323211));
#9196=CARTESIAN_POINT('Ctrl Pts',(-0.1,2.56299684737349,0.803729939721006));
#9197=CARTESIAN_POINT('Ctrl Pts',(-0.1,2.55768015226343,0.836024960630497));
#9198=CARTESIAN_POINT('Ctrl Pts',(-0.1,2.55055518460596,0.867436423460413));
#9199=CARTESIAN_POINT('Ctrl Pts',(-0.1,2.54120753688782,0.898049830403854));
#9200=CARTESIAN_POINT('Ctrl Pts',(-0.1,2.53017292319526,0.927883463212861));
#9201=CARTESIAN_POINT('Ctrl Pts',(-0.1,2.51649948306752,0.956676161767698));
#9202=CARTESIAN_POINT('Ctrl Pts',(-0.1,2.50119070619395,0.984619476216296));
#9203=CARTESIAN_POINT('Ctrl Pts',(-0.1,2.48406717731922,1.01138355642798));
#9204=CARTESIAN_POINT('Ctrl Pts',(-0.1,2.46515084971921,1.0365363719954));
#9205=CARTESIAN_POINT('Ctrl Pts',(-0.1,2.4445847867423,1.06001767397663));
#9206=CARTESIAN_POINT('Ctrl Pts',(-0.1,2.42270703840882,1.08214287994856));
#9207=CARTESIAN_POINT('Ctrl Pts',(-0.1,2.39877926124695,1.1021737029324));
#9208=CARTESIAN_POINT('Ctrl Pts',(-0.1,2.37353033634328,1.12093766715664));
#9209=CARTESIAN_POINT('Ctrl Pts',(-0.1,2.34651255934443,1.13789557909071));
#9210=CARTESIAN_POINT('Ctrl Pts',(-0.1,2.31794729519064,1.15310760913671));
#9211=CARTESIAN_POINT('Ctrl Pts',(-0.1,2.2882757291613,1.1667087098366));
#9212=CARTESIAN_POINT('Ctrl Pts',(-0.1,2.25737488470246,1.1783334768324));
#9213=CARTESIAN_POINT('Ctrl Pts',(-0.1,2.22561543906544,1.18831545213557));
#9214=CARTESIAN_POINT('Ctrl Pts',(-0.1,2.19280941025997,1.19667120760659));
#9215=CARTESIAN_POINT('Ctrl Pts',(-0.1,2.15896801363858,1.20266668760107));
#9216=CARTESIAN_POINT('Ctrl Pts',(-0.1,2.12423706843573,1.20744095314267));
#9217=CARTESIAN_POINT('Ctrl Pts',(-0.1,2.08850306224043,1.20995378100093));
#9218=CARTESIAN_POINT('Ctrl Pts',(-0.1,2.06436410427252,1.21040289364836));
#9219=CARTESIAN_POINT('Ctrl Pts',(-0.1,2.05214125553223,1.21063030346299));
#9220=CARTESIAN_POINT('Ctrl Pts',(-0.1,2.04052266578864,0.261912354745038));
#9221=CARTESIAN_POINT('Ctrl Pts',(-0.1,2.06057180387258,0.262259916263678));
#9222=CARTESIAN_POINT('Ctrl Pts',(-0.1,2.09963653266475,0.262937122256645));
#9223=CARTESIAN_POINT('Ctrl Pts',(-0.1,2.15651981140238,0.269264622817002));
#9224=CARTESIAN_POINT('Ctrl Pts',(-0.1,2.2100395359426,0.279538859602493));
#9225=CARTESIAN_POINT('Ctrl Pts',(-0.1,2.26019153671942,0.294226790209863));
#9226=CARTESIAN_POINT('Ctrl Pts',(-0.1,2.30705440225749,0.312843784464658));
#9227=CARTESIAN_POINT('Ctrl Pts',(-0.1,2.35073424634793,0.33547629737741));
#9228=CARTESIAN_POINT('Ctrl Pts',(-0.1,2.3907366446022,0.36280509997323));
#9229=CARTESIAN_POINT('Ctrl Pts',(-0.1,2.42744239386267,0.393720939804581));
#9230=CARTESIAN_POINT('Ctrl Pts',(-0.1,2.45989296659807,0.428252512897589));
#9231=CARTESIAN_POINT('Ctrl Pts',(-0.1,2.48871372442389,0.465018823455522));
#9232=CARTESIAN_POINT('Ctrl Pts',(-0.1,2.51275364378574,0.504478967363659));
#9233=CARTESIAN_POINT('Ctrl Pts',(-0.1,2.5326026918576,0.546268363174373));
#9234=CARTESIAN_POINT('Ctrl Pts',(-0.1,2.54784221619676,0.590564556000972));
#9235=CARTESIAN_POINT('Ctrl Pts',(-0.1,2.55851126992135,0.637243175594865));
#9236=CARTESIAN_POINT('Ctrl Pts',(-0.1,2.5653938463708,0.686254299481328));
#9237=CARTESIAN_POINT('Ctrl Pts',(-0.1,2.56616850328244,0.719754549697973));
#9238=CARTESIAN_POINT('Ctrl Pts',(-0.1,2.56656433245531,0.736872290642474));
#9239=CARTESIAN_POINT('',(-0.1,2.03892010168608,0.402937995770679));
#9240=CARTESIAN_POINT('',(-0.1,1.6563079221989,0.735670367565551));
#9241=CARTESIAN_POINT('Ctrl Pts',(-0.1,2.03892010168608,0.402937995770679));
#9242=CARTESIAN_POINT('Ctrl Pts',(-0.1,2.02448291329829,0.403154110882324));
#9243=CARTESIAN_POINT('Ctrl Pts',(-0.1,1.9963314148373,0.403575520097846));
#9244=CARTESIAN_POINT('Ctrl Pts',(-0.1,1.95528802711089,0.408396669618177));
#9245=CARTESIAN_POINT('Ctrl Pts',(-0.1,1.91656150063524,0.415711994009253));
#9246=CARTESIAN_POINT('Ctrl Pts',(-0.1,1.88004312074066,0.425795396490195));
#9247=CARTESIAN_POINT('Ctrl Pts',(-0.1,1.84609404880957,0.439349958729734));
#9248=CARTESIAN_POINT('Ctrl Pts',(-0.1,1.81438806724892,0.455556192893343));
#9249=CARTESIAN_POINT('Ctrl Pts',(-0.1,1.7851359393297,0.474959766692921));
#9250=CARTESIAN_POINT('Ctrl Pts',(-0.1,1.75841949480909,0.497132579473364));
#9251=CARTESIAN_POINT('Ctrl Pts',(-0.1,1.73441944296162,0.521520131645893));
#9252=CARTESIAN_POINT('Ctrl Pts',(-0.1,1.71345667436189,0.54758070611038));
#9253=CARTESIAN_POINT('Ctrl Pts',(-0.1,1.69590183845903,0.575320161155132));
#9254=CARTESIAN_POINT('Ctrl Pts',(-0.1,1.68140657389335,0.604430955579348));
#9255=CARTESIAN_POINT('Ctrl Pts',(-0.1,1.67009169815947,0.635122178618874));
#9256=CARTESIAN_POINT('Ctrl Pts',(-0.1,1.66214667749494,0.66730190974556));
#9257=CARTESIAN_POINT('Ctrl Pts',(-0.1,1.65717771201453,0.700993792807378));
#9258=CARTESIAN_POINT('Ctrl Pts',(-0.1,1.65660146425782,0.72396750215141));
#9259=CARTESIAN_POINT('Ctrl Pts',(-0.1,1.6563079221989,0.735670367565551));
#9260=CARTESIAN_POINT('',(-0.1,2.45117971707069,0.737673572693757));
#9261=CARTESIAN_POINT('Ctrl Pts',(-0.1,2.45117971707069,0.737673572693757));
#9262=CARTESIAN_POINT('Ctrl Pts',(-0.1,2.45095657631482,0.726437661846437));
#9263=CARTESIAN_POINT('Ctrl Pts',(-0.1,2.45051629473959,0.704267957760612));
#9264=CARTESIAN_POINT('Ctrl Pts',(-0.1,2.44562188142682,0.671631514145337));
#9265=CARTESIAN_POINT('Ctrl Pts',(-0.1,2.4383089591944,0.640166443914338));
#9266=CARTESIAN_POINT('Ctrl Pts',(-0.1,2.42808510424515,0.609823916639198));
#9267=CARTESIAN_POINT('Ctrl Pts',(-0.1,2.41454711353772,0.580863447294369));
#9268=CARTESIAN_POINT('Ctrl Pts',(-0.1,2.3979446206775,0.553134994156791));
#9269=CARTESIAN_POINT('Ctrl Pts',(-0.1,2.37872968532033,0.526392426573232));
#9270=CARTESIAN_POINT('Ctrl Pts',(-0.1,2.35643413992112,0.501057436705287));
#9271=CARTESIAN_POINT('Ctrl Pts',(-0.1,2.33082200083764,0.477439684618322));
#9272=CARTESIAN_POINT('Ctrl Pts',(-0.1,2.30062607369555,0.457473244623515));
#9273=CARTESIAN_POINT('Ctrl Pts',(-0.1,2.26656719868153,0.440644983495678));
#9274=CARTESIAN_POINT('Ctrl Pts',(-0.1,2.22873170713399,0.426593695453228));
#9275=CARTESIAN_POINT('Ctrl Pts',(-0.1,2.18682658817716,0.415880002120601));
#9276=CARTESIAN_POINT('Ctrl Pts',(-0.1,2.1410321792147,0.408475499942797));
#9277=CARTESIAN_POINT('Ctrl Pts',(-0.1,2.09130022421415,0.403800448339711));
#9278=CARTESIAN_POINT('Ctrl Pts',(-0.1,2.05682650895308,0.403232829501572));
#9279=CARTESIAN_POINT('Ctrl Pts',(-0.1,2.03892010168608,0.402937995770679));
#9280=CARTESIAN_POINT('',(-0.1,2.05314285809633,1.06960466243735));
#9281=CARTESIAN_POINT('Ctrl Pts',(-0.1,2.05314285809633,1.06960466243735));
#9282=CARTESIAN_POINT('Ctrl Pts',(-0.1,2.06302991036861,1.06951951492557));
#9283=CARTESIAN_POINT('Ctrl Pts',(-0.1,2.08242472896295,1.06935248632098));
#9284=CARTESIAN_POINT('Ctrl Pts',(-0.1,2.1110129134874,1.06714046779107));
#9285=CARTESIAN_POINT('Ctrl Pts',(-0.1,2.13871184178506,1.06428724772793));
#9286=CARTESIAN_POINT('Ctrl Pts',(-0.1,2.16548577232449,1.05994317582433));
#9287=CARTESIAN_POINT('Ctrl Pts',(-0.1,2.1912238281713,1.05395649357354));
#9288=CARTESIAN_POINT('Ctrl Pts',(-0.1,2.21612195367208,1.0473242662826));
#9289=CARTESIAN_POINT('Ctrl Pts',(-0.1,2.23996559047176,1.03903089798614));
#9290=CARTESIAN_POINT('Ctrl Pts',(-0.1,2.26284824420395,1.02962091585463));
#9291=CARTESIAN_POINT('Ctrl Pts',(-0.1,2.28465243966526,1.01909130518579));
#9292=CARTESIAN_POINT('Ctrl Pts',(-0.1,2.30519435880712,1.00721530476401));
#9293=CARTESIAN_POINT('Ctrl Pts',(-0.1,2.32439413920017,0.994130938077019));
#9294=CARTESIAN_POINT('Ctrl Pts',(-0.1,2.34261578922621,0.980191236594431));
#9295=CARTESIAN_POINT('Ctrl Pts',(-0.1,2.35915405640443,0.964624298472872));
#9296=CARTESIAN_POINT('Ctrl Pts',(-0.1,2.37470752481518,0.948179681020909));
#9297=CARTESIAN_POINT('Ctrl Pts',(-0.1,2.38895485638164,0.930483845317591));
#9298=CARTESIAN_POINT('Ctrl Pts',(-0.1,2.40189977274024,0.911713389312049));
#9299=CARTESIAN_POINT('Ctrl Pts',(-0.1,2.41355223758182,0.892134596261686));
#9300=CARTESIAN_POINT('Ctrl Pts',(-0.1,2.42352523558975,0.871787827713911));
#9301=CARTESIAN_POINT('Ctrl Pts',(-0.1,2.43228526135334,0.850997236648151));
#9302=CARTESIAN_POINT('Ctrl Pts',(-0.1,2.43900018875944,0.829414817982514));
#9303=CARTESIAN_POINT('Ctrl Pts',(-0.1,2.44441587626624,0.807338583324133));
#9304=CARTESIAN_POINT('Ctrl Pts',(-0.1,2.44852959532447,0.784679288772294));
#9305=CARTESIAN_POINT('Ctrl Pts',(-0.1,2.45065987049839,0.761352829044145));
#9306=CARTESIAN_POINT('Ctrl Pts',(-0.1,2.4510051905174,0.745623339443385));
#9307=CARTESIAN_POINT('Ctrl Pts',(-0.1,2.45117971707069,0.737673572693757));
#9308=CARTESIAN_POINT('Ctrl Pts',(-0.1,1.6563079221989,0.735670367565551));
#9309=CARTESIAN_POINT('Ctrl Pts',(-0.1,1.65660580593933,0.747571597079658));
#9310=CARTESIAN_POINT('Ctrl Pts',(-0.1,1.6571890614634,0.770874170919726));
#9311=CARTESIAN_POINT('Ctrl Pts',(-0.1,1.66207128454771,0.805074004853362));
#9312=CARTESIAN_POINT('Ctrl Pts',(-0.1,1.67038306124388,0.837567675511209));
#9313=CARTESIAN_POINT('Ctrl Pts',(-0.1,1.68144791887294,0.868677253239588));
#9314=CARTESIAN_POINT('Ctrl Pts',(-0.1,1.69640572014157,0.897840306969969));
#9315=CARTESIAN_POINT('Ctrl Pts',(-0.1,1.71392122357573,0.925738877219117));
#9316=CARTESIAN_POINT('Ctrl Pts',(-0.1,1.73532466708225,0.951612445364342));
#9317=CARTESIAN_POINT('Ctrl Pts',(-0.1,1.75936716551835,0.976096134293647));
#9318=CARTESIAN_POINT('Ctrl Pts',(-0.1,1.786695880708,0.998056353971876));
#9319=CARTESIAN_POINT('Ctrl Pts',(-0.1,1.81663761932417,1.0175414259017));
#9320=CARTESIAN_POINT('Ctrl Pts',(-0.1,1.84964143132901,1.03336972682217));
#9321=CARTESIAN_POINT('Ctrl Pts',(-0.1,1.88498028792596,1.0470353283413));
#9322=CARTESIAN_POINT('Ctrl Pts',(-0.1,1.92332210694931,1.05704206936668));
#9323=CARTESIAN_POINT('Ctrl Pts',(-0.1,1.96423101898287,1.06443766418796));
#9324=CARTESIAN_POINT('Ctrl Pts',(-0.1,2.00783861512781,1.06889440620017));
#9325=CARTESIAN_POINT('Ctrl Pts',(-0.1,2.03777442074647,1.06936372411087));
#9326=CARTESIAN_POINT('Ctrl Pts',(-0.1,2.05314285809633,1.06960466243735));
#9327=CARTESIAN_POINT('Ctrl Pts',(-0.1,1.54092330681428,0.736271329104012));
#9328=CARTESIAN_POINT('Ctrl Pts',(0.02,1.54092330681428,0.736271329104012));
#9329=CARTESIAN_POINT('Ctrl Pts',(-0.1,1.54109335011615,0.724778130199005));
#9330=CARTESIAN_POINT('Ctrl Pts',(0.02,1.54109335011615,0.724778130199005));
#9331=CARTESIAN_POINT('Ctrl Pts',(-0.1,1.54143016331171,0.70201298151121));
#9332=CARTESIAN_POINT('Ctrl Pts',(0.02,1.54143016331171,0.70201298151121));
#9333=CARTESIAN_POINT('Ctrl Pts',(-0.1,1.54479213313387,0.668365478633103));
#9334=CARTESIAN_POINT('Ctrl Pts',(0.02,1.54479213313387,0.668365478633103));
#9335=CARTESIAN_POINT('Ctrl Pts',(-0.1,1.54992093521013,0.635555072743068));
#9336=CARTESIAN_POINT('Ctrl Pts',(0.02,1.54992093521013,0.635555072743068));
#9337=CARTESIAN_POINT('Ctrl Pts',(-0.1,1.55732537592999,0.603677149530889));
#9338=CARTESIAN_POINT('Ctrl Pts',(0.02,1.55732537592999,0.603677149530889));
#9339=CARTESIAN_POINT('Ctrl Pts',(-0.1,1.56698499200143,0.572775268913826));
#9340=CARTESIAN_POINT('Ctrl Pts',(0.02,1.56698499200143,0.572775268913826));
#9341=CARTESIAN_POINT('Ctrl Pts',(-0.1,1.5786766856521,0.542812866894823));
#9342=CARTESIAN_POINT('Ctrl Pts',(0.02,1.5786766856521,0.542812866894823));
#9343=CARTESIAN_POINT('Ctrl Pts',(-0.1,1.59224420102216,0.513684562543574));
#9344=CARTESIAN_POINT('Ctrl Pts',(0.02,1.59224420102216,0.513684562543574));
#9345=CARTESIAN_POINT('Ctrl Pts',(-0.1,1.60807602050369,0.485751789912092));
#9346=CARTESIAN_POINT('Ctrl Pts',(0.02,1.60807602050369,0.485751789912092));
#9347=CARTESIAN_POINT('Ctrl Pts',(-0.1,1.62567930197644,0.459109620751903));
#9348=CARTESIAN_POINT('Ctrl Pts',(0.02,1.62567930197644,0.459109620751903));
#9349=CARTESIAN_POINT('Ctrl Pts',(-0.1,1.64496654030279,0.434016280586718));
#9350=CARTESIAN_POINT('Ctrl Pts',(0.02,1.64496654030279,0.434016280586718));
#9351=CARTESIAN_POINT('Ctrl Pts',(-0.1,1.66575998646372,0.410485645113646));
#9352=CARTESIAN_POINT('Ctrl Pts',(0.02,1.66575998646372,0.410485645113646));
#9353=CARTESIAN_POINT('Ctrl Pts',(-0.1,1.68840333131407,0.388895284705504));
#9354=CARTESIAN_POINT('Ctrl Pts',(0.02,1.68840333131407,0.388895284705504));
#9355=CARTESIAN_POINT('Ctrl Pts',(-0.1,1.71207574481835,0.368545955562307));
#9356=CARTESIAN_POINT('Ctrl Pts',(0.02,1.71207574481835,0.368545955562307));
#9357=CARTESIAN_POINT('Ctrl Pts',(-0.1,1.73765711591174,0.350251315284262));
#9358=CARTESIAN_POINT('Ctrl Pts',(0.02,1.73765711591174,0.350251315284262));
#9359=CARTESIAN_POINT('Ctrl Pts',(-0.1,1.76456728587672,0.333413889468932));
#9360=CARTESIAN_POINT('Ctrl Pts',(0.02,1.76456728587672,0.333413889468932));
#9361=CARTESIAN_POINT('Ctrl Pts',(-0.1,1.79306565709686,0.318531925142463));
#9362=CARTESIAN_POINT('Ctrl Pts',(0.02,1.79306565709686,0.318531925142463));
#9363=CARTESIAN_POINT('Ctrl Pts',(-0.1,1.82230536603095,0.305088297488065));
#9364=CARTESIAN_POINT('Ctrl Pts',(0.02,1.82230536603095,0.305088297488065));
#9365=CARTESIAN_POINT('Ctrl Pts',(-0.1,1.85229576567367,0.29376175080465));
#9366=CARTESIAN_POINT('Ctrl Pts',(0.02,1.85229576567367,0.29376175080465));
#9367=CARTESIAN_POINT('Ctrl Pts',(-0.1,1.88259487725194,0.283807911428702));
#9368=CARTESIAN_POINT('Ctrl Pts',(0.02,1.88259487725194,0.283807911428702));
#9369=CARTESIAN_POINT('Ctrl Pts',(-0.1,1.91338945182012,0.27588068594663));
#9370=CARTESIAN_POINT('Ctrl Pts',(0.02,1.91338945182012,0.27588068594663));
#9371=CARTESIAN_POINT('Ctrl Pts',(-0.1,1.94460845330921,0.269563651903258));
#9372=CARTESIAN_POINT('Ctrl Pts',(0.02,1.94460845330921,0.269563651903258));
#9373=CARTESIAN_POINT('Ctrl Pts',(-0.1,1.97619993439109,0.26531590427294));
#9374=CARTESIAN_POINT('Ctrl Pts',(0.02,1.97619993439109,0.26531590427294));
#9375=CARTESIAN_POINT('Ctrl Pts',(-0.1,2.00821094520168,0.262248148636032));
#9376=CARTESIAN_POINT('Ctrl Pts',(0.02,2.00821094520168,0.262248148636032));
#9377=CARTESIAN_POINT('Ctrl Pts',(-0.1,2.02969789106868,0.26202484931841));
#9378=CARTESIAN_POINT('Ctrl Pts',(0.02,2.02969789106868,0.26202484931841));
#9379=CARTESIAN_POINT('Ctrl Pts',(-0.1,2.04052266578864,0.261912354745038));
#9380=CARTESIAN_POINT('Ctrl Pts',(0.02,2.04052266578864,0.261912354745038));
#9381=CARTESIAN_POINT('',(-0.1,1.54092330681428,0.736271329104012));
#9382=CARTESIAN_POINT('',(-0.1,2.04052266578864,0.261912354745038));
#9383=CARTESIAN_POINT('Ctrl Pts',(-0.1,2.05214125553223,1.21063030346299));
#9384=CARTESIAN_POINT('Ctrl Pts',(0.02,2.05214125553223,1.21063030346299));
#9385=CARTESIAN_POINT('Ctrl Pts',(-0.1,2.03971685174318,1.21042194655516));
#9386=CARTESIAN_POINT('Ctrl Pts',(0.02,2.03971685174318,1.21042194655516));
#9387=CARTESIAN_POINT('Ctrl Pts',(-0.1,2.01517029974876,1.21001030155728));
#9388=CARTESIAN_POINT('Ctrl Pts',(0.02,2.01517029974876,1.21001030155728));
#9389=CARTESIAN_POINT('Ctrl Pts',(-0.1,1.97890753219765,1.20722494306126));
#9390=CARTESIAN_POINT('Ctrl Pts',(0.02,1.97890753219765,1.20722494306126));
#9391=CARTESIAN_POINT('Ctrl Pts',(-0.1,1.94368579349514,1.20232731468107));
#9392=CARTESIAN_POINT('Ctrl Pts',(0.02,1.94368579349514,1.20232731468107));
#9393=CARTESIAN_POINT('Ctrl Pts',(-0.1,1.90940005878679,1.19583144449856));
#9394=CARTESIAN_POINT('Ctrl Pts',(0.02,1.90940005878679,1.19583144449856));
#9395=CARTESIAN_POINT('Ctrl Pts',(-0.1,1.87612170384034,1.1871271767699));
#9396=CARTESIAN_POINT('Ctrl Pts',(0.02,1.87612170384034,1.1871271767699));
#9397=CARTESIAN_POINT('Ctrl Pts',(-0.1,1.84375531757306,1.17678349217391));
#9398=CARTESIAN_POINT('Ctrl Pts',(0.02,1.84375531757306,1.17678349217391));
#9399=CARTESIAN_POINT('Ctrl Pts',(-0.1,1.81249368064413,1.16427222127307));
#9400=CARTESIAN_POINT('Ctrl Pts',(0.02,1.81249368064413,1.16427222127307));
#9401=CARTESIAN_POINT('Ctrl Pts',(-0.1,1.78226144603666,1.15014212985274));
#9402=CARTESIAN_POINT('Ctrl Pts',(0.02,1.78226144603666,1.15014212985274));
#9403=CARTESIAN_POINT('Ctrl Pts',(-0.1,1.75347441189243,1.13415393740226));
#9404=CARTESIAN_POINT('Ctrl Pts',(0.02,1.75347441189243,1.13415393740226));
#9405=CARTESIAN_POINT('Ctrl Pts',(-0.1,1.72633387073608,1.11651787626034));
#9406=CARTESIAN_POINT('Ctrl Pts',(0.02,1.72633387073608,1.11651787626034));
#9407=CARTESIAN_POINT('Ctrl Pts',(-0.1,1.7010937008838,1.09722145241094));
#9408=CARTESIAN_POINT('Ctrl Pts',(0.02,1.7010937008838,1.09722145241094));
#9409=CARTESIAN_POINT('Ctrl Pts',(-0.1,1.67744426987706,1.07655777629361));
#9410=CARTESIAN_POINT('Ctrl Pts',(0.02,1.67744426987706,1.07655777629361));
#9411=CARTESIAN_POINT('Ctrl Pts',(-0.1,1.65580847377609,1.05404429633912));
#9412=CARTESIAN_POINT('Ctrl Pts',(0.02,1.65580847377609,1.05404429633912));
#9413=CARTESIAN_POINT('Ctrl Pts',(-0.1,1.63598400201098,1.02995823527687));
#9414=CARTESIAN_POINT('Ctrl Pts',(0.02,1.63598400201098,1.02995823527687));
#9415=CARTESIAN_POINT('Ctrl Pts',(-0.1,1.61778388728472,1.00439220387706));
#9416=CARTESIAN_POINT('Ctrl Pts',(0.02,1.61778388728472,1.00439220387706));
#9417=CARTESIAN_POINT('Ctrl Pts',(-0.1,1.6017010456199,0.977260313274315));
#9418=CARTESIAN_POINT('Ctrl Pts',(0.02,1.6017010456199,0.977260313274315));
#9419=CARTESIAN_POINT('Ctrl Pts',(-0.1,1.58760386042951,0.949049482252222));
#9420=CARTESIAN_POINT('Ctrl Pts',(0.02,1.58760386042951,0.949049482252222));
#9421=CARTESIAN_POINT('Ctrl Pts',(-0.1,1.57509711739085,0.920317958682731));
#9422=CARTESIAN_POINT('Ctrl Pts',(0.02,1.57509711739085,0.920317958682731));
#9423=CARTESIAN_POINT('Ctrl Pts',(-0.1,1.56443086922734,0.891044400148517));
#9424=CARTESIAN_POINT('Ctrl Pts',(0.02,1.56443086922734,0.891044400148517));
#9425=CARTESIAN_POINT('Ctrl Pts',(-0.1,1.55578693524985,0.8611287585905));
#9426=CARTESIAN_POINT('Ctrl Pts',(0.02,1.55578693524985,0.8611287585905));
#9427=CARTESIAN_POINT('Ctrl Pts',(-0.1,1.54925495656736,0.830652640941867));
#9428=CARTESIAN_POINT('Ctrl Pts',(0.02,1.54925495656736,0.830652640941867));
#9429=CARTESIAN_POINT('Ctrl Pts',(-0.1,1.54436374203339,0.799701810620694));
#9430=CARTESIAN_POINT('Ctrl Pts',(0.02,1.54436374203339,0.799701810620694));
#9431=CARTESIAN_POINT('Ctrl Pts',(-0.1,1.54154736390853,0.768174806516869));
#9432=CARTESIAN_POINT('Ctrl Pts',(0.02,1.54154736390853,0.768174806516869));
#9433=CARTESIAN_POINT('Ctrl Pts',(-0.1,1.54113239478186,0.746960468467061));
#9434=CARTESIAN_POINT('Ctrl Pts',(0.02,1.54113239478186,0.746960468467061));
#9435=CARTESIAN_POINT('Ctrl Pts',(-0.1,1.54092330681428,0.736271329104012));
#9436=CARTESIAN_POINT('Ctrl Pts',(0.02,1.54092330681428,0.736271329104012));
#9437=CARTESIAN_POINT('',(-0.1,2.05214125553223,1.21063030346299));
#9438=CARTESIAN_POINT('Ctrl Pts',(-0.1,2.56656433245531,0.736872290642474));
#9439=CARTESIAN_POINT('Ctrl Pts',(0.0199999999999999,2.56656433245531,0.736872290642474));
#9440=CARTESIAN_POINT('Ctrl Pts',(-0.1,2.56636718210136,0.748162617046758));
#9441=CARTESIAN_POINT('Ctrl Pts',(0.0199999999999999,2.56636718210136,0.748162617046758));
#9442=CARTESIAN_POINT('Ctrl Pts',(-0.1,2.56597567715653,0.77058316323211));
#9443=CARTESIAN_POINT('Ctrl Pts',(0.0199999999999999,2.56597567715653,0.77058316323211));
#9444=CARTESIAN_POINT('Ctrl Pts',(-0.1,2.56299684737349,0.803729939721006));
#9445=CARTESIAN_POINT('Ctrl Pts',(0.0199999999999999,2.56299684737349,0.803729939721006));
#9446=CARTESIAN_POINT('Ctrl Pts',(-0.1,2.55768015226343,0.836024960630497));
#9447=CARTESIAN_POINT('Ctrl Pts',(0.0199999999999999,2.55768015226343,0.836024960630497));
#9448=CARTESIAN_POINT('Ctrl Pts',(-0.1,2.55055518460596,0.867436423460413));
#9449=CARTESIAN_POINT('Ctrl Pts',(0.0199999999999999,2.55055518460596,0.867436423460413));
#9450=CARTESIAN_POINT('Ctrl Pts',(-0.1,2.54120753688782,0.898049830403854));
#9451=CARTESIAN_POINT('Ctrl Pts',(0.0199999999999999,2.54120753688782,0.898049830403854));
#9452=CARTESIAN_POINT('Ctrl Pts',(-0.1,2.53017292319526,0.927883463212861));
#9453=CARTESIAN_POINT('Ctrl Pts',(0.0199999999999999,2.53017292319526,0.927883463212861));
#9454=CARTESIAN_POINT('Ctrl Pts',(-0.1,2.51649948306752,0.956676161767698));
#9455=CARTESIAN_POINT('Ctrl Pts',(0.0199999999999999,2.51649948306752,0.956676161767698));
#9456=CARTESIAN_POINT('Ctrl Pts',(-0.1,2.50119070619395,0.984619476216296));
#9457=CARTESIAN_POINT('Ctrl Pts',(0.0199999999999999,2.50119070619395,0.984619476216296));
#9458=CARTESIAN_POINT('Ctrl Pts',(-0.1,2.48406717731922,1.01138355642798));
#9459=CARTESIAN_POINT('Ctrl Pts',(0.0199999999999999,2.48406717731922,1.01138355642798));
#9460=CARTESIAN_POINT('Ctrl Pts',(-0.1,2.46515084971921,1.0365363719954));
#9461=CARTESIAN_POINT('Ctrl Pts',(0.0199999999999999,2.46515084971921,1.0365363719954));
#9462=CARTESIAN_POINT('Ctrl Pts',(-0.1,2.4445847867423,1.06001767397663));
#9463=CARTESIAN_POINT('Ctrl Pts',(0.0199999999999999,2.4445847867423,1.06001767397663));
#9464=CARTESIAN_POINT('Ctrl Pts',(-0.1,2.42270703840882,1.08214287994856));
#9465=CARTESIAN_POINT('Ctrl Pts',(0.0199999999999999,2.42270703840882,1.08214287994856));
#9466=CARTESIAN_POINT('Ctrl Pts',(-0.1,2.39877926124695,1.1021737029324));
#9467=CARTESIAN_POINT('Ctrl Pts',(0.0199999999999999,2.39877926124695,1.1021737029324));
#9468=CARTESIAN_POINT('Ctrl Pts',(-0.1,2.37353033634328,1.12093766715664));
#9469=CARTESIAN_POINT('Ctrl Pts',(0.0199999999999999,2.37353033634328,1.12093766715664));
#9470=CARTESIAN_POINT('Ctrl Pts',(-0.1,2.34651255934443,1.13789557909071));
#9471=CARTESIAN_POINT('Ctrl Pts',(0.0199999999999999,2.34651255934443,1.13789557909071));
#9472=CARTESIAN_POINT('Ctrl Pts',(-0.1,2.31794729519064,1.15310760913671));
#9473=CARTESIAN_POINT('Ctrl Pts',(0.0199999999999999,2.31794729519064,1.15310760913671));
#9474=CARTESIAN_POINT('Ctrl Pts',(-0.1,2.2882757291613,1.1667087098366));
#9475=CARTESIAN_POINT('Ctrl Pts',(0.0199999999999999,2.2882757291613,1.1667087098366));
#9476=CARTESIAN_POINT('Ctrl Pts',(-0.1,2.25737488470246,1.1783334768324));
#9477=CARTESIAN_POINT('Ctrl Pts',(0.0199999999999999,2.25737488470246,1.1783334768324));
#9478=CARTESIAN_POINT('Ctrl Pts',(-0.1,2.22561543906544,1.18831545213557));
#9479=CARTESIAN_POINT('Ctrl Pts',(0.0199999999999999,2.22561543906544,1.18831545213557));
#9480=CARTESIAN_POINT('Ctrl Pts',(-0.1,2.19280941025997,1.19667120760659));
#9481=CARTESIAN_POINT('Ctrl Pts',(0.0199999999999999,2.19280941025997,1.19667120760659));
#9482=CARTESIAN_POINT('Ctrl Pts',(-0.1,2.15896801363858,1.20266668760107));
#9483=CARTESIAN_POINT('Ctrl Pts',(0.0199999999999999,2.15896801363858,1.20266668760107));
#9484=CARTESIAN_POINT('Ctrl Pts',(-0.1,2.12423706843573,1.20744095314267));
#9485=CARTESIAN_POINT('Ctrl Pts',(0.0199999999999999,2.12423706843573,1.20744095314267));
#9486=CARTESIAN_POINT('Ctrl Pts',(-0.1,2.08850306224043,1.20995378100093));
#9487=CARTESIAN_POINT('Ctrl Pts',(0.0199999999999999,2.08850306224043,1.20995378100093));
#9488=CARTESIAN_POINT('Ctrl Pts',(-0.1,2.06436410427252,1.21040289364836));
#9489=CARTESIAN_POINT('Ctrl Pts',(0.0199999999999999,2.06436410427252,1.21040289364836));
#9490=CARTESIAN_POINT('Ctrl Pts',(-0.1,2.05214125553223,1.21063030346299));
#9491=CARTESIAN_POINT('Ctrl Pts',(0.0199999999999999,2.05214125553223,1.21063030346299));
#9492=CARTESIAN_POINT('',(-0.1,2.56656433245531,0.736872290642474));
#9493=CARTESIAN_POINT('Ctrl Pts',(-0.1,2.04052266578864,0.261912354745038));
#9494=CARTESIAN_POINT('Ctrl Pts',(0.02,2.04052266578864,0.261912354745038));
#9495=CARTESIAN_POINT('Ctrl Pts',(-0.1,2.06057180387258,0.262259916263678));
#9496=CARTESIAN_POINT('Ctrl Pts',(0.02,2.06057180387258,0.262259916263678));
#9497=CARTESIAN_POINT('Ctrl Pts',(-0.1,2.09963653266475,0.262937122256645));
#9498=CARTESIAN_POINT('Ctrl Pts',(0.02,2.09963653266475,0.262937122256645));
#9499=CARTESIAN_POINT('Ctrl Pts',(-0.1,2.15651981140238,0.269264622817002));
#9500=CARTESIAN_POINT('Ctrl Pts',(0.02,2.15651981140238,0.269264622817002));
#9501=CARTESIAN_POINT('Ctrl Pts',(-0.1,2.2100395359426,0.279538859602493));
#9502=CARTESIAN_POINT('Ctrl Pts',(0.02,2.2100395359426,0.279538859602493));
#9503=CARTESIAN_POINT('Ctrl Pts',(-0.1,2.26019153671942,0.294226790209863));
#9504=CARTESIAN_POINT('Ctrl Pts',(0.02,2.26019153671942,0.294226790209863));
#9505=CARTESIAN_POINT('Ctrl Pts',(-0.1,2.30705440225749,0.312843784464658));
#9506=CARTESIAN_POINT('Ctrl Pts',(0.02,2.30705440225749,0.312843784464658));
#9507=CARTESIAN_POINT('Ctrl Pts',(-0.1,2.35073424634793,0.33547629737741));
#9508=CARTESIAN_POINT('Ctrl Pts',(0.02,2.35073424634793,0.33547629737741));
#9509=CARTESIAN_POINT('Ctrl Pts',(-0.1,2.3907366446022,0.36280509997323));
#9510=CARTESIAN_POINT('Ctrl Pts',(0.02,2.3907366446022,0.36280509997323));
#9511=CARTESIAN_POINT('Ctrl Pts',(-0.1,2.42744239386267,0.393720939804581));
#9512=CARTESIAN_POINT('Ctrl Pts',(0.02,2.42744239386267,0.393720939804581));
#9513=CARTESIAN_POINT('Ctrl Pts',(-0.1,2.45989296659807,0.428252512897589));
#9514=CARTESIAN_POINT('Ctrl Pts',(0.02,2.45989296659807,0.428252512897589));
#9515=CARTESIAN_POINT('Ctrl Pts',(-0.1,2.48871372442389,0.465018823455522));
#9516=CARTESIAN_POINT('Ctrl Pts',(0.02,2.48871372442389,0.465018823455522));
#9517=CARTESIAN_POINT('Ctrl Pts',(-0.1,2.51275364378574,0.504478967363659));
#9518=CARTESIAN_POINT('Ctrl Pts',(0.02,2.51275364378574,0.504478967363659));
#9519=CARTESIAN_POINT('Ctrl Pts',(-0.1,2.5326026918576,0.546268363174373));
#9520=CARTESIAN_POINT('Ctrl Pts',(0.02,2.5326026918576,0.546268363174373));
#9521=CARTESIAN_POINT('Ctrl Pts',(-0.1,2.54784221619676,0.590564556000972));
#9522=CARTESIAN_POINT('Ctrl Pts',(0.02,2.54784221619676,0.590564556000972));
#9523=CARTESIAN_POINT('Ctrl Pts',(-0.1,2.55851126992135,0.637243175594865));
#9524=CARTESIAN_POINT('Ctrl Pts',(0.02,2.55851126992135,0.637243175594865));
#9525=CARTESIAN_POINT('Ctrl Pts',(-0.1,2.5653938463708,0.686254299481328));
#9526=CARTESIAN_POINT('Ctrl Pts',(0.02,2.5653938463708,0.686254299481328));
#9527=CARTESIAN_POINT('Ctrl Pts',(-0.1,2.56616850328244,0.719754549697973));
#9528=CARTESIAN_POINT('Ctrl Pts',(0.02,2.56616850328244,0.719754549697973));
#9529=CARTESIAN_POINT('Ctrl Pts',(-0.1,2.56656433245531,0.736872290642474));
#9530=CARTESIAN_POINT('Ctrl Pts',(0.02,2.56656433245531,0.736872290642474));
#9531=CARTESIAN_POINT('Ctrl Pts',(-0.1,2.45117971707069,0.737673572693757));
#9532=CARTESIAN_POINT('Ctrl Pts',(0.02,2.45117971707069,0.737673572693757));
#9533=CARTESIAN_POINT('Ctrl Pts',(-0.1,2.45095657631482,0.726437661846437));
#9534=CARTESIAN_POINT('Ctrl Pts',(0.02,2.45095657631482,0.726437661846437));
#9535=CARTESIAN_POINT('Ctrl Pts',(-0.1,2.45051629473959,0.704267957760612));
#9536=CARTESIAN_POINT('Ctrl Pts',(0.02,2.45051629473959,0.704267957760612));
#9537=CARTESIAN_POINT('Ctrl Pts',(-0.1,2.44562188142682,0.671631514145337));
#9538=CARTESIAN_POINT('Ctrl Pts',(0.02,2.44562188142682,0.671631514145337));
#9539=CARTESIAN_POINT('Ctrl Pts',(-0.1,2.4383089591944,0.640166443914338));
#9540=CARTESIAN_POINT('Ctrl Pts',(0.02,2.4383089591944,0.640166443914338));
#9541=CARTESIAN_POINT('Ctrl Pts',(-0.1,2.42808510424515,0.609823916639198));
#9542=CARTESIAN_POINT('Ctrl Pts',(0.02,2.42808510424515,0.609823916639198));
#9543=CARTESIAN_POINT('Ctrl Pts',(-0.1,2.41454711353772,0.580863447294369));
#9544=CARTESIAN_POINT('Ctrl Pts',(0.02,2.41454711353772,0.580863447294369));
#9545=CARTESIAN_POINT('Ctrl Pts',(-0.1,2.3979446206775,0.553134994156791));
#9546=CARTESIAN_POINT('Ctrl Pts',(0.02,2.3979446206775,0.553134994156791));
#9547=CARTESIAN_POINT('Ctrl Pts',(-0.1,2.37872968532033,0.526392426573232));
#9548=CARTESIAN_POINT('Ctrl Pts',(0.02,2.37872968532033,0.526392426573232));
#9549=CARTESIAN_POINT('Ctrl Pts',(-0.1,2.35643413992112,0.501057436705287));
#9550=CARTESIAN_POINT('Ctrl Pts',(0.02,2.35643413992112,0.501057436705287));
#9551=CARTESIAN_POINT('Ctrl Pts',(-0.1,2.33082200083764,0.477439684618322));
#9552=CARTESIAN_POINT('Ctrl Pts',(0.02,2.33082200083764,0.477439684618322));
#9553=CARTESIAN_POINT('Ctrl Pts',(-0.1,2.30062607369555,0.457473244623515));
#9554=CARTESIAN_POINT('Ctrl Pts',(0.02,2.30062607369555,0.457473244623515));
#9555=CARTESIAN_POINT('Ctrl Pts',(-0.1,2.26656719868153,0.440644983495678));
#9556=CARTESIAN_POINT('Ctrl Pts',(0.02,2.26656719868153,0.440644983495678));
#9557=CARTESIAN_POINT('Ctrl Pts',(-0.1,2.22873170713399,0.426593695453228));
#9558=CARTESIAN_POINT('Ctrl Pts',(0.02,2.22873170713399,0.426593695453228));
#9559=CARTESIAN_POINT('Ctrl Pts',(-0.1,2.18682658817716,0.415880002120601));
#9560=CARTESIAN_POINT('Ctrl Pts',(0.02,2.18682658817716,0.415880002120601));
#9561=CARTESIAN_POINT('Ctrl Pts',(-0.1,2.1410321792147,0.408475499942797));
#9562=CARTESIAN_POINT('Ctrl Pts',(0.02,2.1410321792147,0.408475499942797));
#9563=CARTESIAN_POINT('Ctrl Pts',(-0.1,2.09130022421415,0.403800448339711));
#9564=CARTESIAN_POINT('Ctrl Pts',(0.02,2.09130022421415,0.403800448339711));
#9565=CARTESIAN_POINT('Ctrl Pts',(-0.1,2.05682650895308,0.403232829501572));
#9566=CARTESIAN_POINT('Ctrl Pts',(0.02,2.05682650895308,0.403232829501572));
#9567=CARTESIAN_POINT('Ctrl Pts',(-0.1,2.03892010168608,0.402937995770679));
#9568=CARTESIAN_POINT('Ctrl Pts',(0.02,2.03892010168608,0.402937995770679));
#9569=CARTESIAN_POINT('',(1.35525271560688E-17,2.45117971707069,0.737673572693757));
#9570=CARTESIAN_POINT('',(0.,2.03892010168608,0.402937995770679));
#9571=CARTESIAN_POINT('Ctrl Pts',(1.35525271560688E-17,2.45117971707069,
0.737673572693757));
#9572=CARTESIAN_POINT('Ctrl Pts',(1.92592994438724E-33,2.45095657631482,
0.726437661846437));
#9573=CARTESIAN_POINT('Ctrl Pts',(0.,2.45051629473959,0.704267957760612));
#9574=CARTESIAN_POINT('Ctrl Pts',(0.,2.44562188142682,0.671631514145337));
#9575=CARTESIAN_POINT('Ctrl Pts',(0.,2.4383089591944,0.640166443914338));
#9576=CARTESIAN_POINT('Ctrl Pts',(0.,2.42808510424515,0.609823916639198));
#9577=CARTESIAN_POINT('Ctrl Pts',(0.,2.41454711353772,0.580863447294369));
#9578=CARTESIAN_POINT('Ctrl Pts',(0.,2.3979446206775,0.553134994156791));
#9579=CARTESIAN_POINT('Ctrl Pts',(0.,2.37872968532033,0.526392426573232));
#9580=CARTESIAN_POINT('Ctrl Pts',(0.,2.35643413992112,0.501057436705287));
#9581=CARTESIAN_POINT('Ctrl Pts',(0.,2.33082200083764,0.477439684618322));
#9582=CARTESIAN_POINT('Ctrl Pts',(0.,2.30062607369555,0.457473244623515));
#9583=CARTESIAN_POINT('Ctrl Pts',(0.,2.26656719868153,0.440644983495678));
#9584=CARTESIAN_POINT('Ctrl Pts',(0.,2.22873170713399,0.426593695453228));
#9585=CARTESIAN_POINT('Ctrl Pts',(0.,2.18682658817716,0.415880002120601));
#9586=CARTESIAN_POINT('Ctrl Pts',(0.,2.1410321792147,0.408475499942797));
#9587=CARTESIAN_POINT('Ctrl Pts',(0.,2.09130022421415,0.403800448339711));
#9588=CARTESIAN_POINT('Ctrl Pts',(0.,2.05682650895308,0.403232829501572));
#9589=CARTESIAN_POINT('Ctrl Pts',(0.,2.03892010168608,0.402937995770679));
#9590=CARTESIAN_POINT('',(-0.1,2.45117971707069,0.737673572693757));
#9591=CARTESIAN_POINT('',(-0.1,2.03892010168608,0.402937995770679));
#9592=CARTESIAN_POINT('Ctrl Pts',(-0.1,2.03892010168608,0.402937995770679));
#9593=CARTESIAN_POINT('Ctrl Pts',(0.0199999999999999,2.03892010168608,0.402937995770679));
#9594=CARTESIAN_POINT('Ctrl Pts',(-0.1,2.02448291329829,0.403154110882324));
#9595=CARTESIAN_POINT('Ctrl Pts',(0.0199999999999999,2.02448291329829,0.403154110882324));
#9596=CARTESIAN_POINT('Ctrl Pts',(-0.1,1.9963314148373,0.403575520097846));
#9597=CARTESIAN_POINT('Ctrl Pts',(0.0199999999999999,1.9963314148373,0.403575520097846));
#9598=CARTESIAN_POINT('Ctrl Pts',(-0.1,1.95528802711089,0.408396669618177));
#9599=CARTESIAN_POINT('Ctrl Pts',(0.0199999999999999,1.95528802711089,0.408396669618177));
#9600=CARTESIAN_POINT('Ctrl Pts',(-0.1,1.91656150063524,0.415711994009253));
#9601=CARTESIAN_POINT('Ctrl Pts',(0.0199999999999999,1.91656150063524,0.415711994009253));
#9602=CARTESIAN_POINT('Ctrl Pts',(-0.1,1.88004312074066,0.425795396490195));
#9603=CARTESIAN_POINT('Ctrl Pts',(0.0199999999999999,1.88004312074066,0.425795396490195));
#9604=CARTESIAN_POINT('Ctrl Pts',(-0.1,1.84609404880957,0.439349958729734));
#9605=CARTESIAN_POINT('Ctrl Pts',(0.0199999999999999,1.84609404880957,0.439349958729734));
#9606=CARTESIAN_POINT('Ctrl Pts',(-0.1,1.81438806724892,0.455556192893343));
#9607=CARTESIAN_POINT('Ctrl Pts',(0.0199999999999999,1.81438806724892,0.455556192893343));
#9608=CARTESIAN_POINT('Ctrl Pts',(-0.1,1.7851359393297,0.474959766692921));
#9609=CARTESIAN_POINT('Ctrl Pts',(0.0199999999999999,1.7851359393297,0.474959766692921));
#9610=CARTESIAN_POINT('Ctrl Pts',(-0.1,1.75841949480909,0.497132579473364));
#9611=CARTESIAN_POINT('Ctrl Pts',(0.0199999999999999,1.75841949480909,0.497132579473364));
#9612=CARTESIAN_POINT('Ctrl Pts',(-0.1,1.73441944296162,0.521520131645893));
#9613=CARTESIAN_POINT('Ctrl Pts',(0.0199999999999999,1.73441944296162,0.521520131645893));
#9614=CARTESIAN_POINT('Ctrl Pts',(-0.1,1.71345667436189,0.54758070611038));
#9615=CARTESIAN_POINT('Ctrl Pts',(0.0199999999999999,1.71345667436189,0.54758070611038));
#9616=CARTESIAN_POINT('Ctrl Pts',(-0.1,1.69590183845903,0.575320161155132));
#9617=CARTESIAN_POINT('Ctrl Pts',(0.0199999999999999,1.69590183845903,0.575320161155132));
#9618=CARTESIAN_POINT('Ctrl Pts',(-0.1,1.68140657389335,0.604430955579348));
#9619=CARTESIAN_POINT('Ctrl Pts',(0.0199999999999999,1.68140657389335,0.604430955579348));
#9620=CARTESIAN_POINT('Ctrl Pts',(-0.1,1.67009169815947,0.635122178618874));
#9621=CARTESIAN_POINT('Ctrl Pts',(0.0199999999999999,1.67009169815947,0.635122178618874));
#9622=CARTESIAN_POINT('Ctrl Pts',(-0.1,1.66214667749494,0.66730190974556));
#9623=CARTESIAN_POINT('Ctrl Pts',(0.0199999999999999,1.66214667749494,0.66730190974556));
#9624=CARTESIAN_POINT('Ctrl Pts',(-0.1,1.65717771201453,0.700993792807378));
#9625=CARTESIAN_POINT('Ctrl Pts',(0.0199999999999999,1.65717771201453,0.700993792807378));
#9626=CARTESIAN_POINT('Ctrl Pts',(-0.1,1.65660146425782,0.72396750215141));
#9627=CARTESIAN_POINT('Ctrl Pts',(0.0199999999999999,1.65660146425782,0.72396750215141));
#9628=CARTESIAN_POINT('Ctrl Pts',(-0.1,1.6563079221989,0.735670367565551));
#9629=CARTESIAN_POINT('Ctrl Pts',(0.0199999999999999,1.6563079221989,0.735670367565551));
#9630=CARTESIAN_POINT('',(0.,1.6563079221989,0.735670367565551));
#9631=CARTESIAN_POINT('Ctrl Pts',(0.,2.03892010168608,0.402937995770679));
#9632=CARTESIAN_POINT('Ctrl Pts',(0.,2.02448291329829,0.403154110882324));
#9633=CARTESIAN_POINT('Ctrl Pts',(0.,1.9963314148373,0.403575520097846));
#9634=CARTESIAN_POINT('Ctrl Pts',(0.,1.95528802711089,0.408396669618177));
#9635=CARTESIAN_POINT('Ctrl Pts',(0.,1.91656150063524,0.415711994009253));
#9636=CARTESIAN_POINT('Ctrl Pts',(0.,1.88004312074066,0.425795396490195));
#9637=CARTESIAN_POINT('Ctrl Pts',(0.,1.84609404880957,0.439349958729734));
#9638=CARTESIAN_POINT('Ctrl Pts',(0.,1.81438806724892,0.455556192893343));
#9639=CARTESIAN_POINT('Ctrl Pts',(0.,1.7851359393297,0.474959766692921));
#9640=CARTESIAN_POINT('Ctrl Pts',(0.,1.75841949480909,0.497132579473364));
#9641=CARTESIAN_POINT('Ctrl Pts',(0.,1.73441944296162,0.521520131645893));
#9642=CARTESIAN_POINT('Ctrl Pts',(0.,1.71345667436189,0.54758070611038));
#9643=CARTESIAN_POINT('Ctrl Pts',(0.,1.69590183845903,0.575320161155132));
#9644=CARTESIAN_POINT('Ctrl Pts',(0.,1.68140657389335,0.604430955579348));
#9645=CARTESIAN_POINT('Ctrl Pts',(0.,1.67009169815947,0.635122178618874));
#9646=CARTESIAN_POINT('Ctrl Pts',(0.,1.66214667749494,0.66730190974556));
#9647=CARTESIAN_POINT('Ctrl Pts',(0.,1.65717771201453,0.700993792807378));
#9648=CARTESIAN_POINT('Ctrl Pts',(0.,1.65660146425782,0.72396750215141));
#9649=CARTESIAN_POINT('Ctrl Pts',(0.,1.6563079221989,0.735670367565551));
#9650=CARTESIAN_POINT('',(-0.1,1.6563079221989,0.735670367565551));
#9651=CARTESIAN_POINT('Ctrl Pts',(-0.1,1.6563079221989,0.735670367565551));
#9652=CARTESIAN_POINT('Ctrl Pts',(0.02,1.6563079221989,0.735670367565551));
#9653=CARTESIAN_POINT('Ctrl Pts',(-0.1,1.65660580593933,0.747571597079658));
#9654=CARTESIAN_POINT('Ctrl Pts',(0.02,1.65660580593933,0.747571597079658));
#9655=CARTESIAN_POINT('Ctrl Pts',(-0.1,1.6571890614634,0.770874170919726));
#9656=CARTESIAN_POINT('Ctrl Pts',(0.02,1.6571890614634,0.770874170919726));
#9657=CARTESIAN_POINT('Ctrl Pts',(-0.1,1.66207128454771,0.805074004853362));
#9658=CARTESIAN_POINT('Ctrl Pts',(0.02,1.66207128454771,0.805074004853362));
#9659=CARTESIAN_POINT('Ctrl Pts',(-0.1,1.67038306124388,0.837567675511209));
#9660=CARTESIAN_POINT('Ctrl Pts',(0.02,1.67038306124388,0.837567675511209));
#9661=CARTESIAN_POINT('Ctrl Pts',(-0.1,1.68144791887294,0.868677253239588));
#9662=CARTESIAN_POINT('Ctrl Pts',(0.02,1.68144791887294,0.868677253239588));
#9663=CARTESIAN_POINT('Ctrl Pts',(-0.1,1.69640572014157,0.897840306969969));
#9664=CARTESIAN_POINT('Ctrl Pts',(0.02,1.69640572014157,0.897840306969969));
#9665=CARTESIAN_POINT('Ctrl Pts',(-0.1,1.71392122357573,0.925738877219117));
#9666=CARTESIAN_POINT('Ctrl Pts',(0.02,1.71392122357573,0.925738877219117));
#9667=CARTESIAN_POINT('Ctrl Pts',(-0.1,1.73532466708225,0.951612445364342));
#9668=CARTESIAN_POINT('Ctrl Pts',(0.02,1.73532466708225,0.951612445364342));
#9669=CARTESIAN_POINT('Ctrl Pts',(-0.1,1.75936716551835,0.976096134293647));
#9670=CARTESIAN_POINT('Ctrl Pts',(0.02,1.75936716551835,0.976096134293647));
#9671=CARTESIAN_POINT('Ctrl Pts',(-0.1,1.786695880708,0.998056353971876));
#9672=CARTESIAN_POINT('Ctrl Pts',(0.02,1.786695880708,0.998056353971876));
#9673=CARTESIAN_POINT('Ctrl Pts',(-0.1,1.81663761932417,1.0175414259017));
#9674=CARTESIAN_POINT('Ctrl Pts',(0.02,1.81663761932417,1.0175414259017));
#9675=CARTESIAN_POINT('Ctrl Pts',(-0.1,1.84964143132901,1.03336972682217));
#9676=CARTESIAN_POINT('Ctrl Pts',(0.02,1.84964143132901,1.03336972682217));
#9677=CARTESIAN_POINT('Ctrl Pts',(-0.1,1.88498028792596,1.0470353283413));
#9678=CARTESIAN_POINT('Ctrl Pts',(0.02,1.88498028792596,1.0470353283413));
#9679=CARTESIAN_POINT('Ctrl Pts',(-0.1,1.92332210694931,1.05704206936668));
#9680=CARTESIAN_POINT('Ctrl Pts',(0.02,1.92332210694931,1.05704206936668));
#9681=CARTESIAN_POINT('Ctrl Pts',(-0.1,1.96423101898287,1.06443766418796));
#9682=CARTESIAN_POINT('Ctrl Pts',(0.02,1.96423101898287,1.06443766418796));
#9683=CARTESIAN_POINT('Ctrl Pts',(-0.1,2.00783861512781,1.06889440620017));
#9684=CARTESIAN_POINT('Ctrl Pts',(0.02,2.00783861512781,1.06889440620017));
#9685=CARTESIAN_POINT('Ctrl Pts',(-0.1,2.03777442074647,1.06936372411087));
#9686=CARTESIAN_POINT('Ctrl Pts',(0.02,2.03777442074647,1.06936372411087));
#9687=CARTESIAN_POINT('Ctrl Pts',(-0.1,2.05314285809633,1.06960466243735));
#9688=CARTESIAN_POINT('Ctrl Pts',(0.02,2.05314285809633,1.06960466243735));
#9689=CARTESIAN_POINT('',(0.,2.05314285809633,1.06960466243735));
#9690=CARTESIAN_POINT('Ctrl Pts',(0.,1.6563079221989,0.735670367565551));
#9691=CARTESIAN_POINT('Ctrl Pts',(0.,1.65660580593933,0.747571597079658));
#9692=CARTESIAN_POINT('Ctrl Pts',(0.,1.6571890614634,0.770874170919726));
#9693=CARTESIAN_POINT('Ctrl Pts',(0.,1.66207128454771,0.805074004853362));
#9694=CARTESIAN_POINT('Ctrl Pts',(0.,1.67038306124388,0.837567675511209));
#9695=CARTESIAN_POINT('Ctrl Pts',(0.,1.68144791887294,0.868677253239588));
#9696=CARTESIAN_POINT('Ctrl Pts',(0.,1.69640572014157,0.897840306969969));
#9697=CARTESIAN_POINT('Ctrl Pts',(0.,1.71392122357573,0.925738877219117));
#9698=CARTESIAN_POINT('Ctrl Pts',(0.,1.73532466708225,0.951612445364342));
#9699=CARTESIAN_POINT('Ctrl Pts',(0.,1.75936716551835,0.976096134293647));
#9700=CARTESIAN_POINT('Ctrl Pts',(0.,1.786695880708,0.998056353971876));
#9701=CARTESIAN_POINT('Ctrl Pts',(0.,1.81663761932417,1.0175414259017));
#9702=CARTESIAN_POINT('Ctrl Pts',(0.,1.84964143132901,1.03336972682217));
#9703=CARTESIAN_POINT('Ctrl Pts',(0.,1.88498028792596,1.0470353283413));
#9704=CARTESIAN_POINT('Ctrl Pts',(0.,1.92332210694931,1.05704206936668));
#9705=CARTESIAN_POINT('Ctrl Pts',(0.,1.96423101898287,1.06443766418796));
#9706=CARTESIAN_POINT('Ctrl Pts',(0.,2.00783861512781,1.06889440620017));
#9707=CARTESIAN_POINT('Ctrl Pts',(0.,2.03777442074647,1.06936372411087));
#9708=CARTESIAN_POINT('Ctrl Pts',(0.,2.05314285809633,1.06960466243735));
#9709=CARTESIAN_POINT('',(-0.1,2.05314285809633,1.06960466243735));
#9710=CARTESIAN_POINT('Ctrl Pts',(-0.1,2.05314285809633,1.06960466243735));
#9711=CARTESIAN_POINT('Ctrl Pts',(0.02,2.05314285809633,1.06960466243735));
#9712=CARTESIAN_POINT('Ctrl Pts',(-0.1,2.06302991036861,1.06951951492557));
#9713=CARTESIAN_POINT('Ctrl Pts',(0.02,2.06302991036861,1.06951951492557));
#9714=CARTESIAN_POINT('Ctrl Pts',(-0.1,2.08242472896295,1.06935248632098));
#9715=CARTESIAN_POINT('Ctrl Pts',(0.02,2.08242472896295,1.06935248632098));
#9716=CARTESIAN_POINT('Ctrl Pts',(-0.1,2.1110129134874,1.06714046779107));
#9717=CARTESIAN_POINT('Ctrl Pts',(0.02,2.1110129134874,1.06714046779107));
#9718=CARTESIAN_POINT('Ctrl Pts',(-0.1,2.13871184178506,1.06428724772793));
#9719=CARTESIAN_POINT('Ctrl Pts',(0.02,2.13871184178506,1.06428724772793));
#9720=CARTESIAN_POINT('Ctrl Pts',(-0.1,2.16548577232449,1.05994317582433));
#9721=CARTESIAN_POINT('Ctrl Pts',(0.02,2.16548577232449,1.05994317582433));
#9722=CARTESIAN_POINT('Ctrl Pts',(-0.1,2.1912238281713,1.05395649357354));
#9723=CARTESIAN_POINT('Ctrl Pts',(0.02,2.1912238281713,1.05395649357354));
#9724=CARTESIAN_POINT('Ctrl Pts',(-0.1,2.21612195367208,1.0473242662826));
#9725=CARTESIAN_POINT('Ctrl Pts',(0.02,2.21612195367208,1.0473242662826));
#9726=CARTESIAN_POINT('Ctrl Pts',(-0.1,2.23996559047176,1.03903089798614));
#9727=CARTESIAN_POINT('Ctrl Pts',(0.02,2.23996559047176,1.03903089798614));
#9728=CARTESIAN_POINT('Ctrl Pts',(-0.1,2.26284824420395,1.02962091585463));
#9729=CARTESIAN_POINT('Ctrl Pts',(0.02,2.26284824420395,1.02962091585463));
#9730=CARTESIAN_POINT('Ctrl Pts',(-0.1,2.28465243966526,1.01909130518579));
#9731=CARTESIAN_POINT('Ctrl Pts',(0.02,2.28465243966526,1.01909130518579));
#9732=CARTESIAN_POINT('Ctrl Pts',(-0.1,2.30519435880712,1.00721530476401));
#9733=CARTESIAN_POINT('Ctrl Pts',(0.02,2.30519435880712,1.00721530476401));
#9734=CARTESIAN_POINT('Ctrl Pts',(-0.1,2.32439413920017,0.994130938077019));
#9735=CARTESIAN_POINT('Ctrl Pts',(0.02,2.32439413920017,0.994130938077019));
#9736=CARTESIAN_POINT('Ctrl Pts',(-0.1,2.34261578922621,0.980191236594431));
#9737=CARTESIAN_POINT('Ctrl Pts',(0.02,2.34261578922621,0.980191236594431));
#9738=CARTESIAN_POINT('Ctrl Pts',(-0.1,2.35915405640443,0.964624298472872));
#9739=CARTESIAN_POINT('Ctrl Pts',(0.02,2.35915405640443,0.964624298472872));
#9740=CARTESIAN_POINT('Ctrl Pts',(-0.1,2.37470752481518,0.948179681020909));
#9741=CARTESIAN_POINT('Ctrl Pts',(0.02,2.37470752481518,0.948179681020909));
#9742=CARTESIAN_POINT('Ctrl Pts',(-0.1,2.38895485638164,0.930483845317591));
#9743=CARTESIAN_POINT('Ctrl Pts',(0.02,2.38895485638164,0.930483845317591));
#9744=CARTESIAN_POINT('Ctrl Pts',(-0.1,2.40189977274024,0.911713389312049));
#9745=CARTESIAN_POINT('Ctrl Pts',(0.02,2.40189977274024,0.911713389312049));
#9746=CARTESIAN_POINT('Ctrl Pts',(-0.1,2.41355223758182,0.892134596261686));
#9747=CARTESIAN_POINT('Ctrl Pts',(0.02,2.41355223758182,0.892134596261686));
#9748=CARTESIAN_POINT('Ctrl Pts',(-0.1,2.42352523558975,0.871787827713911));
#9749=CARTESIAN_POINT('Ctrl Pts',(0.02,2.42352523558975,0.871787827713911));
#9750=CARTESIAN_POINT('Ctrl Pts',(-0.1,2.43228526135334,0.850997236648151));
#9751=CARTESIAN_POINT('Ctrl Pts',(0.02,2.43228526135334,0.850997236648151));
#9752=CARTESIAN_POINT('Ctrl Pts',(-0.1,2.43900018875944,0.829414817982514));
#9753=CARTESIAN_POINT('Ctrl Pts',(0.02,2.43900018875944,0.829414817982514));
#9754=CARTESIAN_POINT('Ctrl Pts',(-0.1,2.44441587626624,0.807338583324133));
#9755=CARTESIAN_POINT('Ctrl Pts',(0.02,2.44441587626624,0.807338583324133));
#9756=CARTESIAN_POINT('Ctrl Pts',(-0.1,2.44852959532447,0.784679288772294));
#9757=CARTESIAN_POINT('Ctrl Pts',(0.02,2.44852959532447,0.784679288772294));
#9758=CARTESIAN_POINT('Ctrl Pts',(-0.1,2.45065987049839,0.761352829044145));
#9759=CARTESIAN_POINT('Ctrl Pts',(0.02,2.45065987049839,0.761352829044145));
#9760=CARTESIAN_POINT('Ctrl Pts',(-0.1,2.4510051905174,0.745623339443385));
#9761=CARTESIAN_POINT('Ctrl Pts',(0.02,2.4510051905174,0.745623339443385));
#9762=CARTESIAN_POINT('Ctrl Pts',(-0.1,2.45117971707069,0.737673572693757));
#9763=CARTESIAN_POINT('Ctrl Pts',(0.02,2.45117971707069,0.737673572693757));
#9764=CARTESIAN_POINT('Ctrl Pts',(0.,2.05314285809633,1.06960466243735));
#9765=CARTESIAN_POINT('Ctrl Pts',(0.,2.06302991036861,1.06951951492557));
#9766=CARTESIAN_POINT('Ctrl Pts',(0.,2.08242472896295,1.06935248632098));
#9767=CARTESIAN_POINT('Ctrl Pts',(0.,2.1110129134874,1.06714046779107));
#9768=CARTESIAN_POINT('Ctrl Pts',(0.,2.13871184178506,1.06428724772793));
#9769=CARTESIAN_POINT('Ctrl Pts',(0.,2.16548577232449,1.05994317582433));
#9770=CARTESIAN_POINT('Ctrl Pts',(0.,2.1912238281713,1.05395649357354));
#9771=CARTESIAN_POINT('Ctrl Pts',(0.,2.21612195367208,1.0473242662826));
#9772=CARTESIAN_POINT('Ctrl Pts',(0.,2.23996559047176,1.03903089798614));
#9773=CARTESIAN_POINT('Ctrl Pts',(0.,2.26284824420395,1.02962091585463));
#9774=CARTESIAN_POINT('Ctrl Pts',(0.,2.28465243966526,1.01909130518579));
#9775=CARTESIAN_POINT('Ctrl Pts',(0.,2.30519435880712,1.00721530476401));
#9776=CARTESIAN_POINT('Ctrl Pts',(0.,2.32439413920017,0.994130938077019));
#9777=CARTESIAN_POINT('Ctrl Pts',(0.,2.34261578922621,0.980191236594431));
#9778=CARTESIAN_POINT('Ctrl Pts',(0.,2.35915405640443,0.964624298472872));
#9779=CARTESIAN_POINT('Ctrl Pts',(0.,2.37470752481518,0.948179681020909));
#9780=CARTESIAN_POINT('Ctrl Pts',(0.,2.38895485638164,0.930483845317591));
#9781=CARTESIAN_POINT('Ctrl Pts',(0.,2.40189977274024,0.911713389312049));
#9782=CARTESIAN_POINT('Ctrl Pts',(0.,2.41355223758182,0.892134596261686));
#9783=CARTESIAN_POINT('Ctrl Pts',(0.,2.42352523558975,0.871787827713911));
#9784=CARTESIAN_POINT('Ctrl Pts',(0.,2.43228526135334,0.850997236648151));
#9785=CARTESIAN_POINT('Ctrl Pts',(0.,2.43900018875944,0.829414817982514));
#9786=CARTESIAN_POINT('Ctrl Pts',(0.,2.44441587626624,0.807338583324133));
#9787=CARTESIAN_POINT('Ctrl Pts',(0.,2.44852959532447,0.784679288772294));
#9788=CARTESIAN_POINT('Ctrl Pts',(0.,2.45065987049839,0.761352829044145));
#9789=CARTESIAN_POINT('Ctrl Pts',(0.,2.4510051905174,0.745623339443385));
#9790=CARTESIAN_POINT('Ctrl Pts',(1.35525271560688E-17,2.45117971707069,
0.737673572693757));
#9791=CARTESIAN_POINT('Origin',(0.,0.,0.));
#9792=CARTESIAN_POINT('Origin',(-0.1,1.55374381963479,4.2234508162835));
#9793=CARTESIAN_POINT('',(-0.1,1.55374381963479,4.2234508162835));
#9794=CARTESIAN_POINT('',(-0.1,1.55374381963479,4.2234508162835));
#9795=CARTESIAN_POINT('',(-0.1,1.55374381963479,4.08242517525786));
#9796=CARTESIAN_POINT('',(-0.1,1.55374381963479,4.2234508162835));
#9797=CARTESIAN_POINT('',(-0.1,1.55374381963479,4.08242517525786));
#9798=CARTESIAN_POINT('Origin',(-0.1,2.29993772989121,4.2234508162835));
#9799=CARTESIAN_POINT('',(-0.1,2.29993772989121,4.2234508162835));
#9800=CARTESIAN_POINT('',(-0.1,2.29993772989121,4.2234508162835));
#9801=CARTESIAN_POINT('',(-0.1,2.29993772989121,4.2234508162835));
#9802=CARTESIAN_POINT('Origin',(-0.1,1.55374381963479,4.70261748295017));
#9803=CARTESIAN_POINT('',(-0.1,1.55374381963479,4.70261748295017));
#9804=CARTESIAN_POINT('',(-0.1,1.55374381963479,4.70261748295017));
#9805=CARTESIAN_POINT('',(-0.1,1.55374381963479,4.70261748295017));
#9806=CARTESIAN_POINT('Origin',(-0.1,1.55374381963479,4.85165594448863));
#9807=CARTESIAN_POINT('',(-0.1,1.55374381963479,4.85165594448863));
#9808=CARTESIAN_POINT('',(-0.1,1.55374381963479,4.85165594448863));
#9809=CARTESIAN_POINT('',(-0.1,1.55374381963479,4.85165594448863));
#9810=CARTESIAN_POINT('Origin',(-0.1,2.55374381963479,4.85165594448863));
#9811=CARTESIAN_POINT('',(-0.1,2.55374381963479,4.85165594448863));
#9812=CARTESIAN_POINT('',(-0.1,2.55374381963479,4.85165594448863));
#9813=CARTESIAN_POINT('',(-0.1,2.55374381963479,4.85165594448863));
#9814=CARTESIAN_POINT('Origin',(-0.1,2.55374381963479,4.71063030346299));
#9815=CARTESIAN_POINT('',(-0.1,2.55374381963479,4.71063030346299));
#9816=CARTESIAN_POINT('',(-0.1,2.55374381963479,4.71063030346299));
#9817=CARTESIAN_POINT('',(-0.1,2.55374381963479,4.71063030346299));
#9818=CARTESIAN_POINT('Origin',(-0.1,1.80754990937838,4.71063030346299));
#9819=CARTESIAN_POINT('',(-0.1,1.80754990937838,4.71063030346299));
#9820=CARTESIAN_POINT('',(-0.1,1.80754990937838,4.71063030346299));
#9821=CARTESIAN_POINT('',(-0.1,1.80754990937838,4.71063030346299));
#9822=CARTESIAN_POINT('Origin',(-0.1,2.55374381963479,4.23146363679632));
#9823=CARTESIAN_POINT('',(-0.1,2.55374381963479,4.23146363679632));
#9824=CARTESIAN_POINT('',(-0.1,2.55374381963479,4.23146363679632));
#9825=CARTESIAN_POINT('',(-0.1,2.55374381963479,4.23146363679632));
#9826=CARTESIAN_POINT('Origin',(-0.1,2.55374381963479,4.08242517525786));
#9827=CARTESIAN_POINT('',(-0.1,2.55374381963479,4.08242517525786));
#9828=CARTESIAN_POINT('',(-0.1,2.55374381963479,4.08242517525786));
#9829=CARTESIAN_POINT('',(-0.1,2.55374381963479,4.08242517525786));
#9830=CARTESIAN_POINT('Origin',(-0.1,1.55374381963479,4.08242517525786));
#9831=CARTESIAN_POINT('',(-0.1,1.55374381963479,4.08242517525786));
#9832=CARTESIAN_POINT('Origin',(-0.1,0.,0.));
#9833=CARTESIAN_POINT('Ctrl Pts',(-0.1,1.6563079221989,5.48146363679632));
#9834=CARTESIAN_POINT('Ctrl Pts',(0.02,1.6563079221989,5.48146363679632));
#9835=CARTESIAN_POINT('Ctrl Pts',(-0.1,1.65649018155694,5.49015419846559));
#9836=CARTESIAN_POINT('Ctrl Pts',(0.02,1.65649018155694,5.49015419846559));
#9837=CARTESIAN_POINT('Ctrl Pts',(-0.1,1.65685020823397,5.50732113064835));
#9838=CARTESIAN_POINT('Ctrl Pts',(0.02,1.65685020823397,5.50732113064835));
#9839=CARTESIAN_POINT('Ctrl Pts',(-0.1,1.6600015419886,5.53249003301591));
#9840=CARTESIAN_POINT('Ctrl Pts',(0.02,1.6600015419886,5.53249003301591));
#9841=CARTESIAN_POINT('Ctrl Pts',(-0.1,1.66464544447343,5.55675250792496));
#9842=CARTESIAN_POINT('Ctrl Pts',(0.02,1.66464544447343,5.55675250792496));
#9843=CARTESIAN_POINT('Ctrl Pts',(-0.1,1.67181145494092,5.5798146188833));
#9844=CARTESIAN_POINT('Ctrl Pts',(0.02,1.67181145494092,5.5798146188833));
#9845=CARTESIAN_POINT('Ctrl Pts',(-0.1,1.68058539516942,5.60198657735445));
#9846=CARTESIAN_POINT('Ctrl Pts',(0.02,1.68058539516942,5.60198657735445));
#9847=CARTESIAN_POINT('Ctrl Pts',(-0.1,1.69140519794527,5.62308672211905));
#9848=CARTESIAN_POINT('Ctrl Pts',(0.02,1.69140519794527,5.62308672211905));
#9849=CARTESIAN_POINT('Ctrl Pts',(-0.1,1.70441826273371,5.6430486964902));
#9850=CARTESIAN_POINT('Ctrl Pts',(0.02,1.70441826273371,5.6430486964902));
#9851=CARTESIAN_POINT('Ctrl Pts',(-0.1,1.71919337547729,5.66210729716286));
#9852=CARTESIAN_POINT('Ctrl Pts',(0.02,1.71919337547729,5.66210729716286));
#9853=CARTESIAN_POINT('Ctrl Pts',(-0.1,1.73600492891865,5.679911066701));
#9854=CARTESIAN_POINT('Ctrl Pts',(0.02,1.73600492891865,5.679911066701));
#9855=CARTESIAN_POINT('Ctrl Pts',(-0.1,1.75471748102203,5.69622726435657));
#9856=CARTESIAN_POINT('Ctrl Pts',(0.02,1.75471748102203,5.69622726435657));
#9857=CARTESIAN_POINT('Ctrl Pts',(-0.1,1.77541633957228,5.71086473712433));
#9858=CARTESIAN_POINT('Ctrl Pts',(0.02,1.77541633957228,5.71086473712433));
#9859=CARTESIAN_POINT('Ctrl Pts',(-0.1,1.79776931810593,5.724437357821));
#9860=CARTESIAN_POINT('Ctrl Pts',(0.02,1.79776931810593,5.724437357821));
#9861=CARTESIAN_POINT('Ctrl Pts',(-0.1,1.82244418265468,5.73584085372327));
#9862=CARTESIAN_POINT('Ctrl Pts',(0.02,1.82244418265468,5.73584085372327));
#9863=CARTESIAN_POINT('Ctrl Pts',(-0.1,1.84870548412331,5.74640318351126));
#9864=CARTESIAN_POINT('Ctrl Pts',(0.02,1.84870548412331,5.74640318351126));
#9865=CARTESIAN_POINT('Ctrl Pts',(-0.1,1.87698485033595,5.75520447969483));
#9866=CARTESIAN_POINT('Ctrl Pts',(0.02,1.87698485033595,5.75520447969483));
#9867=CARTESIAN_POINT('Ctrl Pts',(-0.1,1.89665833050996,5.75964427654338));
#9868=CARTESIAN_POINT('Ctrl Pts',(0.02,1.89665833050996,5.75964427654338));
#9869=CARTESIAN_POINT('Ctrl Pts',(-0.1,1.90670856322454,5.76191235474504));
#9870=CARTESIAN_POINT('Ctrl Pts',(0.02,1.90670856322454,5.76191235474504));
#9871=CARTESIAN_POINT('',(-0.1,1.6563079221989,5.48146363679632));
#9872=CARTESIAN_POINT('',(-0.1,1.6563079221989,5.48146363679632));
#9873=CARTESIAN_POINT('',(-0.1,1.90670856322454,5.76191235474504));
#9874=CARTESIAN_POINT('Ctrl Pts',(-0.1,1.6563079221989,5.48146363679632));
#9875=CARTESIAN_POINT('Ctrl Pts',(-0.1,1.65649018155694,5.49015419846559));
#9876=CARTESIAN_POINT('Ctrl Pts',(-0.1,1.65685020823397,5.50732113064835));
#9877=CARTESIAN_POINT('Ctrl Pts',(-0.1,1.6600015419886,5.53249003301591));
#9878=CARTESIAN_POINT('Ctrl Pts',(-0.1,1.66464544447343,5.55675250792496));
#9879=CARTESIAN_POINT('Ctrl Pts',(-0.1,1.67181145494092,5.5798146188833));
#9880=CARTESIAN_POINT('Ctrl Pts',(-0.1,1.68058539516942,5.60198657735445));
#9881=CARTESIAN_POINT('Ctrl Pts',(-0.1,1.69140519794527,5.62308672211905));
#9882=CARTESIAN_POINT('Ctrl Pts',(-0.1,1.70441826273371,5.6430486964902));
#9883=CARTESIAN_POINT('Ctrl Pts',(-0.1,1.71919337547729,5.66210729716286));
#9884=CARTESIAN_POINT('Ctrl Pts',(-0.1,1.73600492891865,5.679911066701));
#9885=CARTESIAN_POINT('Ctrl Pts',(-0.1,1.75471748102203,5.69622726435657));
#9886=CARTESIAN_POINT('Ctrl Pts',(-0.1,1.77541633957228,5.71086473712433));
#9887=CARTESIAN_POINT('Ctrl Pts',(-0.1,1.79776931810593,5.724437357821));
#9888=CARTESIAN_POINT('Ctrl Pts',(-0.1,1.82244418265468,5.73584085372327));
#9889=CARTESIAN_POINT('Ctrl Pts',(-0.1,1.84870548412331,5.74640318351126));
#9890=CARTESIAN_POINT('Ctrl Pts',(-0.1,1.87698485033595,5.75520447969483));
#9891=CARTESIAN_POINT('Ctrl Pts',(-0.1,1.89665833050996,5.75964427654338));
#9892=CARTESIAN_POINT('Ctrl Pts',(-0.1,1.90670856322454,5.76191235474504));
#9893=CARTESIAN_POINT('',(-0.1,1.90670856322454,5.76191235474504));
#9894=CARTESIAN_POINT('Ctrl Pts',(-0.1,2.06175664014762,5.17216876500145));
#9895=CARTESIAN_POINT('Ctrl Pts',(0.02,2.06175664014762,5.17216876500145));
#9896=CARTESIAN_POINT('Ctrl Pts',(-0.1,2.04150214570286,5.17253774478428));
#9897=CARTESIAN_POINT('Ctrl Pts',(0.02,2.04150214570286,5.17253774478428));
#9898=CARTESIAN_POINT('Ctrl Pts',(-0.1,2.002206592244,5.17325359897758));
#9899=CARTESIAN_POINT('Ctrl Pts',(0.02,2.002206592244,5.17325359897758));
#9900=CARTESIAN_POINT('Ctrl Pts',(-0.1,1.94526084445104,5.18031732036571));
#9901=CARTESIAN_POINT('Ctrl Pts',(0.02,1.94526084445104,5.18031732036571));
#9902=CARTESIAN_POINT('Ctrl Pts',(-0.1,1.89214578987523,5.19108693226709));
#9903=CARTESIAN_POINT('Ctrl Pts',(0.02,1.89214578987523,5.19108693226709));
#9904=CARTESIAN_POINT('Ctrl Pts',(-0.1,1.85070546417562,5.20408430224023));
#9905=CARTESIAN_POINT('Ctrl Pts',(0.02,1.85070546417562,5.20408430224023));
#9906=CARTESIAN_POINT('Ctrl Pts',(-0.1,1.8201382996921,5.21712197022263));
#9907=CARTESIAN_POINT('Ctrl Pts',(0.02,1.8201382996921,5.21712197022263));
#9908=CARTESIAN_POINT('Ctrl Pts',(-0.1,1.79873167357247,5.22766618100598));
#9909=CARTESIAN_POINT('Ctrl Pts',(0.02,1.79873167357247,5.22766618100598));
#9910=CARTESIAN_POINT('Ctrl Pts',(-0.1,1.77892302025699,5.23970197696388));
#9911=CARTESIAN_POINT('Ctrl Pts',(0.02,1.77892302025699,5.23970197696388));
#9912=CARTESIAN_POINT('Ctrl Pts',(-0.1,1.76059984399241,5.2529299839834));
#9913=CARTESIAN_POINT('Ctrl Pts',(0.02,1.76059984399241,5.2529299839834));
#9914=CARTESIAN_POINT('Ctrl Pts',(-0.1,1.74381559294371,5.26752059267896));
#9915=CARTESIAN_POINT('Ctrl Pts',(0.02,1.74381559294371,5.26752059267896));
#9916=CARTESIAN_POINT('Ctrl Pts',(-0.1,1.72848110798976,5.28327052633242));
#9917=CARTESIAN_POINT('Ctrl Pts',(0.02,1.72848110798976,5.28327052633242));
#9918=CARTESIAN_POINT('Ctrl Pts',(-0.1,1.71444883528329,5.30018330304943));
#9919=CARTESIAN_POINT('Ctrl Pts',(0.02,1.71444883528329,5.30018330304943));
#9920=CARTESIAN_POINT('Ctrl Pts',(-0.1,1.70237565101019,5.31845932353077));
#9921=CARTESIAN_POINT('Ctrl Pts',(0.02,1.70237565101019,5.31845932353077));
#9922=CARTESIAN_POINT('Ctrl Pts',(-0.1,1.69165571613794,5.33739512077226));
#9923=CARTESIAN_POINT('Ctrl Pts',(0.02,1.69165571613794,5.33739512077226));
#9924=CARTESIAN_POINT('Ctrl Pts',(-0.1,1.68212334533446,5.35675174026999));
#9925=CARTESIAN_POINT('Ctrl Pts',(0.02,1.68212334533446,5.35675174026999));
#9926=CARTESIAN_POINT('Ctrl Pts',(-0.1,1.67406128800317,5.37654136916391));
#9927=CARTESIAN_POINT('Ctrl Pts',(0.02,1.67406128800317,5.37654136916391));
#9928=CARTESIAN_POINT('Ctrl Pts',(-0.1,1.6677985181341,5.39684385024852));
#9929=CARTESIAN_POINT('Ctrl Pts',(0.02,1.6677985181341,5.39684385024852));
#9930=CARTESIAN_POINT('Ctrl Pts',(-0.1,1.66238661427749,5.41737408237928));
#9931=CARTESIAN_POINT('Ctrl Pts',(0.02,1.66238661427749,5.41737408237928));
#9932=CARTESIAN_POINT('Ctrl Pts',(-0.1,1.65885130467668,5.4383581849052));
#9933=CARTESIAN_POINT('Ctrl Pts',(0.02,1.65885130467668,5.4383581849052));
#9934=CARTESIAN_POINT('Ctrl Pts',(-0.1,1.65685608732149,5.45979017397595));
#9935=CARTESIAN_POINT('Ctrl Pts',(0.02,1.65685608732149,5.45979017397595));
#9936=CARTESIAN_POINT('Ctrl Pts',(-0.1,1.6564921089321,5.47418122470979));
#9937=CARTESIAN_POINT('Ctrl Pts',(0.02,1.6564921089321,5.47418122470979));
#9938=CARTESIAN_POINT('Ctrl Pts',(-0.1,1.6563079221989,5.48146363679632));
#9939=CARTESIAN_POINT('Ctrl Pts',(0.02,1.6563079221989,5.48146363679632));
#9940=CARTESIAN_POINT('',(-0.1,2.06175664014762,5.17216876500145));
#9941=CARTESIAN_POINT('',(-0.1,2.06175664014762,5.17216876500145));
#9942=CARTESIAN_POINT('Ctrl Pts',(-0.1,2.06175664014762,5.17216876500145));
#9943=CARTESIAN_POINT('Ctrl Pts',(-0.1,2.04150214570286,5.17253774478428));
#9944=CARTESIAN_POINT('Ctrl Pts',(-0.1,2.002206592244,5.17325359897758));
#9945=CARTESIAN_POINT('Ctrl Pts',(-0.1,1.94526084445104,5.18031732036571));
#9946=CARTESIAN_POINT('Ctrl Pts',(-0.1,1.89214578987523,5.19108693226709));
#9947=CARTESIAN_POINT('Ctrl Pts',(-0.1,1.85070546417562,5.20408430224023));
#9948=CARTESIAN_POINT('Ctrl Pts',(-0.1,1.8201382996921,5.21712197022263));
#9949=CARTESIAN_POINT('Ctrl Pts',(-0.1,1.79873167357247,5.22766618100598));
#9950=CARTESIAN_POINT('Ctrl Pts',(-0.1,1.77892302025699,5.23970197696388));
#9951=CARTESIAN_POINT('Ctrl Pts',(-0.1,1.76059984399241,5.2529299839834));
#9952=CARTESIAN_POINT('Ctrl Pts',(-0.1,1.74381559294371,5.26752059267896));
#9953=CARTESIAN_POINT('Ctrl Pts',(-0.1,1.72848110798976,5.28327052633242));
#9954=CARTESIAN_POINT('Ctrl Pts',(-0.1,1.71444883528329,5.30018330304943));
#9955=CARTESIAN_POINT('Ctrl Pts',(-0.1,1.70237565101019,5.31845932353077));
#9956=CARTESIAN_POINT('Ctrl Pts',(-0.1,1.69165571613794,5.33739512077226));
#9957=CARTESIAN_POINT('Ctrl Pts',(-0.1,1.68212334533446,5.35675174026999));
#9958=CARTESIAN_POINT('Ctrl Pts',(-0.1,1.67406128800317,5.37654136916391));
#9959=CARTESIAN_POINT('Ctrl Pts',(-0.1,1.6677985181341,5.39684385024852));
#9960=CARTESIAN_POINT('Ctrl Pts',(-0.1,1.66238661427749,5.41737408237928));
#9961=CARTESIAN_POINT('Ctrl Pts',(-0.1,1.65885130467668,5.4383581849052));
#9962=CARTESIAN_POINT('Ctrl Pts',(-0.1,1.65685608732149,5.45979017397595));
#9963=CARTESIAN_POINT('Ctrl Pts',(-0.1,1.6564921089321,5.47418122470979));
#9964=CARTESIAN_POINT('Ctrl Pts',(-0.1,1.6563079221989,5.48146363679632));
#9965=CARTESIAN_POINT('Ctrl Pts',(-0.1,2.45117971707069,5.48506940602709));
#9966=CARTESIAN_POINT('Ctrl Pts',(0.0199999999999999,2.45117971707069,5.48506940602709));
#9967=CARTESIAN_POINT('Ctrl Pts',(-0.1,2.451051722767,5.47624769233061));
#9968=CARTESIAN_POINT('Ctrl Pts',(0.0199999999999999,2.451051722767,5.47624769233061));
#9969=CARTESIAN_POINT('Ctrl Pts',(-0.1,2.45079999574375,5.45889798484605));
#9970=CARTESIAN_POINT('Ctrl Pts',(0.0199999999999999,2.45079999574375,5.45889798484605));
#9971=CARTESIAN_POINT('Ctrl Pts',(-0.1,2.44804487139995,5.4334091774094));
#9972=CARTESIAN_POINT('Ctrl Pts',(0.0199999999999999,2.44804487139995,5.4334091774094));
#9973=CARTESIAN_POINT('Ctrl Pts',(-0.1,2.44398684208851,5.40893105687357));
#9974=CARTESIAN_POINT('Ctrl Pts',(0.0199999999999999,2.44398684208851,5.40893105687357));
#9975=CARTESIAN_POINT('Ctrl Pts',(-0.1,2.43790147828784,5.38564605783371));
#9976=CARTESIAN_POINT('Ctrl Pts',(0.0199999999999999,2.43790147828784,5.38564605783371));
#9977=CARTESIAN_POINT('Ctrl Pts',(-0.1,2.43031461209268,5.36342676311223));
#9978=CARTESIAN_POINT('Ctrl Pts',(0.0199999999999999,2.43031461209268,5.36342676311223));
#9979=CARTESIAN_POINT('Ctrl Pts',(-0.1,2.42086762127943,5.34240502590531));
#9980=CARTESIAN_POINT('Ctrl Pts',(0.0199999999999999,2.42086762127943,5.34240502590531));
#9981=CARTESIAN_POINT('Ctrl Pts',(-0.1,2.40979463991625,5.32240202594512));
#9982=CARTESIAN_POINT('Ctrl Pts',(0.0199999999999999,2.40979463991625,5.32240202594512));
#9983=CARTESIAN_POINT('Ctrl Pts',(-0.1,2.39702917340292,5.30364100690201));
#9984=CARTESIAN_POINT('Ctrl Pts',(0.0199999999999999,2.39702917340292,5.30364100690201));
#9985=CARTESIAN_POINT('Ctrl Pts',(-0.1,2.38267833230457,5.28627963817709));
#9986=CARTESIAN_POINT('Ctrl Pts',(0.0199999999999999,2.38267833230457,5.28627963817709));
#9987=CARTESIAN_POINT('Ctrl Pts',(-0.1,2.36750724788243,5.26984678247368));
#9988=CARTESIAN_POINT('Ctrl Pts',(0.0199999999999999,2.36750724788243,5.26984678247368));
#9989=CARTESIAN_POINT('Ctrl Pts',(-0.1,2.35080837540587,5.25513139918117));
#9990=CARTESIAN_POINT('Ctrl Pts',(0.0199999999999999,2.35080837540587,5.25513139918117));
#9991=CARTESIAN_POINT('Ctrl Pts',(-0.1,2.33313234284081,5.24157234666712));
#9992=CARTESIAN_POINT('Ctrl Pts',(0.0199999999999999,2.33313234284081,5.24157234666712));
#9993=CARTESIAN_POINT('Ctrl Pts',(-0.1,2.3141668018912,5.22956446407258));
#9994=CARTESIAN_POINT('Ctrl Pts',(0.0199999999999999,2.3141668018912,5.22956446407258));
#9995=CARTESIAN_POINT('Ctrl Pts',(-0.1,2.29417008618412,5.21875535821689));
#9996=CARTESIAN_POINT('Ctrl Pts',(0.0199999999999999,2.29417008618412,5.21875535821689));
#9997=CARTESIAN_POINT('Ctrl Pts',(-0.1,2.27297830693986,5.2092139289082));
#9998=CARTESIAN_POINT('Ctrl Pts',(0.0199999999999999,2.27297830693986,5.2092139289082));
#9999=CARTESIAN_POINT('Ctrl Pts',(-0.1,2.2431524827642,5.19881312305729));
#10000=CARTESIAN_POINT('Ctrl Pts',(0.0199999999999999,2.2431524827642,5.19881312305729));
#10001=CARTESIAN_POINT('Ctrl Pts',(-0.1,2.20473751101102,5.18820810746866));
#10002=CARTESIAN_POINT('Ctrl Pts',(0.0199999999999999,2.20473751101102,
5.18820810746866));
#10003=CARTESIAN_POINT('Ctrl Pts',(-0.1,2.15773003657267,5.17900824336747));
#10004=CARTESIAN_POINT('Ctrl Pts',(0.0199999999999999,2.15773003657267,
5.17900824336747));
#10005=CARTESIAN_POINT('Ctrl Pts',(-0.1,2.10998196258694,5.17314814683532));
#10006=CARTESIAN_POINT('Ctrl Pts',(0.0199999999999999,2.10998196258694,
5.17314814683532));
#10007=CARTESIAN_POINT('Ctrl Pts',(-0.1,2.07786573780335,5.17249591590073));
#10008=CARTESIAN_POINT('Ctrl Pts',(0.0199999999999999,2.07786573780335,
5.17249591590073));
#10009=CARTESIAN_POINT('Ctrl Pts',(-0.1,2.06175664014762,5.17216876500145));
#10010=CARTESIAN_POINT('Ctrl Pts',(0.0199999999999999,2.06175664014762,
5.17216876500145));
#10011=CARTESIAN_POINT('',(-0.1,2.45117971707069,5.48506940602709));
#10012=CARTESIAN_POINT('',(-0.1,2.45117971707069,5.48506940602709));
#10013=CARTESIAN_POINT('Ctrl Pts',(-0.1,2.45117971707069,5.48506940602709));
#10014=CARTESIAN_POINT('Ctrl Pts',(-0.1,2.451051722767,5.47624769233061));
#10015=CARTESIAN_POINT('Ctrl Pts',(-0.1,2.45079999574375,5.45889798484605));
#10016=CARTESIAN_POINT('Ctrl Pts',(-0.1,2.44804487139995,5.4334091774094));
#10017=CARTESIAN_POINT('Ctrl Pts',(-0.1,2.44398684208851,5.40893105687357));
#10018=CARTESIAN_POINT('Ctrl Pts',(-0.1,2.43790147828784,5.38564605783371));
#10019=CARTESIAN_POINT('Ctrl Pts',(-0.1,2.43031461209268,5.36342676311223));
#10020=CARTESIAN_POINT('Ctrl Pts',(-0.1,2.42086762127943,5.34240502590531));
#10021=CARTESIAN_POINT('Ctrl Pts',(-0.1,2.40979463991625,5.32240202594512));
#10022=CARTESIAN_POINT('Ctrl Pts',(-0.1,2.39702917340292,5.30364100690201));
#10023=CARTESIAN_POINT('Ctrl Pts',(-0.1,2.38267833230457,5.28627963817709));
#10024=CARTESIAN_POINT('Ctrl Pts',(-0.1,2.36750724788243,5.26984678247368));
#10025=CARTESIAN_POINT('Ctrl Pts',(-0.1,2.35080837540587,5.25513139918117));
#10026=CARTESIAN_POINT('Ctrl Pts',(-0.1,2.33313234284081,5.24157234666712));
#10027=CARTESIAN_POINT('Ctrl Pts',(-0.1,2.3141668018912,5.22956446407258));
#10028=CARTESIAN_POINT('Ctrl Pts',(-0.1,2.29417008618412,5.21875535821689));
#10029=CARTESIAN_POINT('Ctrl Pts',(-0.1,2.27297830693986,5.2092139289082));
#10030=CARTESIAN_POINT('Ctrl Pts',(-0.1,2.2431524827642,5.19881312305729));
#10031=CARTESIAN_POINT('Ctrl Pts',(-0.1,2.20473751101102,5.18820810746866));
#10032=CARTESIAN_POINT('Ctrl Pts',(-0.1,2.15773003657267,5.17900824336747));
#10033=CARTESIAN_POINT('Ctrl Pts',(-0.1,2.10998196258694,5.17314814683532));
#10034=CARTESIAN_POINT('Ctrl Pts',(-0.1,2.07786573780335,5.17249591590073));
#10035=CARTESIAN_POINT('Ctrl Pts',(-0.1,2.06175664014762,5.17216876500145));
#10036=CARTESIAN_POINT('Ctrl Pts',(-0.1,2.24565087091685,5.73627132910401));
#10037=CARTESIAN_POINT('Ctrl Pts',(0.02,2.24565087091685,5.73627132910401));
#10038=CARTESIAN_POINT('Ctrl Pts',(-0.1,2.25430032983942,5.73350180564623));
#10039=CARTESIAN_POINT('Ctrl Pts',(0.02,2.25430032983942,5.73350180564623));
#10040=CARTESIAN_POINT('Ctrl Pts',(-0.1,2.27122999723942,5.72808099130206));
#10041=CARTESIAN_POINT('Ctrl Pts',(0.02,2.27122999723942,5.72808099130206));
#10042=CARTESIAN_POINT('Ctrl Pts',(-0.1,2.29535778200294,5.71845580517162));
#10043=CARTESIAN_POINT('Ctrl Pts',(0.02,2.29535778200294,5.71845580517162));
#10044=CARTESIAN_POINT('Ctrl Pts',(-0.1,2.31775624924299,5.70806092507095));
#10045=CARTESIAN_POINT('Ctrl Pts',(0.02,2.31775624924299,5.70806092507095));
#10046=CARTESIAN_POINT('Ctrl Pts',(-0.1,2.33827314425034,5.69664873641305));
#10047=CARTESIAN_POINT('Ctrl Pts',(0.02,2.33827314425034,5.69664873641305));
#10048=CARTESIAN_POINT('Ctrl Pts',(-0.1,2.35691338142875,5.68419450659712));
#10049=CARTESIAN_POINT('Ctrl Pts',(0.02,2.35691338142875,5.68419450659712));
#10050=CARTESIAN_POINT('Ctrl Pts',(-0.1,2.37390350515199,5.67098502345051));
#10051=CARTESIAN_POINT('Ctrl Pts',(0.02,2.37390350515199,5.67098502345051));
#10052=CARTESIAN_POINT('Ctrl Pts',(-0.1,2.3889263921599,5.65670380099412));
#10053=CARTESIAN_POINT('Ctrl Pts',(0.02,2.3889263921599,5.65670380099412));
#10054=CARTESIAN_POINT('Ctrl Pts',(-0.1,2.40232843287069,5.64164133122714));
#10055=CARTESIAN_POINT('Ctrl Pts',(0.02,2.40232843287069,5.64164133122714));
#10056=CARTESIAN_POINT('Ctrl Pts',(-0.1,2.4137456890303,5.6254086569587));
#10057=CARTESIAN_POINT('Ctrl Pts',(0.02,2.4137456890303,5.6254086569587));
#10058=CARTESIAN_POINT('Ctrl Pts',(-0.1,2.42386325689595,5.60838634256617));
#10059=CARTESIAN_POINT('Ctrl Pts',(0.02,2.42386325689595,5.60838634256617));
#10060=CARTESIAN_POINT('Ctrl Pts',(-0.1,2.43223400146031,5.59021547275419));
#10061=CARTESIAN_POINT('Ctrl Pts',(0.02,2.43223400146031,5.59021547275419));
#10062=CARTESIAN_POINT('Ctrl Pts',(-0.1,2.43931392212201,5.57115744886904));
#10063=CARTESIAN_POINT('Ctrl Pts',(0.02,2.43931392212201,5.57115744886904));
#10064=CARTESIAN_POINT('Ctrl Pts',(-0.1,2.44470250462531,5.55103413758436));
#10065=CARTESIAN_POINT('Ctrl Pts',(0.02,2.44470250462531,5.55103413758436));
#10066=CARTESIAN_POINT('Ctrl Pts',(-0.1,2.44849358498369,5.52992748370585));
#10067=CARTESIAN_POINT('Ctrl Pts',(0.02,2.44849358498369,5.52992748370585));
#10068=CARTESIAN_POINT('Ctrl Pts',(-0.1,2.45068767656019,5.50781894242892));
#10069=CARTESIAN_POINT('Ctrl Pts',(0.02,2.45068767656019,5.50781894242892));
#10070=CARTESIAN_POINT('Ctrl Pts',(-0.1,2.45101352711459,5.49275321330567));
#10071=CARTESIAN_POINT('Ctrl Pts',(0.02,2.45101352711459,5.49275321330567));
#10072=CARTESIAN_POINT('Ctrl Pts',(-0.1,2.45117971707069,5.48506940602709));
#10073=CARTESIAN_POINT('Ctrl Pts',(0.02,2.45117971707069,5.48506940602709));
#10074=CARTESIAN_POINT('',(-0.1,2.24565087091685,5.73627132910401));
#10075=CARTESIAN_POINT('',(-0.1,2.24565087091685,5.73627132910401));
#10076=CARTESIAN_POINT('Ctrl Pts',(-0.1,2.24565087091685,5.73627132910401));
#10077=CARTESIAN_POINT('Ctrl Pts',(-0.1,2.25430032983942,5.73350180564623));
#10078=CARTESIAN_POINT('Ctrl Pts',(-0.1,2.27122999723942,5.72808099130206));
#10079=CARTESIAN_POINT('Ctrl Pts',(-0.1,2.29535778200294,5.71845580517162));
#10080=CARTESIAN_POINT('Ctrl Pts',(-0.1,2.31775624924299,5.70806092507095));
#10081=CARTESIAN_POINT('Ctrl Pts',(-0.1,2.33827314425034,5.69664873641305));
#10082=CARTESIAN_POINT('Ctrl Pts',(-0.1,2.35691338142875,5.68419450659712));
#10083=CARTESIAN_POINT('Ctrl Pts',(-0.1,2.37390350515199,5.67098502345051));
#10084=CARTESIAN_POINT('Ctrl Pts',(-0.1,2.3889263921599,5.65670380099412));
#10085=CARTESIAN_POINT('Ctrl Pts',(-0.1,2.40232843287069,5.64164133122714));
#10086=CARTESIAN_POINT('Ctrl Pts',(-0.1,2.4137456890303,5.6254086569587));
#10087=CARTESIAN_POINT('Ctrl Pts',(-0.1,2.42386325689595,5.60838634256617));
#10088=CARTESIAN_POINT('Ctrl Pts',(-0.1,2.43223400146031,5.59021547275419));
#10089=CARTESIAN_POINT('Ctrl Pts',(-0.1,2.43931392212201,5.57115744886904));
#10090=CARTESIAN_POINT('Ctrl Pts',(-0.1,2.44470250462531,5.55103413758436));
#10091=CARTESIAN_POINT('Ctrl Pts',(-0.1,2.44849358498369,5.52992748370585));
#10092=CARTESIAN_POINT('Ctrl Pts',(-0.1,2.45068767656019,5.50781894242892));
#10093=CARTESIAN_POINT('Ctrl Pts',(-0.1,2.45101352711459,5.49275321330567));
#10094=CARTESIAN_POINT('Ctrl Pts',(-0.1,2.45117971707069,5.48506940602709));
#10095=CARTESIAN_POINT('Origin',(-0.1,2.27589926835274,5.87729697012965));
#10096=CARTESIAN_POINT('',(-0.1,2.27589926835274,5.87729697012965));
#10097=CARTESIAN_POINT('',(-0.1,2.27589926835274,5.87729697012965));
#10098=CARTESIAN_POINT('',(-0.1,2.27589926835274,5.87729697012965));
#10099=CARTESIAN_POINT('Ctrl Pts',(-0.1,2.56656433245531,5.49188030346299));
#10100=CARTESIAN_POINT('Ctrl Pts',(0.02,2.56656433245531,5.49188030346299));
#10101=CARTESIAN_POINT('Ctrl Pts',(-0.1,2.5663388720023,5.5038413841468));
#10102=CARTESIAN_POINT('Ctrl Pts',(0.02,2.5663388720023,5.5038413841468));
#10103=CARTESIAN_POINT('Ctrl Pts',(-0.1,2.56589570715803,5.52735207255321));
#10104=CARTESIAN_POINT('Ctrl Pts',(0.02,2.56589570715803,5.52735207255321));
#10105=CARTESIAN_POINT('Ctrl Pts',(-0.1,2.56225058889568,5.56184981899652));
#10106=CARTESIAN_POINT('Ctrl Pts',(0.02,2.56225058889568,5.56184981899652));
#10107=CARTESIAN_POINT('Ctrl Pts',(-0.1,2.55614541510071,5.59488965292415));
#10108=CARTESIAN_POINT('Ctrl Pts',(0.02,2.55614541510071,5.59488965292415));
#10109=CARTESIAN_POINT('Ctrl Pts',(-0.1,2.54813600443875,5.62661474188195));
#10110=CARTESIAN_POINT('Ctrl Pts',(0.02,2.54813600443875,5.62661474188195));
#10111=CARTESIAN_POINT('Ctrl Pts',(-0.1,2.53716945397432,5.65669524605022));
#10112=CARTESIAN_POINT('Ctrl Pts',(0.02,2.53716945397432,5.65669524605022));
#10113=CARTESIAN_POINT('Ctrl Pts',(-0.1,2.52413148587877,5.68545774123012));
#10114=CARTESIAN_POINT('Ctrl Pts',(0.02,2.52413148587877,5.68545774123012));
#10115=CARTESIAN_POINT('Ctrl Pts',(-0.1,2.50846794654278,5.71261609755229));
#10116=CARTESIAN_POINT('Ctrl Pts',(0.02,2.50846794654278,5.71261609755229));
#10117=CARTESIAN_POINT('Ctrl Pts',(-0.1,2.4906092983551,5.73838163020114));
#10118=CARTESIAN_POINT('Ctrl Pts',(0.02,2.4906092983551,5.73838163020114));
#10119=CARTESIAN_POINT('Ctrl Pts',(-0.1,2.47052260579382,5.76233491586532));
#10120=CARTESIAN_POINT('Ctrl Pts',(0.02,2.47052260579382,5.76233491586532));
#10121=CARTESIAN_POINT('Ctrl Pts',(-0.1,2.44868773444881,5.78481115532466));
#10122=CARTESIAN_POINT('Ctrl Pts',(0.02,2.44868773444881,5.78481115532466));
#10123=CARTESIAN_POINT('Ctrl Pts',(-0.1,2.42455897181704,5.80489388560684));
#10124=CARTESIAN_POINT('Ctrl Pts',(0.02,2.42455897181704,5.80489388560684));
#10125=CARTESIAN_POINT('Ctrl Pts',(-0.1,2.39872027694875,5.82337850491753));
#10126=CARTESIAN_POINT('Ctrl Pts',(0.02,2.39872027694875,5.82337850491753));
#10127=CARTESIAN_POINT('Ctrl Pts',(-0.1,2.37081335532284,5.83968342549318));
#10128=CARTESIAN_POINT('Ctrl Pts',(0.02,2.37081335532284,5.83968342549318));
#10129=CARTESIAN_POINT('Ctrl Pts',(-0.1,2.34108152533074,5.8544084888698));
#10130=CARTESIAN_POINT('Ctrl Pts',(0.02,2.34108152533074,5.8544084888698));
#10131=CARTESIAN_POINT('Ctrl Pts',(-0.1,2.30930376481051,5.86707161480553));
#10132=CARTESIAN_POINT('Ctrl Pts',(0.02,2.30930376481051,5.86707161480553));
#10133=CARTESIAN_POINT('Ctrl Pts',(-0.1,2.28716967563742,5.87384701783718));
#10134=CARTESIAN_POINT('Ctrl Pts',(0.02,2.28716967563742,5.87384701783718));
#10135=CARTESIAN_POINT('Ctrl Pts',(-0.1,2.27589926835274,5.87729697012965));
#10136=CARTESIAN_POINT('Ctrl Pts',(0.02,2.27589926835274,5.87729697012965));
#10137=CARTESIAN_POINT('',(-0.1,2.56656433245531,5.49188030346299));
#10138=CARTESIAN_POINT('',(-0.1,2.56656433245531,5.49188030346299));
#10139=CARTESIAN_POINT('Ctrl Pts',(-0.1,2.56656433245531,5.49188030346299));
#10140=CARTESIAN_POINT('Ctrl Pts',(-0.1,2.5663388720023,5.5038413841468));
#10141=CARTESIAN_POINT('Ctrl Pts',(-0.1,2.56589570715803,5.52735207255321));
#10142=CARTESIAN_POINT('Ctrl Pts',(-0.1,2.56225058889568,5.56184981899652));
#10143=CARTESIAN_POINT('Ctrl Pts',(-0.1,2.55614541510071,5.59488965292415));
#10144=CARTESIAN_POINT('Ctrl Pts',(-0.1,2.54813600443875,5.62661474188195));
#10145=CARTESIAN_POINT('Ctrl Pts',(-0.1,2.53716945397432,5.65669524605022));
#10146=CARTESIAN_POINT('Ctrl Pts',(-0.1,2.52413148587877,5.68545774123012));
#10147=CARTESIAN_POINT('Ctrl Pts',(-0.1,2.50846794654278,5.71261609755229));
#10148=CARTESIAN_POINT('Ctrl Pts',(-0.1,2.4906092983551,5.73838163020114));
#10149=CARTESIAN_POINT('Ctrl Pts',(-0.1,2.47052260579382,5.76233491586532));
#10150=CARTESIAN_POINT('Ctrl Pts',(-0.1,2.44868773444881,5.78481115532466));
#10151=CARTESIAN_POINT('Ctrl Pts',(-0.1,2.42455897181704,5.80489388560684));
#10152=CARTESIAN_POINT('Ctrl Pts',(-0.1,2.39872027694875,5.82337850491753));
#10153=CARTESIAN_POINT('Ctrl Pts',(-0.1,2.37081335532284,5.83968342549318));
#10154=CARTESIAN_POINT('Ctrl Pts',(-0.1,2.34108152533074,5.8544084888698));
#10155=CARTESIAN_POINT('Ctrl Pts',(-0.1,2.30930376481051,5.86707161480553));
#10156=CARTESIAN_POINT('Ctrl Pts',(-0.1,2.28716967563742,5.87384701783718));
#10157=CARTESIAN_POINT('Ctrl Pts',(-0.1,2.27589926835274,5.87729697012965));
#10158=CARTESIAN_POINT('Ctrl Pts',(-0.1,2.06115567860915,5.03114312397581));
#10159=CARTESIAN_POINT('Ctrl Pts',(0.02,2.06115567860915,5.03114312397581));
#10160=CARTESIAN_POINT('Ctrl Pts',(-0.1,2.07384614802367,5.03136937041913));
#10161=CARTESIAN_POINT('Ctrl Pts',(0.02,2.07384614802367,5.03136937041913));
#10162=CARTESIAN_POINT('Ctrl Pts',(-0.1,2.09891931034079,5.03181637624782));
#10163=CARTESIAN_POINT('Ctrl Pts',(0.02,2.09891931034079,5.03181637624782));
#10164=CARTESIAN_POINT('Ctrl Pts',(-0.1,2.13591548914405,5.03433971690088));
#10165=CARTESIAN_POINT('Ctrl Pts',(0.02,2.13591548914405,5.03433971690088));
#10166=CARTESIAN_POINT('Ctrl Pts',(-0.1,2.17162132760089,5.03897417904324));
#10167=CARTESIAN_POINT('Ctrl Pts',(0.02,2.17162132760089,5.03897417904324));
#10168=CARTESIAN_POINT('Ctrl Pts',(-0.1,2.20606031224666,5.04541009894906));
#10169=CARTESIAN_POINT('Ctrl Pts',(0.02,2.20606031224666,5.04541009894906));
#10170=CARTESIAN_POINT('Ctrl Pts',(-0.1,2.23926033371086,5.05355411235988));
#10171=CARTESIAN_POINT('Ctrl Pts',(0.02,2.23926033371086,5.05355411235988));
#10172=CARTESIAN_POINT('Ctrl Pts',(-0.1,2.27123756690113,5.06360698400998));
#10173=CARTESIAN_POINT('Ctrl Pts',(0.02,2.27123756690113,5.06360698400998));
#10174=CARTESIAN_POINT('Ctrl Pts',(-0.1,2.30195109728985,5.07544154549678));
#10175=CARTESIAN_POINT('Ctrl Pts',(0.02,2.30195109728985,5.07544154549678));
#10176=CARTESIAN_POINT('Ctrl Pts',(-0.1,2.33143479269875,5.08902171725325));
#10177=CARTESIAN_POINT('Ctrl Pts',(0.02,2.33143479269875,5.08902171725325));
#10178=CARTESIAN_POINT('Ctrl Pts',(-0.1,2.35935953733773,5.10443772352832));
#10179=CARTESIAN_POINT('Ctrl Pts',(0.02,2.35935953733773,5.10443772352832));
#10180=CARTESIAN_POINT('Ctrl Pts',(-0.1,2.38576502849328,5.12122945960941));
#10181=CARTESIAN_POINT('Ctrl Pts',(0.02,2.38576502849328,5.12122945960941));
#10182=CARTESIAN_POINT('Ctrl Pts',(-0.1,2.41021769974665,5.13979747288427));
#10183=CARTESIAN_POINT('Ctrl Pts',(0.02,2.41021769974665,5.13979747288427));
#10184=CARTESIAN_POINT('Ctrl Pts',(-0.1,2.43318472611626,5.15959124937876));
#10185=CARTESIAN_POINT('Ctrl Pts',(0.02,2.43318472611626,5.15959124937876));
#10186=CARTESIAN_POINT('Ctrl Pts',(-0.1,2.45428368083549,5.18110515192589));
#10187=CARTESIAN_POINT('Ctrl Pts',(0.02,2.45428368083549,5.18110515192589));
#10188=CARTESIAN_POINT('Ctrl Pts',(-0.1,2.47356235797749,5.20427348652351));
#10189=CARTESIAN_POINT('Ctrl Pts',(0.02,2.47356235797749,5.20427348652351));
#10190=CARTESIAN_POINT('Ctrl Pts',(-0.1,2.49119660351047,5.22889636664341));
#10191=CARTESIAN_POINT('Ctrl Pts',(0.02,2.49119660351047,5.22889636664341));
#10192=CARTESIAN_POINT('Ctrl Pts',(-0.1,2.50702270820686,5.25497019827399));
#10193=CARTESIAN_POINT('Ctrl Pts',(0.02,2.50702270820686,5.25497019827399));
#10194=CARTESIAN_POINT('Ctrl Pts',(-0.1,2.52090928703898,5.28215416607346));
#10195=CARTESIAN_POINT('Ctrl Pts',(0.02,2.52090928703898,5.28215416607346));
#10196=CARTESIAN_POINT('Ctrl Pts',(-0.1,2.53327818380789,5.31004450063238));
#10197=CARTESIAN_POINT('Ctrl Pts',(0.02,2.53327818380789,5.31004450063238));
#10198=CARTESIAN_POINT('Ctrl Pts',(-0.1,2.54341617604838,5.33875213366855));
#10199=CARTESIAN_POINT('Ctrl Pts',(0.02,2.54341617604838,5.33875213366855));
#10200=CARTESIAN_POINT('Ctrl Pts',(-0.1,2.55184550905638,5.36804946295852));
#10201=CARTESIAN_POINT('Ctrl Pts',(0.02,2.55184550905638,5.36804946295852));
#10202=CARTESIAN_POINT('Ctrl Pts',(-0.1,2.55855604117855,5.39799956299371));
#10203=CARTESIAN_POINT('Ctrl Pts',(0.02,2.55855604117855,5.39799956299371));
#10204=CARTESIAN_POINT('Ctrl Pts',(-0.1,2.56304339493744,5.42867241543282));
#10205=CARTESIAN_POINT('Ctrl Pts',(0.02,2.56304339493744,5.42867241543282));
#10206=CARTESIAN_POINT('Ctrl Pts',(-0.1,2.56596770232027,5.46003967806293));
#10207=CARTESIAN_POINT('Ctrl Pts',(0.02,2.56596770232027,5.46003967806293));
#10208=CARTESIAN_POINT('Ctrl Pts',(-0.1,2.56636401618885,5.48118993630345));
#10209=CARTESIAN_POINT('Ctrl Pts',(0.02,2.56636401618885,5.48118993630345));
#10210=CARTESIAN_POINT('Ctrl Pts',(-0.1,2.56656433245531,5.49188030346299));
#10211=CARTESIAN_POINT('Ctrl Pts',(0.02,2.56656433245531,5.49188030346299));
#10212=CARTESIAN_POINT('',(-0.1,2.06115567860915,5.03114312397581));
#10213=CARTESIAN_POINT('',(-0.1,2.06115567860915,5.03114312397581));
#10214=CARTESIAN_POINT('Ctrl Pts',(-0.1,2.06115567860915,5.03114312397581));
#10215=CARTESIAN_POINT('Ctrl Pts',(-0.1,2.07384614802367,5.03136937041913));
#10216=CARTESIAN_POINT('Ctrl Pts',(-0.1,2.09891931034079,5.03181637624782));
#10217=CARTESIAN_POINT('Ctrl Pts',(-0.1,2.13591548914405,5.03433971690088));
#10218=CARTESIAN_POINT('Ctrl Pts',(-0.1,2.17162132760089,5.03897417904324));
#10219=CARTESIAN_POINT('Ctrl Pts',(-0.1,2.20606031224666,5.04541009894906));
#10220=CARTESIAN_POINT('Ctrl Pts',(-0.1,2.23926033371086,5.05355411235988));
#10221=CARTESIAN_POINT('Ctrl Pts',(-0.1,2.27123756690113,5.06360698400998));
#10222=CARTESIAN_POINT('Ctrl Pts',(-0.1,2.30195109728985,5.07544154549678));
#10223=CARTESIAN_POINT('Ctrl Pts',(-0.1,2.33143479269875,5.08902171725325));
#10224=CARTESIAN_POINT('Ctrl Pts',(-0.1,2.35935953733773,5.10443772352832));
#10225=CARTESIAN_POINT('Ctrl Pts',(-0.1,2.38576502849328,5.12122945960941));
#10226=CARTESIAN_POINT('Ctrl Pts',(-0.1,2.41021769974665,5.13979747288427));
#10227=CARTESIAN_POINT('Ctrl Pts',(-0.1,2.43318472611626,5.15959124937876));
#10228=CARTESIAN_POINT('Ctrl Pts',(-0.1,2.45428368083549,5.18110515192589));
#10229=CARTESIAN_POINT('Ctrl Pts',(-0.1,2.47356235797749,5.20427348652351));
#10230=CARTESIAN_POINT('Ctrl Pts',(-0.1,2.49119660351047,5.22889636664341));
#10231=CARTESIAN_POINT('Ctrl Pts',(-0.1,2.50702270820686,5.25497019827399));
#10232=CARTESIAN_POINT('Ctrl Pts',(-0.1,2.52090928703898,5.28215416607346));
#10233=CARTESIAN_POINT('Ctrl Pts',(-0.1,2.53327818380789,5.31004450063238));
#10234=CARTESIAN_POINT('Ctrl Pts',(-0.1,2.54341617604838,5.33875213366855));
#10235=CARTESIAN_POINT('Ctrl Pts',(-0.1,2.55184550905638,5.36804946295852));
#10236=CARTESIAN_POINT('Ctrl Pts',(-0.1,2.55855604117855,5.39799956299371));
#10237=CARTESIAN_POINT('Ctrl Pts',(-0.1,2.56304339493744,5.42867241543282));
#10238=CARTESIAN_POINT('Ctrl Pts',(-0.1,2.56596770232027,5.46003967806293));
#10239=CARTESIAN_POINT('Ctrl Pts',(-0.1,2.56636401618885,5.48118993630345));
#10240=CARTESIAN_POINT('Ctrl Pts',(-0.1,2.56656433245531,5.49188030346299));
#10241=CARTESIAN_POINT('Ctrl Pts',(-0.1,1.54092330681428,5.49468479064247));
#10242=CARTESIAN_POINT('Ctrl Pts',(0.02,1.54092330681428,5.49468479064247));
#10243=CARTESIAN_POINT('Ctrl Pts',(-0.1,1.54111158570939,5.48172524730678));
#10244=CARTESIAN_POINT('Ctrl Pts',(0.02,1.54111158570939,5.48172524730678));
#10245=CARTESIAN_POINT('Ctrl Pts',(-0.1,1.541479938322,5.45637093638782));
#10246=CARTESIAN_POINT('Ctrl Pts',(0.02,1.541479938322,5.45637093638782));
#10247=CARTESIAN_POINT('Ctrl Pts',(-0.1,1.54447602060598,5.4192283326353));
#10248=CARTESIAN_POINT('Ctrl Pts',(0.02,1.54447602060598,5.4192283326353));
#10249=CARTESIAN_POINT('Ctrl Pts',(-0.1,1.54967225906942,5.38390206924162));
#10250=CARTESIAN_POINT('Ctrl Pts',(0.02,1.54967225906942,5.38390206924162));
#10251=CARTESIAN_POINT('Ctrl Pts',(-0.1,1.55689168874417,5.35045811719941));
#10252=CARTESIAN_POINT('Ctrl Pts',(0.02,1.55689168874417,5.35045811719941));
#10253=CARTESIAN_POINT('Ctrl Pts',(-0.1,1.56581806473142,5.31878390814594));
#10254=CARTESIAN_POINT('Ctrl Pts',(0.02,1.56581806473142,5.31878390814594));
#10255=CARTESIAN_POINT('Ctrl Pts',(-0.1,1.57704823670178,5.28901078639269));
#10256=CARTESIAN_POINT('Ctrl Pts',(0.02,1.57704823670178,5.28901078639269));
#10257=CARTESIAN_POINT('Ctrl Pts',(-0.1,1.59050117481403,5.26119090058759));
#10258=CARTESIAN_POINT('Ctrl Pts',(0.02,1.59050117481403,5.26119090058759));
#10259=CARTESIAN_POINT('Ctrl Pts',(-0.1,1.60580064224321,5.23509219591649));
#10260=CARTESIAN_POINT('Ctrl Pts',(0.02,1.60580064224321,5.23509219591649));
#10261=CARTESIAN_POINT('Ctrl Pts',(-0.1,1.62318152619314,5.21082552247807));
#10262=CARTESIAN_POINT('Ctrl Pts',(0.02,1.62318152619314,5.21082552247807));
#10263=CARTESIAN_POINT('Ctrl Pts',(-0.1,1.6421747638452,5.18783904764309));
#10264=CARTESIAN_POINT('Ctrl Pts',(0.02,1.6421747638452,5.18783904764309));
#10265=CARTESIAN_POINT('Ctrl Pts',(-0.1,1.66330321804877,5.16669080659173));
#10266=CARTESIAN_POINT('Ctrl Pts',(0.02,1.66330321804877,5.16669080659173));
#10267=CARTESIAN_POINT('Ctrl Pts',(-0.1,1.68606802640613,5.1468520133093));
#10268=CARTESIAN_POINT('Ctrl Pts',(0.02,1.68606802640613,5.1468520133093));
#10269=CARTESIAN_POINT('Ctrl Pts',(-0.1,1.7107694883665,5.12875476392956));
#10270=CARTESIAN_POINT('Ctrl Pts',(0.02,1.7107694883665,5.12875476392956));
#10271=CARTESIAN_POINT('Ctrl Pts',(-0.1,1.73707202419403,5.11173325669146));
#10272=CARTESIAN_POINT('Ctrl Pts',(0.02,1.73707202419403,5.11173325669146));
#10273=CARTESIAN_POINT('Ctrl Pts',(-0.1,1.76543908346289,5.09661830155649));
#10274=CARTESIAN_POINT('Ctrl Pts',(0.02,1.76543908346289,5.09661830155649));
#10275=CARTESIAN_POINT('Ctrl Pts',(-0.1,1.79534474017083,5.08284974996556));
#10276=CARTESIAN_POINT('Ctrl Pts',(0.02,1.79534474017083,5.08284974996556));
#10277=CARTESIAN_POINT('Ctrl Pts',(-0.1,1.82649945383283,5.07076479794441));
#10278=CARTESIAN_POINT('Ctrl Pts',(0.02,1.82649945383283,5.07076479794441));
#10279=CARTESIAN_POINT('Ctrl Pts',(-0.1,1.85828783279732,5.06007384249158));
#10280=CARTESIAN_POINT('Ctrl Pts',(0.02,1.85828783279732,5.06007384249158));
#10281=CARTESIAN_POINT('Ctrl Pts',(-0.1,1.8907732188391,5.05133340194849));
#10282=CARTESIAN_POINT('Ctrl Pts',(0.02,1.8907732188391,5.05133340194849));
#10283=CARTESIAN_POINT('Ctrl Pts',(-0.1,1.923682253083,5.04380844666634));
#10284=CARTESIAN_POINT('Ctrl Pts',(0.02,1.923682253083,5.04380844666634));
#10285=CARTESIAN_POINT('Ctrl Pts',(-0.1,1.95729184242877,5.0383419312718));
#10286=CARTESIAN_POINT('Ctrl Pts',(0.02,1.95729184242877,5.0383419312718));
#10287=CARTESIAN_POINT('Ctrl Pts',(-0.1,1.99134981210189,5.03400168729631));
#10288=CARTESIAN_POINT('Ctrl Pts',(0.02,1.99134981210189,5.03400168729631));
#10289=CARTESIAN_POINT('Ctrl Pts',(-0.1,2.02606496692026,5.03161533389815));
#10290=CARTESIAN_POINT('Ctrl Pts',(0.02,2.02606496692026,5.03161533389815));
#10291=CARTESIAN_POINT('Ctrl Pts',(-0.1,2.04940024055288,5.03130131496779));
#10292=CARTESIAN_POINT('Ctrl Pts',(0.02,2.04940024055288,5.03130131496779));
#10293=CARTESIAN_POINT('Ctrl Pts',(-0.1,2.06115567860915,5.03114312397581));
#10294=CARTESIAN_POINT('Ctrl Pts',(0.02,2.06115567860915,5.03114312397581));
#10295=CARTESIAN_POINT('',(-0.1,1.54092330681428,5.49468479064247));
#10296=CARTESIAN_POINT('',(-0.1,1.54092330681428,5.49468479064247));
#10297=CARTESIAN_POINT('Ctrl Pts',(-0.1,1.54092330681428,5.49468479064247));
#10298=CARTESIAN_POINT('Ctrl Pts',(-0.1,1.54111158570939,5.48172524730678));
#10299=CARTESIAN_POINT('Ctrl Pts',(-0.1,1.541479938322,5.45637093638782));
#10300=CARTESIAN_POINT('Ctrl Pts',(-0.1,1.54447602060598,5.4192283326353));
#10301=CARTESIAN_POINT('Ctrl Pts',(-0.1,1.54967225906942,5.38390206924162));
#10302=CARTESIAN_POINT('Ctrl Pts',(-0.1,1.55689168874417,5.35045811719941));
#10303=CARTESIAN_POINT('Ctrl Pts',(-0.1,1.56581806473142,5.31878390814594));
#10304=CARTESIAN_POINT('Ctrl Pts',(-0.1,1.57704823670178,5.28901078639269));
#10305=CARTESIAN_POINT('Ctrl Pts',(-0.1,1.59050117481403,5.26119090058759));
#10306=CARTESIAN_POINT('Ctrl Pts',(-0.1,1.60580064224321,5.23509219591649));
#10307=CARTESIAN_POINT('Ctrl Pts',(-0.1,1.62318152619314,5.21082552247807));
#10308=CARTESIAN_POINT('Ctrl Pts',(-0.1,1.6421747638452,5.18783904764309));
#10309=CARTESIAN_POINT('Ctrl Pts',(-0.1,1.66330321804877,5.16669080659173));
#10310=CARTESIAN_POINT('Ctrl Pts',(-0.1,1.68606802640613,5.1468520133093));
#10311=CARTESIAN_POINT('Ctrl Pts',(-0.1,1.7107694883665,5.12875476392956));
#10312=CARTESIAN_POINT('Ctrl Pts',(-0.1,1.73707202419403,5.11173325669146));
#10313=CARTESIAN_POINT('Ctrl Pts',(-0.1,1.76543908346289,5.09661830155649));
#10314=CARTESIAN_POINT('Ctrl Pts',(-0.1,1.79534474017083,5.08284974996556));
#10315=CARTESIAN_POINT('Ctrl Pts',(-0.1,1.82649945383283,5.07076479794441));
#10316=CARTESIAN_POINT('Ctrl Pts',(-0.1,1.85828783279732,5.06007384249158));
#10317=CARTESIAN_POINT('Ctrl Pts',(-0.1,1.8907732188391,5.05133340194849));
#10318=CARTESIAN_POINT('Ctrl Pts',(-0.1,1.923682253083,5.04380844666634));
#10319=CARTESIAN_POINT('Ctrl Pts',(-0.1,1.95729184242877,5.0383419312718));
#10320=CARTESIAN_POINT('Ctrl Pts',(-0.1,1.99134981210189,5.03400168729631));
#10321=CARTESIAN_POINT('Ctrl Pts',(-0.1,2.02606496692026,5.03161533389815));
#10322=CARTESIAN_POINT('Ctrl Pts',(-0.1,2.04940024055288,5.03130131496779));
#10323=CARTESIAN_POINT('Ctrl Pts',(-0.1,2.06115567860915,5.03114312397581));
#10324=CARTESIAN_POINT('Ctrl Pts',(-0.1,1.87385599912197,5.90293799577068));
#10325=CARTESIAN_POINT('Ctrl Pts',(0.02,1.87385599912197,5.90293799577068));
#10326=CARTESIAN_POINT('Ctrl Pts',(-0.1,1.86063805755087,5.89940490979739));
#10327=CARTESIAN_POINT('Ctrl Pts',(0.02,1.86063805755087,5.89940490979739));
#10328=CARTESIAN_POINT('Ctrl Pts',(-0.1,1.83478212330042,5.89249375512665));
#10329=CARTESIAN_POINT('Ctrl Pts',(0.02,1.83478212330042,5.89249375512665));
#10330=CARTESIAN_POINT('Ctrl Pts',(-0.1,1.79777941930387,5.87882956283037));
#10331=CARTESIAN_POINT('Ctrl Pts',(0.02,1.79777941930387,5.87882956283037));
#10332=CARTESIAN_POINT('Ctrl Pts',(-0.1,1.76305395996216,5.86349318272993));
#10333=CARTESIAN_POINT('Ctrl Pts',(0.02,1.76305395996216,5.86349318272993));
#10334=CARTESIAN_POINT('Ctrl Pts',(-0.1,1.73069721829917,5.84611248479791));
#10335=CARTESIAN_POINT('Ctrl Pts',(0.02,1.73069721829917,5.84611248479791));
#10336=CARTESIAN_POINT('Ctrl Pts',(-0.1,1.70089522548541,5.82649723889524));
#10337=CARTESIAN_POINT('Ctrl Pts',(0.02,1.70089522548541,5.82649723889524));
#10338=CARTESIAN_POINT('Ctrl Pts',(-0.1,1.67326496842294,5.80516716979353));
#10339=CARTESIAN_POINT('Ctrl Pts',(0.02,1.67326496842294,5.80516716979353));
#10340=CARTESIAN_POINT('Ctrl Pts',(-0.1,1.64838587974528,5.78127742348503));
#10341=CARTESIAN_POINT('Ctrl Pts',(0.02,1.64838587974528,5.78127742348503));
#10342=CARTESIAN_POINT('Ctrl Pts',(-0.1,1.6256837630731,5.75570454330139));
#10343=CARTESIAN_POINT('Ctrl Pts',(0.02,1.6256837630731,5.75570454330139));
#10344=CARTESIAN_POINT('Ctrl Pts',(-0.1,1.60566055674524,5.72824941645644));
#10345=CARTESIAN_POINT('Ctrl Pts',(0.02,1.60566055674524,5.72824941645644));
#10346=CARTESIAN_POINT('Ctrl Pts',(-0.1,1.58837015075139,5.69924305771374));
#10347=CARTESIAN_POINT('Ctrl Pts',(0.02,1.58837015075139,5.69924305771374));
#10348=CARTESIAN_POINT('Ctrl Pts',(-0.1,1.57365952504758,5.66882567757455));
#10349=CARTESIAN_POINT('Ctrl Pts',(0.02,1.57365952504758,5.66882567757455));
#10350=CARTESIAN_POINT('Ctrl Pts',(-0.1,1.56156240973909,5.63687433847068));
#10351=CARTESIAN_POINT('Ctrl Pts',(0.02,1.56156240973909,5.63687433847068));
#10352=CARTESIAN_POINT('Ctrl Pts',(-0.1,1.552458293292,5.60336832607023));
#10353=CARTESIAN_POINT('Ctrl Pts',(0.02,1.552458293292,5.60336832607023));
#10354=CARTESIAN_POINT('Ctrl Pts',(-0.1,1.54582267985588,5.56848016337623));
#10355=CARTESIAN_POINT('Ctrl Pts',(0.02,1.54582267985588,5.56848016337623));
#10356=CARTESIAN_POINT('Ctrl Pts',(-0.1,1.54173552845249,5.53210811881186));
#10357=CARTESIAN_POINT('Ctrl Pts',(0.02,1.54173552845249,5.53210811881186));
#10358=CARTESIAN_POINT('Ctrl Pts',(-0.1,1.54119744294972,5.50731568604956));
#10359=CARTESIAN_POINT('Ctrl Pts',(0.02,1.54119744294972,5.50731568604956));
#10360=CARTESIAN_POINT('Ctrl Pts',(-0.1,1.54092330681428,5.49468479064247));
#10361=CARTESIAN_POINT('Ctrl Pts',(0.02,1.54092330681428,5.49468479064247));
#10362=CARTESIAN_POINT('',(-0.1,1.87385599912197,5.90293799577068));
#10363=CARTESIAN_POINT('',(-0.1,1.87385599912197,5.90293799577068));
#10364=CARTESIAN_POINT('Ctrl Pts',(-0.1,1.87385599912197,5.90293799577068));
#10365=CARTESIAN_POINT('Ctrl Pts',(-0.1,1.86063805755087,5.89940490979739));
#10366=CARTESIAN_POINT('Ctrl Pts',(-0.1,1.83478212330042,5.89249375512665));
#10367=CARTESIAN_POINT('Ctrl Pts',(-0.1,1.79777941930387,5.87882956283037));
#10368=CARTESIAN_POINT('Ctrl Pts',(-0.1,1.76305395996216,5.86349318272993));
#10369=CARTESIAN_POINT('Ctrl Pts',(-0.1,1.73069721829917,5.84611248479791));
#10370=CARTESIAN_POINT('Ctrl Pts',(-0.1,1.70089522548541,5.82649723889524));
#10371=CARTESIAN_POINT('Ctrl Pts',(-0.1,1.67326496842294,5.80516716979353));
#10372=CARTESIAN_POINT('Ctrl Pts',(-0.1,1.64838587974528,5.78127742348503));
#10373=CARTESIAN_POINT('Ctrl Pts',(-0.1,1.6256837630731,5.75570454330139));
#10374=CARTESIAN_POINT('Ctrl Pts',(-0.1,1.60566055674524,5.72824941645644));
#10375=CARTESIAN_POINT('Ctrl Pts',(-0.1,1.58837015075139,5.69924305771374));
#10376=CARTESIAN_POINT('Ctrl Pts',(-0.1,1.57365952504758,5.66882567757455));
#10377=CARTESIAN_POINT('Ctrl Pts',(-0.1,1.56156240973909,5.63687433847068));
#10378=CARTESIAN_POINT('Ctrl Pts',(-0.1,1.552458293292,5.60336832607023));
#10379=CARTESIAN_POINT('Ctrl Pts',(-0.1,1.54582267985588,5.56848016337623));
#10380=CARTESIAN_POINT('Ctrl Pts',(-0.1,1.54173552845249,5.53210811881186));
#10381=CARTESIAN_POINT('Ctrl Pts',(-0.1,1.54119744294972,5.50731568604956));
#10382=CARTESIAN_POINT('Ctrl Pts',(-0.1,1.54092330681428,5.49468479064247));
#10383=CARTESIAN_POINT('Origin',(-0.1,1.90670856322454,5.76191235474504));
#10384=CARTESIAN_POINT('',(-0.1,1.90670856322454,5.76191235474504));
#10385=CARTESIAN_POINT('Origin',(-0.1,1.72642906343647,5.66961625124743));
#10386=CARTESIAN_POINT('Origin',(-0.1,4.73419588379326,-3.03585337879783));
#10387=CARTESIAN_POINT('',(-0.1,4.73419588379326,-3.03585337879783));
#10388=CARTESIAN_POINT('',(-0.1,4.73419588379326,-3.03585337879783));
#10389=CARTESIAN_POINT('',(-0.1,3.73419588379326,-3.03585337879783));
#10390=CARTESIAN_POINT('',(-0.1,4.73419588379326,-3.03585337879783));
#10391=CARTESIAN_POINT('',(-0.1,3.73419588379326,-3.03585337879783));
#10392=CARTESIAN_POINT('Origin',(-0.1,4.73419588379326,-3.11838543007988));
#10393=CARTESIAN_POINT('',(-0.1,4.73419588379326,-3.11838543007988));
#10394=CARTESIAN_POINT('',(-0.1,4.73419588379326,-3.11838543007988));
#10395=CARTESIAN_POINT('',(-0.1,4.73419588379326,-3.11838543007988));
#10396=CARTESIAN_POINT('Ctrl Pts',(-0.1,4.48419588379326,-3.39482773777219));
#10397=CARTESIAN_POINT('Ctrl Pts',(0.02,4.48419588379326,-3.39482773777219));
#10398=CARTESIAN_POINT('Ctrl Pts',(-0.1,4.49244642231587,-3.37880733690023));
#10399=CARTESIAN_POINT('Ctrl Pts',(0.02,4.49244642231587,-3.37880733690023));
#10400=CARTESIAN_POINT('Ctrl Pts',(-0.1,4.50870774520124,-3.34723207540451));
#10401=CARTESIAN_POINT('Ctrl Pts',(0.02,4.50870774520124,-3.34723207540451));
#10402=CARTESIAN_POINT('Ctrl Pts',(-0.1,4.53679328527019,-3.30262305871558));
#10403=CARTESIAN_POINT('Ctrl Pts',(0.02,4.53679328527019,-3.30262305871558));
#10404=CARTESIAN_POINT('Ctrl Pts',(-0.1,4.56723916686727,-3.26097574298681));
#10405=CARTESIAN_POINT('Ctrl Pts',(0.02,4.56723916686727,-3.26097574298681));
#10406=CARTESIAN_POINT('Ctrl Pts',(-0.1,4.60003864926619,-3.22297955617641));
#10407=CARTESIAN_POINT('Ctrl Pts',(0.02,4.60003864926619,-3.22297955617641));
#10408=CARTESIAN_POINT('Ctrl Pts',(-0.1,4.63356560818119,-3.18891839586792));
#10409=CARTESIAN_POINT('Ctrl Pts',(0.02,4.63356560818119,-3.18891839586792));
#10410=CARTESIAN_POINT('Ctrl Pts',(-0.1,4.66739562664776,-3.16021456144783));
#10411=CARTESIAN_POINT('Ctrl Pts',(0.02,4.66739562664776,-3.16021456144783));
#10412=CARTESIAN_POINT('Ctrl Pts',(-0.1,4.70028864232544,-3.13619701934434));
#10413=CARTESIAN_POINT('Ctrl Pts',(0.02,4.70028864232544,-3.13619701934434));
#10414=CARTESIAN_POINT('Ctrl Pts',(-0.1,4.72322787294702,-3.12414696348055));
#10415=CARTESIAN_POINT('Ctrl Pts',(0.02,4.72322787294702,-3.12414696348055));
#10416=CARTESIAN_POINT('Ctrl Pts',(-0.1,4.73419588379326,-3.11838543007988));
#10417=CARTESIAN_POINT('Ctrl Pts',(0.02,4.73419588379326,-3.11838543007988));
#10418=CARTESIAN_POINT('',(-0.1,4.48419588379326,-3.39482773777219));
#10419=CARTESIAN_POINT('',(-0.1,4.48419588379326,-3.39482773777219));
#10420=CARTESIAN_POINT('Ctrl Pts',(-0.1,4.48419588379326,-3.39482773777219));
#10421=CARTESIAN_POINT('Ctrl Pts',(-0.1,4.49244642231587,-3.37880733690023));
#10422=CARTESIAN_POINT('Ctrl Pts',(-0.1,4.50870774520124,-3.34723207540451));
#10423=CARTESIAN_POINT('Ctrl Pts',(-0.1,4.53679328527019,-3.30262305871558));
#10424=CARTESIAN_POINT('Ctrl Pts',(-0.1,4.56723916686727,-3.26097574298681));
#10425=CARTESIAN_POINT('Ctrl Pts',(-0.1,4.60003864926619,-3.22297955617641));
#10426=CARTESIAN_POINT('Ctrl Pts',(-0.1,4.63356560818119,-3.18891839586792));
#10427=CARTESIAN_POINT('Ctrl Pts',(-0.1,4.66739562664776,-3.16021456144783));
#10428=CARTESIAN_POINT('Ctrl Pts',(-0.1,4.70028864232544,-3.13619701934434));
#10429=CARTESIAN_POINT('Ctrl Pts',(-0.1,4.72322787294702,-3.12414696348055));
#10430=CARTESIAN_POINT('Ctrl Pts',(-0.1,4.73419588379326,-3.11838543007988));
#10431=CARTESIAN_POINT('Origin',(-0.1,4.36600678122915,-3.39482773777219));
#10432=CARTESIAN_POINT('',(-0.1,4.36600678122915,-3.39482773777219));
#10433=CARTESIAN_POINT('',(-0.1,4.36600678122915,-3.39482773777219));
#10434=CARTESIAN_POINT('',(-0.1,4.36600678122915,-3.39482773777219));
#10435=CARTESIAN_POINT('Ctrl Pts',(-0.1,4.51344267866505,-3.16405850700296));
#10436=CARTESIAN_POINT('Ctrl Pts',(0.02,4.51344267866505,-3.16405850700296));
#10437=CARTESIAN_POINT('Ctrl Pts',(-0.1,4.50632358749365,-3.17144056962793));
#10438=CARTESIAN_POINT('Ctrl Pts',(0.02,4.50632358749365,-3.17144056962793));
#10439=CARTESIAN_POINT('Ctrl Pts',(-0.1,4.49152733667236,-3.18678337779653));
#10440=CARTESIAN_POINT('Ctrl Pts',(0.02,4.49152733667236,-3.18678337779653));
#10441=CARTESIAN_POINT('Ctrl Pts',(-0.1,4.47058694699664,-3.21271877416911));
#10442=CARTESIAN_POINT('Ctrl Pts',(0.02,4.47058694699664,-3.21271877416911));
#10443=CARTESIAN_POINT('Ctrl Pts',(-0.1,4.44936297442962,-3.24166599103072));
#10444=CARTESIAN_POINT('Ctrl Pts',(0.02,4.44936297442962,-3.24166599103072));
#10445=CARTESIAN_POINT('Ctrl Pts',(-0.1,4.42895375207274,-3.27324913035116));
#10446=CARTESIAN_POINT('Ctrl Pts',(0.02,4.42895375207274,-3.27324913035116));
#10447=CARTESIAN_POINT('Ctrl Pts',(-0.1,4.40974067017968,-3.30544279803485));
#10448=CARTESIAN_POINT('Ctrl Pts',(0.02,4.40974067017968,-3.30544279803485));
#10449=CARTESIAN_POINT('Ctrl Pts',(-0.1,4.39246145685688,-3.33655383303015));
#10450=CARTESIAN_POINT('Ctrl Pts',(0.02,4.39246145685688,-3.33655383303015));
#10451=CARTESIAN_POINT('Ctrl Pts',(-0.1,4.37783904995848,-3.36606282335739));
#10452=CARTESIAN_POINT('Ctrl Pts',(0.02,4.37783904995848,-3.36606282335739));
#10453=CARTESIAN_POINT('Ctrl Pts',(-0.1,4.36984346001802,-3.3855005546661));
#10454=CARTESIAN_POINT('Ctrl Pts',(0.02,4.36984346001802,-3.3855005546661));
#10455=CARTESIAN_POINT('Ctrl Pts',(-0.1,4.36600678122915,-3.39482773777219));
#10456=CARTESIAN_POINT('Ctrl Pts',(0.02,4.36600678122915,-3.39482773777219));
#10457=CARTESIAN_POINT('',(-0.1,4.51344267866505,-3.16405850700296));
#10458=CARTESIAN_POINT('',(-0.1,4.51344267866505,-3.16405850700296));
#10459=CARTESIAN_POINT('Ctrl Pts',(-0.1,4.51344267866505,-3.16405850700296));
#10460=CARTESIAN_POINT('Ctrl Pts',(-0.1,4.50632358749365,-3.17144056962793));
#10461=CARTESIAN_POINT('Ctrl Pts',(-0.1,4.49152733667236,-3.18678337779653));
#10462=CARTESIAN_POINT('Ctrl Pts',(-0.1,4.47058694699664,-3.21271877416911));
#10463=CARTESIAN_POINT('Ctrl Pts',(-0.1,4.44936297442962,-3.24166599103072));
#10464=CARTESIAN_POINT('Ctrl Pts',(-0.1,4.42895375207274,-3.27324913035116));
#10465=CARTESIAN_POINT('Ctrl Pts',(-0.1,4.40974067017968,-3.30544279803485));
#10466=CARTESIAN_POINT('Ctrl Pts',(-0.1,4.39246145685688,-3.33655383303015));
#10467=CARTESIAN_POINT('Ctrl Pts',(-0.1,4.37783904995848,-3.36606282335739));
#10468=CARTESIAN_POINT('Ctrl Pts',(-0.1,4.36984346001802,-3.3855005546661));
#10469=CARTESIAN_POINT('Ctrl Pts',(-0.1,4.36600678122915,-3.39482773777219));
#10470=CARTESIAN_POINT('Origin',(-0.1,3.73419588379326,-3.16405850700296));
#10471=CARTESIAN_POINT('',(-0.1,3.73419588379326,-3.16405850700296));
#10472=CARTESIAN_POINT('',(-0.1,3.73419588379326,-3.16405850700296));
#10473=CARTESIAN_POINT('',(-0.1,3.73419588379326,-3.16405850700296));
#10474=CARTESIAN_POINT('Origin',(-0.1,3.73419588379326,-3.03585337879783));
#10475=CARTESIAN_POINT('',(-0.1,3.73419588379326,-3.03585337879783));
#10476=CARTESIAN_POINT('Origin',(-0.1,4.42947963332533,-3.27283523982331));
#10477=CARTESIAN_POINT('Origin',(-0.1,0.,0.));
#10478=CARTESIAN_POINT('',(-0.1,3.73419588379326,-2.65123799418245));
#10479=CARTESIAN_POINT('',(-0.1,3.73419588379326,-2.80087741725937));
#10480=CARTESIAN_POINT('',(-0.1,3.73419588379326,-2.65123799418245));
#10481=CARTESIAN_POINT('',(-0.1,4.04188819148556,-2.5374559429004));
#10482=CARTESIAN_POINT('',(-0.1,4.04188819148556,-2.5374559429004));
#10483=CARTESIAN_POINT('',(-0.1,4.04188819148556,-2.11117389161834));
#10484=CARTESIAN_POINT('',(-0.1,4.04188819148556,-2.11117389161834));
#10485=CARTESIAN_POINT('',(-0.1,3.73419588379326,-1.99739184033629));
#10486=CARTESIAN_POINT('',(-0.1,3.73419588379326,-1.99739184033629));
#10487=CARTESIAN_POINT('',(-0.1,3.73419588379326,-1.84775241725937));
#10488=CARTESIAN_POINT('',(-0.1,3.73419588379326,-1.84775241725937));
#10489=CARTESIAN_POINT('',(-0.1,4.73419588379326,-2.24478767366963));
#10490=CARTESIAN_POINT('',(-0.1,4.73419588379326,-2.24478767366963));
#10491=CARTESIAN_POINT('',(-0.1,4.73419588379326,-2.40384216084911));
#10492=CARTESIAN_POINT('',(-0.1,4.73419588379326,-2.40384216084911));
#10493=CARTESIAN_POINT('',(-0.1,3.73419588379326,-2.80087741725937));
#10494=CARTESIAN_POINT('',(-0.1,4.43411575558813,-2.39262421213116));
#10495=CARTESIAN_POINT('',(-0.1,4.15727280687018,-2.49498799418245));
#10496=CARTESIAN_POINT('',(-0.1,4.43411575558813,-2.39262421213116));
#10497=CARTESIAN_POINT('',(-0.1,4.61881126840864,-2.32431491725937));
#10498=CARTESIAN_POINT('Ctrl Pts',(-0.1,4.61881126840864,-2.32431491725937));
#10499=CARTESIAN_POINT('Ctrl Pts',(-0.1,4.60298136669752,-2.32813978895187));
#10500=CARTESIAN_POINT('Ctrl Pts',(-0.1,4.57125629163146,-2.33580530348108));
#10501=CARTESIAN_POINT('Ctrl Pts',(-0.1,4.52477480068022,-2.35185502457799));
#10502=CARTESIAN_POINT('Ctrl Pts',(-0.1,4.47871840394387,-2.37021534808377));
#10503=CARTESIAN_POINT('Ctrl Pts',(-0.1,4.44903997628163,-2.38512611852321));
#10504=CARTESIAN_POINT('Ctrl Pts',(-0.1,4.43411575558813,-2.39262421213116));
#10505=CARTESIAN_POINT('',(-0.1,4.42009331969069,-2.25079728905424));
#10506=CARTESIAN_POINT('Ctrl Pts',(-0.1,4.42009331969069,-2.25079728905424));
#10507=CARTESIAN_POINT('Ctrl Pts',(-0.1,4.4302483461404,-2.25452188208527));
#10508=CARTESIAN_POINT('Ctrl Pts',(-0.1,4.45010334026254,-2.26180416471691));
#10509=CARTESIAN_POINT('Ctrl Pts',(-0.1,4.47895097061712,-2.27266424208372));
#10510=CARTESIAN_POINT('Ctrl Pts',(-0.1,4.50634586443305,-2.28258583376272));
#10511=CARTESIAN_POINT('Ctrl Pts',(-0.1,4.53189521817244,-2.29231476914389));
#10512=CARTESIAN_POINT('Ctrl Pts',(-0.1,4.55597016187857,-2.30109725288719));
#10513=CARTESIAN_POINT('Ctrl Pts',(-0.1,4.57840808021124,-2.3091922932668));
#10514=CARTESIAN_POINT('Ctrl Pts',(-0.1,4.59905301889762,-2.31719821989861));
#10515=CARTESIAN_POINT('Ctrl Pts',(-0.1,4.61239177650463,-2.32200268909031));
#10516=CARTESIAN_POINT('Ctrl Pts',(-0.1,4.61881126840864,-2.32431491725937));
#10517=CARTESIAN_POINT('',(-0.1,4.15727280687018,-2.15364184033629));
#10518=CARTESIAN_POINT('',(-0.1,4.15727280687018,-2.15364184033629));
#10519=CARTESIAN_POINT('',(-0.1,4.15727280687018,-2.49498799418245));
#10520=CARTESIAN_POINT('Origin',(-0.1,3.73419588379326,-2.65123799418245));
#10521=CARTESIAN_POINT('',(-0.1,3.73419588379326,-2.65123799418245));
#10522=CARTESIAN_POINT('',(-0.1,3.73419588379326,-2.80087741725937));
#10523=CARTESIAN_POINT('Origin',(-0.1,4.04188819148556,-2.5374559429004));
#10524=CARTESIAN_POINT('',(-0.1,4.04188819148556,-2.5374559429004));
#10525=CARTESIAN_POINT('Origin',(-0.1,4.04188819148556,-2.11117389161834));
#10526=CARTESIAN_POINT('',(-0.1,4.04188819148556,-2.11117389161834));
#10527=CARTESIAN_POINT('Origin',(-0.1,3.73419588379326,-1.99739184033629));
#10528=CARTESIAN_POINT('',(-0.1,3.73419588379326,-1.99739184033629));
#10529=CARTESIAN_POINT('Origin',(-0.1,3.73419588379326,-1.84775241725937));
#10530=CARTESIAN_POINT('',(-0.1,3.73419588379326,-1.84775241725937));
#10531=CARTESIAN_POINT('Origin',(-0.1,4.73419588379326,-2.24478767366963));
#10532=CARTESIAN_POINT('',(-0.1,4.73419588379326,-2.24478767366963));
#10533=CARTESIAN_POINT('Origin',(-0.1,4.73419588379326,-2.40384216084911));
#10534=CARTESIAN_POINT('',(-0.1,4.73419588379326,-2.40384216084911));
#10535=CARTESIAN_POINT('Origin',(-0.1,3.73419588379326,-2.80087741725937));
#10536=CARTESIAN_POINT('Origin',(-0.1,4.43411575558813,-2.39262421213116));
#10537=CARTESIAN_POINT('',(1.35525271560688E-17,4.43411575558813,-2.39262421213116));
#10538=CARTESIAN_POINT('',(0.,4.15727280687018,-2.49498799418245));
#10539=CARTESIAN_POINT('',(0.,4.43411575558813,-2.39262421213116));
#10540=CARTESIAN_POINT('',(-0.1,4.43411575558813,-2.39262421213116));
#10541=CARTESIAN_POINT('',(-0.1,4.15727280687018,-2.49498799418245));
#10542=CARTESIAN_POINT('Origin',(-0.1,4.15727280687018,-2.49498799418245));
#10543=CARTESIAN_POINT('',(0.,4.15727280687018,-2.15364184033629));
#10544=CARTESIAN_POINT('',(0.,4.15727280687018,-2.49498799418245));
#10545=CARTESIAN_POINT('',(-0.1,4.15727280687018,-2.15364184033629));
#10546=CARTESIAN_POINT('Origin',(-0.1,4.15727280687018,-2.15364184033629));
#10547=CARTESIAN_POINT('',(0.,4.42009331969069,-2.25079728905424));
#10548=CARTESIAN_POINT('',(0.,4.15727280687018,-2.15364184033629));
#10549=CARTESIAN_POINT('',(-0.1,4.42009331969069,-2.25079728905424));
#10550=CARTESIAN_POINT('Ctrl Pts',(-0.1,4.42009331969069,-2.25079728905424));
#10551=CARTESIAN_POINT('Ctrl Pts',(0.02,4.42009331969069,-2.25079728905424));
#10552=CARTESIAN_POINT('Ctrl Pts',(-0.1,4.4302483461404,-2.25452188208527));
#10553=CARTESIAN_POINT('Ctrl Pts',(0.02,4.4302483461404,-2.25452188208527));
#10554=CARTESIAN_POINT('Ctrl Pts',(-0.1,4.45010334026254,-2.26180416471691));
#10555=CARTESIAN_POINT('Ctrl Pts',(0.02,4.45010334026254,-2.26180416471691));
#10556=CARTESIAN_POINT('Ctrl Pts',(-0.1,4.47895097061712,-2.27266424208372));
#10557=CARTESIAN_POINT('Ctrl Pts',(0.02,4.47895097061712,-2.27266424208372));
#10558=CARTESIAN_POINT('Ctrl Pts',(-0.1,4.50634586443305,-2.28258583376272));
#10559=CARTESIAN_POINT('Ctrl Pts',(0.02,4.50634586443305,-2.28258583376272));
#10560=CARTESIAN_POINT('Ctrl Pts',(-0.1,4.53189521817244,-2.29231476914389));
#10561=CARTESIAN_POINT('Ctrl Pts',(0.02,4.53189521817244,-2.29231476914389));
#10562=CARTESIAN_POINT('Ctrl Pts',(-0.1,4.55597016187857,-2.30109725288719));
#10563=CARTESIAN_POINT('Ctrl Pts',(0.02,4.55597016187857,-2.30109725288719));
#10564=CARTESIAN_POINT('Ctrl Pts',(-0.1,4.57840808021124,-2.3091922932668));
#10565=CARTESIAN_POINT('Ctrl Pts',(0.02,4.57840808021124,-2.3091922932668));
#10566=CARTESIAN_POINT('Ctrl Pts',(-0.1,4.59905301889762,-2.31719821989861));
#10567=CARTESIAN_POINT('Ctrl Pts',(0.02,4.59905301889762,-2.31719821989861));
#10568=CARTESIAN_POINT('Ctrl Pts',(-0.1,4.61239177650463,-2.32200268909031));
#10569=CARTESIAN_POINT('Ctrl Pts',(0.02,4.61239177650463,-2.32200268909031));
#10570=CARTESIAN_POINT('Ctrl Pts',(-0.1,4.61881126840864,-2.32431491725937));
#10571=CARTESIAN_POINT('Ctrl Pts',(0.02,4.61881126840864,-2.32431491725937));
#10572=CARTESIAN_POINT('',(0.,4.61881126840864,-2.32431491725937));
#10573=CARTESIAN_POINT('Ctrl Pts',(0.,4.42009331969069,-2.25079728905424));
#10574=CARTESIAN_POINT('Ctrl Pts',(0.,4.4302483461404,-2.25452188208527));
#10575=CARTESIAN_POINT('Ctrl Pts',(0.,4.45010334026254,-2.26180416471691));
#10576=CARTESIAN_POINT('Ctrl Pts',(0.,4.47895097061712,-2.27266424208372));
#10577=CARTESIAN_POINT('Ctrl Pts',(0.,4.50634586443305,-2.28258583376272));
#10578=CARTESIAN_POINT('Ctrl Pts',(0.,4.53189521817244,-2.29231476914389));
#10579=CARTESIAN_POINT('Ctrl Pts',(0.,4.55597016187857,-2.30109725288719));
#10580=CARTESIAN_POINT('Ctrl Pts',(0.,4.57840808021124,-2.3091922932668));
#10581=CARTESIAN_POINT('Ctrl Pts',(0.,4.59905301889762,-2.31719821989861));
#10582=CARTESIAN_POINT('Ctrl Pts',(0.,4.61239177650463,-2.32200268909031));
#10583=CARTESIAN_POINT('Ctrl Pts',(0.,4.61881126840864,-2.32431491725937));
#10584=CARTESIAN_POINT('',(-0.1,4.61881126840864,-2.32431491725937));
#10585=CARTESIAN_POINT('Ctrl Pts',(-0.1,4.61881126840864,-2.32431491725937));
#10586=CARTESIAN_POINT('Ctrl Pts',(0.02,4.61881126840864,-2.32431491725937));
#10587=CARTESIAN_POINT('Ctrl Pts',(-0.1,4.60298136669752,-2.32813978895187));
#10588=CARTESIAN_POINT('Ctrl Pts',(0.02,4.60298136669752,-2.32813978895187));
#10589=CARTESIAN_POINT('Ctrl Pts',(-0.1,4.57125629163146,-2.33580530348108));
#10590=CARTESIAN_POINT('Ctrl Pts',(0.02,4.57125629163146,-2.33580530348108));
#10591=CARTESIAN_POINT('Ctrl Pts',(-0.1,4.52477480068022,-2.35185502457799));
#10592=CARTESIAN_POINT('Ctrl Pts',(0.02,4.52477480068022,-2.35185502457799));
#10593=CARTESIAN_POINT('Ctrl Pts',(-0.1,4.47871840394387,-2.37021534808377));
#10594=CARTESIAN_POINT('Ctrl Pts',(0.02,4.47871840394387,-2.37021534808377));
#10595=CARTESIAN_POINT('Ctrl Pts',(-0.1,4.44903997628163,-2.38512611852321));
#10596=CARTESIAN_POINT('Ctrl Pts',(0.02,4.44903997628163,-2.38512611852321));
#10597=CARTESIAN_POINT('Ctrl Pts',(-0.1,4.43411575558813,-2.39262421213116));
#10598=CARTESIAN_POINT('Ctrl Pts',(0.02,4.43411575558813,-2.39262421213116));
#10599=CARTESIAN_POINT('Ctrl Pts',(0.,4.61881126840864,-2.32431491725937));
#10600=CARTESIAN_POINT('Ctrl Pts',(0.,4.60298136669752,-2.32813978895187));
#10601=CARTESIAN_POINT('Ctrl Pts',(0.,4.57125629163146,-2.33580530348108));
#10602=CARTESIAN_POINT('Ctrl Pts',(0.,4.52477480068022,-2.35185502457799));
#10603=CARTESIAN_POINT('Ctrl Pts',(0.,4.47871840394387,-2.37021534808377));
#10604=CARTESIAN_POINT('Ctrl Pts',(0.,4.44903997628163,-2.38512611852321));
#10605=CARTESIAN_POINT('Ctrl Pts',(1.35525271560688E-17,4.43411575558813,
-2.39262421213116));
#10606=CARTESIAN_POINT('Origin',(0.,0.,0.));
#10607=CARTESIAN_POINT('Origin',(-0.1,4.73419588379326,-0.958930301874754));
#10608=CARTESIAN_POINT('',(-0.1,4.73419588379326,-0.958930301874754));
#10609=CARTESIAN_POINT('',(-0.1,4.73419588379326,-0.958930301874754));
#10610=CARTESIAN_POINT('',(-0.1,3.73419588379326,-0.958930301874754));
#10611=CARTESIAN_POINT('',(-0.1,4.73419588379326,-0.958930301874754));
#10612=CARTESIAN_POINT('',(-0.1,3.73419588379326,-0.958930301874754));
#10613=CARTESIAN_POINT('Origin',(-0.1,4.73419588379326,-1.04146235315681));
#10614=CARTESIAN_POINT('',(-0.1,4.73419588379326,-1.04146235315681));
#10615=CARTESIAN_POINT('',(-0.1,4.73419588379326,-1.04146235315681));
#10616=CARTESIAN_POINT('',(-0.1,4.73419588379326,-1.04146235315681));
#10617=CARTESIAN_POINT('Ctrl Pts',(-0.1,4.48419588379326,-1.31790466084911));
#10618=CARTESIAN_POINT('Ctrl Pts',(0.02,4.48419588379326,-1.31790466084911));
#10619=CARTESIAN_POINT('Ctrl Pts',(-0.1,4.49244642231587,-1.30188425997715));
#10620=CARTESIAN_POINT('Ctrl Pts',(0.02,4.49244642231587,-1.30188425997715));
#10621=CARTESIAN_POINT('Ctrl Pts',(-0.1,4.50870774520124,-1.27030899848143));
#10622=CARTESIAN_POINT('Ctrl Pts',(0.02,4.50870774520124,-1.27030899848143));
#10623=CARTESIAN_POINT('Ctrl Pts',(-0.1,4.53679328527019,-1.2256999817925));
#10624=CARTESIAN_POINT('Ctrl Pts',(0.02,4.53679328527019,-1.2256999817925));
#10625=CARTESIAN_POINT('Ctrl Pts',(-0.1,4.56723916686727,-1.18405266606373));
#10626=CARTESIAN_POINT('Ctrl Pts',(0.02,4.56723916686727,-1.18405266606373));
#10627=CARTESIAN_POINT('Ctrl Pts',(-0.1,4.60003864926619,-1.14605647925333));
#10628=CARTESIAN_POINT('Ctrl Pts',(0.02,4.60003864926619,-1.14605647925333));
#10629=CARTESIAN_POINT('Ctrl Pts',(-0.1,4.63356560818119,-1.11199531894484));
#10630=CARTESIAN_POINT('Ctrl Pts',(0.02,4.63356560818119,-1.11199531894484));
#10631=CARTESIAN_POINT('Ctrl Pts',(-0.1,4.66739562664776,-1.08329148452476));
#10632=CARTESIAN_POINT('Ctrl Pts',(0.02,4.66739562664776,-1.08329148452476));
#10633=CARTESIAN_POINT('Ctrl Pts',(-0.1,4.70028864232544,-1.05927394242126));
#10634=CARTESIAN_POINT('Ctrl Pts',(0.02,4.70028864232544,-1.05927394242126));
#10635=CARTESIAN_POINT('Ctrl Pts',(-0.1,4.72322787294702,-1.04722388655747));
#10636=CARTESIAN_POINT('Ctrl Pts',(0.02,4.72322787294702,-1.04722388655747));
#10637=CARTESIAN_POINT('Ctrl Pts',(-0.1,4.73419588379326,-1.04146235315681));
#10638=CARTESIAN_POINT('Ctrl Pts',(0.02,4.73419588379326,-1.04146235315681));
#10639=CARTESIAN_POINT('',(-0.1,4.48419588379326,-1.31790466084911));
#10640=CARTESIAN_POINT('',(-0.1,4.48419588379326,-1.31790466084911));
#10641=CARTESIAN_POINT('Ctrl Pts',(-0.1,4.48419588379326,-1.31790466084911));
#10642=CARTESIAN_POINT('Ctrl Pts',(-0.1,4.49244642231587,-1.30188425997715));
#10643=CARTESIAN_POINT('Ctrl Pts',(-0.1,4.50870774520124,-1.27030899848143));
#10644=CARTESIAN_POINT('Ctrl Pts',(-0.1,4.53679328527019,-1.2256999817925));
#10645=CARTESIAN_POINT('Ctrl Pts',(-0.1,4.56723916686727,-1.18405266606373));
#10646=CARTESIAN_POINT('Ctrl Pts',(-0.1,4.60003864926619,-1.14605647925333));
#10647=CARTESIAN_POINT('Ctrl Pts',(-0.1,4.63356560818119,-1.11199531894484));
#10648=CARTESIAN_POINT('Ctrl Pts',(-0.1,4.66739562664776,-1.08329148452476));
#10649=CARTESIAN_POINT('Ctrl Pts',(-0.1,4.70028864232544,-1.05927394242126));
#10650=CARTESIAN_POINT('Ctrl Pts',(-0.1,4.72322787294702,-1.04722388655747));
#10651=CARTESIAN_POINT('Ctrl Pts',(-0.1,4.73419588379326,-1.04146235315681));
#10652=CARTESIAN_POINT('Origin',(-0.1,4.36600678122915,-1.31790466084911));
#10653=CARTESIAN_POINT('',(-0.1,4.36600678122916,-1.31790466084911));
#10654=CARTESIAN_POINT('',(-0.1,4.36600678122916,-1.31790466084911));
#10655=CARTESIAN_POINT('',(-0.1,4.36600678122915,-1.31790466084911));
#10656=CARTESIAN_POINT('Ctrl Pts',(-0.1,4.51344267866505,-1.08713543007988));
#10657=CARTESIAN_POINT('Ctrl Pts',(0.02,4.51344267866505,-1.08713543007988));
#10658=CARTESIAN_POINT('Ctrl Pts',(-0.1,4.50632358749365,-1.09451749270485));
#10659=CARTESIAN_POINT('Ctrl Pts',(0.02,4.50632358749365,-1.09451749270485));
#10660=CARTESIAN_POINT('Ctrl Pts',(-0.1,4.49152733667236,-1.10986030087345));
#10661=CARTESIAN_POINT('Ctrl Pts',(0.02,4.49152733667236,-1.10986030087345));
#10662=CARTESIAN_POINT('Ctrl Pts',(-0.1,4.47058694699664,-1.13579569724603));
#10663=CARTESIAN_POINT('Ctrl Pts',(0.02,4.47058694699664,-1.13579569724603));
#10664=CARTESIAN_POINT('Ctrl Pts',(-0.1,4.44936297442962,-1.16474291410764));
#10665=CARTESIAN_POINT('Ctrl Pts',(0.02,4.44936297442962,-1.16474291410764));
#10666=CARTESIAN_POINT('Ctrl Pts',(-0.1,4.42895375207274,-1.19632605342808));
#10667=CARTESIAN_POINT('Ctrl Pts',(0.02,4.42895375207274,-1.19632605342808));
#10668=CARTESIAN_POINT('Ctrl Pts',(-0.1,4.40974067017968,-1.22851972111177));
#10669=CARTESIAN_POINT('Ctrl Pts',(0.02,4.40974067017968,-1.22851972111177));
#10670=CARTESIAN_POINT('Ctrl Pts',(-0.1,4.39246145685688,-1.25963075610708));
#10671=CARTESIAN_POINT('Ctrl Pts',(0.02,4.39246145685688,-1.25963075610708));
#10672=CARTESIAN_POINT('Ctrl Pts',(-0.1,4.37783904995848,-1.28913974643431));
#10673=CARTESIAN_POINT('Ctrl Pts',(0.02,4.37783904995848,-1.28913974643431));
#10674=CARTESIAN_POINT('Ctrl Pts',(-0.1,4.36984346001802,-1.30857747774302));
#10675=CARTESIAN_POINT('Ctrl Pts',(0.02,4.36984346001802,-1.30857747774302));
#10676=CARTESIAN_POINT('Ctrl Pts',(-0.1,4.36600678122916,-1.31790466084911));
#10677=CARTESIAN_POINT('Ctrl Pts',(0.02,4.36600678122916,-1.31790466084911));
#10678=CARTESIAN_POINT('',(-0.1,4.51344267866505,-1.08713543007988));
#10679=CARTESIAN_POINT('',(-0.1,4.51344267866505,-1.08713543007988));
#10680=CARTESIAN_POINT('Ctrl Pts',(-0.1,4.51344267866505,-1.08713543007988));
#10681=CARTESIAN_POINT('Ctrl Pts',(-0.1,4.50632358749365,-1.09451749270485));
#10682=CARTESIAN_POINT('Ctrl Pts',(-0.1,4.49152733667236,-1.10986030087345));
#10683=CARTESIAN_POINT('Ctrl Pts',(-0.1,4.47058694699664,-1.13579569724603));
#10684=CARTESIAN_POINT('Ctrl Pts',(-0.1,4.44936297442962,-1.16474291410764));
#10685=CARTESIAN_POINT('Ctrl Pts',(-0.1,4.42895375207274,-1.19632605342808));
#10686=CARTESIAN_POINT('Ctrl Pts',(-0.1,4.40974067017968,-1.22851972111177));
#10687=CARTESIAN_POINT('Ctrl Pts',(-0.1,4.39246145685688,-1.25963075610708));
#10688=CARTESIAN_POINT('Ctrl Pts',(-0.1,4.37783904995848,-1.28913974643431));
#10689=CARTESIAN_POINT('Ctrl Pts',(-0.1,4.36984346001802,-1.30857747774302));
#10690=CARTESIAN_POINT('Ctrl Pts',(-0.1,4.36600678122916,-1.31790466084911));
#10691=CARTESIAN_POINT('Origin',(-0.1,3.73419588379326,-1.08713543007988));
#10692=CARTESIAN_POINT('',(-0.1,3.73419588379326,-1.08713543007988));
#10693=CARTESIAN_POINT('',(-0.1,3.73419588379326,-1.08713543007988));
#10694=CARTESIAN_POINT('',(-0.1,3.73419588379326,-1.08713543007988));
#10695=CARTESIAN_POINT('Origin',(-0.1,3.73419588379326,-0.958930301874754));
#10696=CARTESIAN_POINT('',(-0.1,3.73419588379326,-0.958930301874754));
#10697=CARTESIAN_POINT('Origin',(-0.1,4.42947963332533,-1.19591216290023));
#10698=CARTESIAN_POINT('Origin',(-0.1,3.86240101199839,-0.499395045464497));
#10699=CARTESIAN_POINT('',(-0.1,3.86240101199839,-0.499395045464497));
#10700=CARTESIAN_POINT('',(-0.1,3.86240101199839,-0.499395045464497));
#10701=CARTESIAN_POINT('',(-0.1,3.86240101199839,-0.0102123531568049));
#10702=CARTESIAN_POINT('',(-0.1,3.86240101199839,-0.499395045464497));
#10703=CARTESIAN_POINT('',(-0.1,3.86240101199839,-0.0102123531568049));
#10704=CARTESIAN_POINT('Ctrl Pts',(-0.1,4.04789780687018,-0.300476776233728));
#10705=CARTESIAN_POINT('Ctrl Pts',(0.02,4.04789780687018,-0.300476776233728));
#10706=CARTESIAN_POINT('Ctrl Pts',(-0.1,4.04076715314788,-0.309235646039845));
#10707=CARTESIAN_POINT('Ctrl Pts',(0.02,4.04076715314788,-0.309235646039845));
#10708=CARTESIAN_POINT('Ctrl Pts',(-0.1,4.02717009409703,-0.325937462536711));
#10709=CARTESIAN_POINT('Ctrl Pts',(0.02,4.02717009409703,-0.325937462536711));
#10710=CARTESIAN_POINT('Ctrl Pts',(-0.1,4.00745807333478,-0.349699032100707));
#10711=CARTESIAN_POINT('Ctrl Pts',(0.02,4.00745807333478,-0.349699032100707));
#10712=CARTESIAN_POINT('Ctrl Pts',(-0.1,3.98938268429785,-0.370982171173583));
#10713=CARTESIAN_POINT('Ctrl Pts',(0.02,3.98938268429785,-0.370982171173583));
#10714=CARTESIAN_POINT('Ctrl Pts',(-0.1,3.97353351207447,-0.390284582611405));
#10715=CARTESIAN_POINT('Ctrl Pts',(0.02,3.97353351207447,-0.390284582611405));
#10716=CARTESIAN_POINT('Ctrl Pts',(-0.1,3.95914395196191,-0.406903285260403));
#10717=CARTESIAN_POINT('Ctrl Pts',(0.02,3.95914395196191,-0.406903285260403));
#10718=CARTESIAN_POINT('Ctrl Pts',(-0.1,3.94684420387143,-0.421423649456042));
#10719=CARTESIAN_POINT('Ctrl Pts',(0.02,3.94684420387143,-0.421423649456042));
#10720=CARTESIAN_POINT('Ctrl Pts',(-0.1,3.93601584101789,-0.433318142499331));
#10721=CARTESIAN_POINT('Ctrl Pts',(0.02,3.93601584101789,-0.433318142499331));
#10722=CARTESIAN_POINT('Ctrl Pts',(-0.1,3.91956733935212,-0.451431349622586));
#10723=CARTESIAN_POINT('Ctrl Pts',(0.02,3.91956733935212,-0.451431349622586));
#10724=CARTESIAN_POINT('Ctrl Pts',(-0.1,3.89612166270354,-0.474373271868397));
#10725=CARTESIAN_POINT('Ctrl Pts',(0.02,3.89612166270354,-0.474373271868397));
#10726=CARTESIAN_POINT('Ctrl Pts',(-0.1,3.87334015370045,-0.491277861445778));
#10727=CARTESIAN_POINT('Ctrl Pts',(0.02,3.87334015370045,-0.491277861445778));
#10728=CARTESIAN_POINT('Ctrl Pts',(-0.1,3.86240101199839,-0.499395045464497));
#10729=CARTESIAN_POINT('Ctrl Pts',(0.02,3.86240101199839,-0.499395045464497));
#10730=CARTESIAN_POINT('',(-0.1,4.04789780687018,-0.300476776233728));
#10731=CARTESIAN_POINT('',(-0.1,4.04789780687018,-0.300476776233728));
#10732=CARTESIAN_POINT('Ctrl Pts',(-0.1,4.04789780687018,-0.300476776233728));
#10733=CARTESIAN_POINT('Ctrl Pts',(-0.1,4.04076715314788,-0.309235646039845));
#10734=CARTESIAN_POINT('Ctrl Pts',(-0.1,4.02717009409703,-0.325937462536711));
#10735=CARTESIAN_POINT('Ctrl Pts',(-0.1,4.00745807333478,-0.349699032100707));
#10736=CARTESIAN_POINT('Ctrl Pts',(-0.1,3.98938268429785,-0.370982171173583));
#10737=CARTESIAN_POINT('Ctrl Pts',(-0.1,3.97353351207447,-0.390284582611405));
#10738=CARTESIAN_POINT('Ctrl Pts',(-0.1,3.95914395196191,-0.406903285260403));
#10739=CARTESIAN_POINT('Ctrl Pts',(-0.1,3.94684420387143,-0.421423649456042));
#10740=CARTESIAN_POINT('Ctrl Pts',(-0.1,3.93601584101789,-0.433318142499331));
#10741=CARTESIAN_POINT('Ctrl Pts',(-0.1,3.91956733935212,-0.451431349622586));
#10742=CARTESIAN_POINT('Ctrl Pts',(-0.1,3.89612166270354,-0.474373271868397));
#10743=CARTESIAN_POINT('Ctrl Pts',(-0.1,3.87334015370045,-0.491277861445778));
#10744=CARTESIAN_POINT('Ctrl Pts',(-0.1,3.86240101199839,-0.499395045464497));
#10745=CARTESIAN_POINT('Ctrl Pts',(-0.1,4.45815421712659,-0.0230328659773177));
#10746=CARTESIAN_POINT('Ctrl Pts',(0.0199999999999999,4.45815421712659,
-0.0230328659773177));
#10747=CARTESIAN_POINT('Ctrl Pts',(-0.1,4.44825841687356,-0.0233084906020595));
#10748=CARTESIAN_POINT('Ctrl Pts',(0.0199999999999999,4.44825841687356,
-0.0233084906020595));
#10749=CARTESIAN_POINT('Ctrl Pts',(-0.1,4.42844497801665,-0.0238603481082884));
#10750=CARTESIAN_POINT('Ctrl Pts',(0.0199999999999999,4.42844497801665,
-0.0238603481082884));
#10751=CARTESIAN_POINT('Ctrl Pts',(-0.1,4.39882973021429,-0.0281676694496577));
#10752=CARTESIAN_POINT('Ctrl Pts',(0.0199999999999999,4.39882973021429,
-0.0281676694496577));
#10753=CARTESIAN_POINT('Ctrl Pts',(-0.1,4.36953587373104,-0.0355375443567393));
#10754=CARTESIAN_POINT('Ctrl Pts',(0.0199999999999999,4.36953587373104,
-0.0355375443567393));
#10755=CARTESIAN_POINT('Ctrl Pts',(-0.1,4.34020688481235,-0.0453080314790049));
#10756=CARTESIAN_POINT('Ctrl Pts',(0.0199999999999999,4.34020688481235,
-0.0453080314790049));
#10757=CARTESIAN_POINT('Ctrl Pts',(-0.1,4.31072635792875,-0.0586565504294385));
#10758=CARTESIAN_POINT('Ctrl Pts',(0.0199999999999999,4.31072635792875,
-0.0586565504294385));
#10759=CARTESIAN_POINT('Ctrl Pts',(-0.1,4.28068760844532,-0.0755201374442033));
#10760=CARTESIAN_POINT('Ctrl Pts',(0.0199999999999999,4.28068760844532,
-0.0755201374442033));
#10761=CARTESIAN_POINT('Ctrl Pts',(-0.1,4.24997967578831,-0.0964412597967254));
#10762=CARTESIAN_POINT('Ctrl Pts',(0.0199999999999999,4.24997967578831,
-0.0964412597967254));
#10763=CARTESIAN_POINT('Ctrl Pts',(-0.1,4.22387452137317,-0.11656151379649));
#10764=CARTESIAN_POINT('Ctrl Pts',(0.0199999999999999,4.22387452137317,
-0.11656151379649));
#10765=CARTESIAN_POINT('Ctrl Pts',(-0.1,4.2019918189887,-0.135290204753512));
#10766=CARTESIAN_POINT('Ctrl Pts',(0.0199999999999999,4.2019918189887,-0.135290204753512));
#10767=CARTESIAN_POINT('Ctrl Pts',(-0.1,4.1839810763888,-0.151891419317902));
#10768=CARTESIAN_POINT('Ctrl Pts',(0.0199999999999999,4.1839810763888,-0.151891419317902));
#10769=CARTESIAN_POINT('Ctrl Pts',(-0.1,4.16484586677595,-0.171098063780937));
#10770=CARTESIAN_POINT('Ctrl Pts',(0.0199999999999999,4.16484586677595,
-0.171098063780937));
#10771=CARTESIAN_POINT('Ctrl Pts',(-0.1,4.14392349360076,-0.192189624990169));
#10772=CARTESIAN_POINT('Ctrl Pts',(0.0199999999999999,4.14392349360076,
-0.192189624990169));
#10773=CARTESIAN_POINT('Ctrl Pts',(-0.1,4.12195653563008,-0.21602631823755));
#10774=CARTESIAN_POINT('Ctrl Pts',(0.0199999999999999,4.12195653563008,
-0.21602631823755));
#10775=CARTESIAN_POINT('Ctrl Pts',(-0.1,4.09828717958414,-0.241923259875007));
#10776=CARTESIAN_POINT('Ctrl Pts',(0.0199999999999999,4.09828717958414,
-0.241923259875007));
#10777=CARTESIAN_POINT('Ctrl Pts',(-0.1,4.07353831289536,-0.270447346218111));
#10778=CARTESIAN_POINT('Ctrl Pts',(0.0199999999999999,4.07353831289536,
-0.270447346218111));
#10779=CARTESIAN_POINT('Ctrl Pts',(-0.1,4.05663107516009,-0.290248621272118));
#10780=CARTESIAN_POINT('Ctrl Pts',(0.0199999999999999,4.05663107516009,
-0.290248621272118));
#10781=CARTESIAN_POINT('Ctrl Pts',(-0.1,4.04789780687018,-0.300476776233728));
#10782=CARTESIAN_POINT('Ctrl Pts',(0.0199999999999999,4.04789780687018,
-0.300476776233728));
#10783=CARTESIAN_POINT('',(-0.1,4.45815421712659,-0.0230328659773177));
#10784=CARTESIAN_POINT('',(-0.1,4.45815421712659,-0.0230328659773177));
#10785=CARTESIAN_POINT('Ctrl Pts',(-0.1,4.45815421712659,-0.0230328659773177));
#10786=CARTESIAN_POINT('Ctrl Pts',(-0.1,4.44825841687356,-0.0233084906020595));
#10787=CARTESIAN_POINT('Ctrl Pts',(-0.1,4.42844497801665,-0.0238603481082884));
#10788=CARTESIAN_POINT('Ctrl Pts',(-0.1,4.39882973021429,-0.0281676694496577));
#10789=CARTESIAN_POINT('Ctrl Pts',(-0.1,4.36953587373104,-0.0355375443567393));
#10790=CARTESIAN_POINT('Ctrl Pts',(-0.1,4.34020688481235,-0.0453080314790049));
#10791=CARTESIAN_POINT('Ctrl Pts',(-0.1,4.31072635792875,-0.0586565504294385));
#10792=CARTESIAN_POINT('Ctrl Pts',(-0.1,4.28068760844532,-0.0755201374442033));
#10793=CARTESIAN_POINT('Ctrl Pts',(-0.1,4.24997967578831,-0.0964412597967254));
#10794=CARTESIAN_POINT('Ctrl Pts',(-0.1,4.22387452137317,-0.11656151379649));
#10795=CARTESIAN_POINT('Ctrl Pts',(-0.1,4.2019918189887,-0.135290204753512));
#10796=CARTESIAN_POINT('Ctrl Pts',(-0.1,4.1839810763888,-0.151891419317902));
#10797=CARTESIAN_POINT('Ctrl Pts',(-0.1,4.16484586677595,-0.171098063780937));
#10798=CARTESIAN_POINT('Ctrl Pts',(-0.1,4.14392349360076,-0.192189624990169));
#10799=CARTESIAN_POINT('Ctrl Pts',(-0.1,4.12195653563008,-0.21602631823755));
#10800=CARTESIAN_POINT('Ctrl Pts',(-0.1,4.09828717958414,-0.241923259875007));
#10801=CARTESIAN_POINT('Ctrl Pts',(-0.1,4.07353831289536,-0.270447346218111));
#10802=CARTESIAN_POINT('Ctrl Pts',(-0.1,4.05663107516009,-0.290248621272118));
#10803=CARTESIAN_POINT('Ctrl Pts',(-0.1,4.04789780687018,-0.300476776233728));
#10804=CARTESIAN_POINT('Ctrl Pts',(-0.1,4.73419588379326,-0.330725173669626));
#10805=CARTESIAN_POINT('Ctrl Pts',(0.02,4.73419588379326,-0.330725173669626));
#10806=CARTESIAN_POINT('Ctrl Pts',(-0.1,4.73399787112354,-0.319161624251131));
#10807=CARTESIAN_POINT('Ctrl Pts',(0.02,4.73399787112354,-0.319161624251131));
#10808=CARTESIAN_POINT('Ctrl Pts',(-0.1,4.73361214127662,-0.296635761873251));
#10809=CARTESIAN_POINT('Ctrl Pts',(0.02,4.73361214127662,-0.296635761873251));
#10810=CARTESIAN_POINT('Ctrl Pts',(-0.1,4.72966535046624,-0.263811959723901));
#10811=CARTESIAN_POINT('Ctrl Pts',(0.02,4.72966535046624,-0.263811959723901));
#10812=CARTESIAN_POINT('Ctrl Pts',(-0.1,4.72351825974357,-0.232841795224138));
#10813=CARTESIAN_POINT('Ctrl Pts',(0.02,4.72351825974357,-0.232841795224138));
#10814=CARTESIAN_POINT('Ctrl Pts',(-0.1,4.71495109728531,-0.20361173259757));
#10815=CARTESIAN_POINT('Ctrl Pts',(0.02,4.71495109728531,-0.20361173259757));
#10816=CARTESIAN_POINT('Ctrl Pts',(-0.1,4.70371699257608,-0.176294467117797));
#10817=CARTESIAN_POINT('Ctrl Pts',(0.02,4.70371699257608,-0.176294467117797));
#10818=CARTESIAN_POINT('Ctrl Pts',(-0.1,4.68999145330869,-0.150868985513783));
#10819=CARTESIAN_POINT('Ctrl Pts',(0.02,4.68999145330869,-0.150868985513783));
#10820=CARTESIAN_POINT('Ctrl Pts',(-0.1,4.6739083682269,-0.127218056173435));
#10821=CARTESIAN_POINT('Ctrl Pts',(0.02,4.6739083682269,-0.127218056173435));
#10822=CARTESIAN_POINT('Ctrl Pts',(-0.1,4.65527467031247,-0.105736837635509));
#10823=CARTESIAN_POINT('Ctrl Pts',(0.02,4.65527467031247,-0.105736837635509));
#10824=CARTESIAN_POINT('Ctrl Pts',(-0.1,4.63493286765114,-0.0863666613207587));
#10825=CARTESIAN_POINT('Ctrl Pts',(0.02,4.63493286765114,-0.0863666613207587));
#10826=CARTESIAN_POINT('Ctrl Pts',(-0.1,4.61322377907508,-0.0693915579953064));
#10827=CARTESIAN_POINT('Ctrl Pts',(0.02,4.61322377907508,-0.0693915579953064));
#10828=CARTESIAN_POINT('Ctrl Pts',(-0.1,4.59024014621678,-0.0551995544765867));
#10829=CARTESIAN_POINT('Ctrl Pts',(0.02,4.59024014621678,-0.0551995544765867));
#10830=CARTESIAN_POINT('Ctrl Pts',(-0.1,4.56629525192415,-0.0431159445821508));
#10831=CARTESIAN_POINT('Ctrl Pts',(0.02,4.56629525192415,-0.0431159445821508));
#10832=CARTESIAN_POINT('Ctrl Pts',(-0.1,4.54088315614201,-0.0341530851583078));
#10833=CARTESIAN_POINT('Ctrl Pts',(0.02,4.54088315614201,-0.0341530851583078));
#10834=CARTESIAN_POINT('Ctrl Pts',(-0.1,4.51434934118162,-0.0278502372649148));
#10835=CARTESIAN_POINT('Ctrl Pts',(0.02,4.51434934118162,-0.0278502372649148));
#10836=CARTESIAN_POINT('Ctrl Pts',(-0.1,4.48667113311172,-0.0235672693139297));
#10837=CARTESIAN_POINT('Ctrl Pts',(0.02,4.48667113311172,-0.0235672693139297));
#10838=CARTESIAN_POINT('Ctrl Pts',(-0.1,4.46778622844794,-0.0232133686302377));
#10839=CARTESIAN_POINT('Ctrl Pts',(0.02,4.46778622844794,-0.0232133686302377));
#10840=CARTESIAN_POINT('Ctrl Pts',(-0.1,4.45815421712659,-0.0230328659773177));
#10841=CARTESIAN_POINT('Ctrl Pts',(0.02,4.45815421712659,-0.0230328659773177));
#10842=CARTESIAN_POINT('',(-0.1,4.73419588379326,-0.330725173669626));
#10843=CARTESIAN_POINT('',(-0.1,4.73419588379326,-0.330725173669626));
#10844=CARTESIAN_POINT('Ctrl Pts',(-0.1,4.73419588379326,-0.330725173669626));
#10845=CARTESIAN_POINT('Ctrl Pts',(-0.1,4.73399787112354,-0.319161624251131));
#10846=CARTESIAN_POINT('Ctrl Pts',(-0.1,4.73361214127662,-0.296635761873251));
#10847=CARTESIAN_POINT('Ctrl Pts',(-0.1,4.72966535046624,-0.263811959723901));
#10848=CARTESIAN_POINT('Ctrl Pts',(-0.1,4.72351825974357,-0.232841795224138));
#10849=CARTESIAN_POINT('Ctrl Pts',(-0.1,4.71495109728531,-0.20361173259757));
#10850=CARTESIAN_POINT('Ctrl Pts',(-0.1,4.70371699257608,-0.176294467117797));
#10851=CARTESIAN_POINT('Ctrl Pts',(-0.1,4.68999145330869,-0.150868985513783));
#10852=CARTESIAN_POINT('Ctrl Pts',(-0.1,4.6739083682269,-0.127218056173435));
#10853=CARTESIAN_POINT('Ctrl Pts',(-0.1,4.65527467031247,-0.105736837635509));
#10854=CARTESIAN_POINT('Ctrl Pts',(-0.1,4.63493286765114,-0.0863666613207587));
#10855=CARTESIAN_POINT('Ctrl Pts',(-0.1,4.61322377907508,-0.0693915579953064));
#10856=CARTESIAN_POINT('Ctrl Pts',(-0.1,4.59024014621678,-0.0551995544765867));
#10857=CARTESIAN_POINT('Ctrl Pts',(-0.1,4.56629525192415,-0.0431159445821508));
#10858=CARTESIAN_POINT('Ctrl Pts',(-0.1,4.54088315614201,-0.0341530851583078));
#10859=CARTESIAN_POINT('Ctrl Pts',(-0.1,4.51434934118162,-0.0278502372649148));
#10860=CARTESIAN_POINT('Ctrl Pts',(-0.1,4.48667113311172,-0.0235672693139297));
#10861=CARTESIAN_POINT('Ctrl Pts',(-0.1,4.46778622844794,-0.0232133686302377));
#10862=CARTESIAN_POINT('Ctrl Pts',(-0.1,4.45815421712659,-0.0230328659773177));
#10863=CARTESIAN_POINT('Ctrl Pts',(-0.1,4.45214460174198,-0.651237994182446));
#10864=CARTESIAN_POINT('Ctrl Pts',(0.02,4.45214460174198,-0.651237994182446));
#10865=CARTESIAN_POINT('Ctrl Pts',(-0.1,4.46331799192837,-0.649926273591088));
#10866=CARTESIAN_POINT('Ctrl Pts',(0.02,4.46331799192837,-0.649926273591088));
#10867=CARTESIAN_POINT('Ctrl Pts',(-0.1,4.48505486080686,-0.647374434084555));
#10868=CARTESIAN_POINT('Ctrl Pts',(0.02,4.48505486080686,-0.647374434084555));
#10869=CARTESIAN_POINT('Ctrl Pts',(-0.1,4.51653705406516,-0.641018150010387));
#10870=CARTESIAN_POINT('Ctrl Pts',(0.02,4.51653705406516,-0.641018150010387));
#10871=CARTESIAN_POINT('Ctrl Pts',(-0.1,4.54582451806813,-0.632094502392815));
#10872=CARTESIAN_POINT('Ctrl Pts',(0.02,4.54582451806813,-0.632094502392815));
#10873=CARTESIAN_POINT('Ctrl Pts',(-0.1,4.57332558160893,-0.621416604881564));
#10874=CARTESIAN_POINT('Ctrl Pts',(0.02,4.57332558160893,-0.621416604881564));
#10875=CARTESIAN_POINT('Ctrl Pts',(-0.1,4.59857209376741,-0.60803085427808));
#10876=CARTESIAN_POINT('Ctrl Pts',(0.02,4.59857209376741,-0.60803085427808));
#10877=CARTESIAN_POINT('Ctrl Pts',(-0.1,4.62208625031356,-0.592899415421372));
#10878=CARTESIAN_POINT('Ctrl Pts',(0.02,4.62208625031356,-0.592899415421372));
#10879=CARTESIAN_POINT('Ctrl Pts',(-0.1,4.64312228079593,-0.575052581380272));
#10880=CARTESIAN_POINT('Ctrl Pts',(0.02,4.64312228079593,-0.575052581380272));
#10881=CARTESIAN_POINT('Ctrl Pts',(-0.1,4.66234327104926,-0.555336564771223));
#10882=CARTESIAN_POINT('Ctrl Pts',(0.02,4.66234327104926,-0.555336564771223));
#10883=CARTESIAN_POINT('Ctrl Pts',(-0.1,4.67928202103213,-0.533535355005708));
#10884=CARTESIAN_POINT('Ctrl Pts',(0.02,4.67928202103213,-0.533535355005708));
#10885=CARTESIAN_POINT('Ctrl Pts',(-0.1,4.69408037083476,-0.509853740723153));
#10886=CARTESIAN_POINT('Ctrl Pts',(0.02,4.69408037083476,-0.509853740723153));
#10887=CARTESIAN_POINT('Ctrl Pts',(-0.1,4.70645827676808,-0.484302554649601));
#10888=CARTESIAN_POINT('Ctrl Pts',(0.02,4.70645827676808,-0.484302554649601));
#10889=CARTESIAN_POINT('Ctrl Pts',(-0.1,4.7167066668237,-0.457024107924821));
#10890=CARTESIAN_POINT('Ctrl Pts',(0.02,4.7167066668237,-0.457024107924821));
#10891=CARTESIAN_POINT('Ctrl Pts',(-0.1,4.72448237828808,-0.427955775899169));
#10892=CARTESIAN_POINT('Ctrl Pts',(0.02,4.72448237828808,-0.427955775899169));
#10893=CARTESIAN_POINT('Ctrl Pts',(-0.1,4.73005829709078,-0.397138680726758));
#10894=CARTESIAN_POINT('Ctrl Pts',(0.02,4.73005829709078,-0.397138680726758));
#10895=CARTESIAN_POINT('Ctrl Pts',(-0.1,4.73349535719111,-0.364523262996982));
#10896=CARTESIAN_POINT('Ctrl Pts',(0.02,4.73349535719111,-0.364523262996982));
#10897=CARTESIAN_POINT('Ctrl Pts',(-0.1,4.73395904314379,-0.342151950900421));
#10898=CARTESIAN_POINT('Ctrl Pts',(0.02,4.73395904314379,-0.342151950900421));
#10899=CARTESIAN_POINT('Ctrl Pts',(-0.1,4.73419588379326,-0.330725173669626));
#10900=CARTESIAN_POINT('Ctrl Pts',(0.02,4.73419588379326,-0.330725173669626));
#10901=CARTESIAN_POINT('',(-0.1,4.45214460174198,-0.651237994182446));
#10902=CARTESIAN_POINT('',(-0.1,4.45214460174198,-0.651237994182446));
#10903=CARTESIAN_POINT('Ctrl Pts',(-0.1,4.45214460174198,-0.651237994182446));
#10904=CARTESIAN_POINT('Ctrl Pts',(-0.1,4.46331799192837,-0.649926273591088));
#10905=CARTESIAN_POINT('Ctrl Pts',(-0.1,4.48505486080686,-0.647374434084555));
#10906=CARTESIAN_POINT('Ctrl Pts',(-0.1,4.51653705406516,-0.641018150010387));
#10907=CARTESIAN_POINT('Ctrl Pts',(-0.1,4.54582451806813,-0.632094502392815));
#10908=CARTESIAN_POINT('Ctrl Pts',(-0.1,4.57332558160893,-0.621416604881564));
#10909=CARTESIAN_POINT('Ctrl Pts',(-0.1,4.59857209376741,-0.60803085427808));
#10910=CARTESIAN_POINT('Ctrl Pts',(-0.1,4.62208625031356,-0.592899415421372));
#10911=CARTESIAN_POINT('Ctrl Pts',(-0.1,4.64312228079593,-0.575052581380272));
#10912=CARTESIAN_POINT('Ctrl Pts',(-0.1,4.66234327104926,-0.555336564771223));
#10913=CARTESIAN_POINT('Ctrl Pts',(-0.1,4.67928202103213,-0.533535355005708));
#10914=CARTESIAN_POINT('Ctrl Pts',(-0.1,4.69408037083476,-0.509853740723153));
#10915=CARTESIAN_POINT('Ctrl Pts',(-0.1,4.70645827676808,-0.484302554649601));
#10916=CARTESIAN_POINT('Ctrl Pts',(-0.1,4.7167066668237,-0.457024107924821));
#10917=CARTESIAN_POINT('Ctrl Pts',(-0.1,4.72448237828808,-0.427955775899169));
#10918=CARTESIAN_POINT('Ctrl Pts',(-0.1,4.73005829709078,-0.397138680726758));
#10919=CARTESIAN_POINT('Ctrl Pts',(-0.1,4.73349535719111,-0.364523262996982));
#10920=CARTESIAN_POINT('Ctrl Pts',(-0.1,4.73395904314379,-0.342151950900421));
#10921=CARTESIAN_POINT('Ctrl Pts',(-0.1,4.73419588379326,-0.330725173669626));
#10922=CARTESIAN_POINT('Origin',(-0.1,4.43932408892146,-0.523032865977318));
#10923=CARTESIAN_POINT('',(-0.1,4.43932408892146,-0.523032865977318));
#10924=CARTESIAN_POINT('',(-0.1,4.43932408892146,-0.523032865977318));
#10925=CARTESIAN_POINT('',(-0.1,4.43932408892146,-0.523032865977318));
#10926=CARTESIAN_POINT('Ctrl Pts',(-0.1,4.61881126840864,-0.333529660849113));
#10927=CARTESIAN_POINT('Ctrl Pts',(0.02,4.61881126840864,-0.333529660849113));
#10928=CARTESIAN_POINT('Ctrl Pts',(-0.1,4.61865163321942,-0.340480667329536));
#10929=CARTESIAN_POINT('Ctrl Pts',(0.02,4.61865163321942,-0.340480667329536));
#10930=CARTESIAN_POINT('Ctrl Pts',(-0.1,4.61833921542295,-0.354084297823052));
#10931=CARTESIAN_POINT('Ctrl Pts',(0.02,4.61833921542295,-0.354084297823052));
#10932=CARTESIAN_POINT('Ctrl Pts',(-0.1,4.6160650714733,-0.373969162561352));
#10933=CARTESIAN_POINT('Ctrl Pts',(0.02,4.6160650714733,-0.373969162561352));
#10934=CARTESIAN_POINT('Ctrl Pts',(-0.1,4.61259048690533,-0.39284639478814));
#10935=CARTESIAN_POINT('Ctrl Pts',(0.02,4.61259048690533,-0.39284639478814));
#10936=CARTESIAN_POINT('Ctrl Pts',(-0.1,4.6072781444446,-0.410670937535734));
#10937=CARTESIAN_POINT('Ctrl Pts',(0.02,4.6072781444446,-0.410670937535734));
#10938=CARTESIAN_POINT('Ctrl Pts',(-0.1,4.60058589748166,-0.427421096053409));
#10939=CARTESIAN_POINT('Ctrl Pts',(0.02,4.60058589748166,-0.427421096053409));
#10940=CARTESIAN_POINT('Ctrl Pts',(-0.1,4.59216214086554,-0.443028650644872));
#10941=CARTESIAN_POINT('Ctrl Pts',(0.02,4.59216214086554,-0.443028650644872));
#10942=CARTESIAN_POINT('Ctrl Pts',(-0.1,4.5826532432487,-0.457743543220823));
#10943=CARTESIAN_POINT('Ctrl Pts',(0.02,4.5826532432487,-0.457743543220823));
#10944=CARTESIAN_POINT('Ctrl Pts',(-0.1,4.57139542578224,-0.471102345216663));
#10945=CARTESIAN_POINT('Ctrl Pts',(0.02,4.57139542578224,-0.471102345216663));
#10946=CARTESIAN_POINT('Ctrl Pts',(-0.1,4.5589128026334,-0.483182534656221));
#10947=CARTESIAN_POINT('Ctrl Pts',(0.02,4.5589128026334,-0.483182534656221));
#10948=CARTESIAN_POINT('Ctrl Pts',(-0.1,4.54532300186798,-0.493906930585639));
#10949=CARTESIAN_POINT('Ctrl Pts',(0.02,4.54532300186798,-0.493906930585639));
#10950=CARTESIAN_POINT('Ctrl Pts',(-0.1,4.53036376874548,-0.502693961691385));
#10951=CARTESIAN_POINT('Ctrl Pts',(0.02,4.53036376874548,-0.502693961691385));
#10952=CARTESIAN_POINT('Ctrl Pts',(-0.1,4.51436402312938,-0.509950654161277));
#10953=CARTESIAN_POINT('Ctrl Pts',(0.02,4.51436402312938,-0.509950654161277));
#10954=CARTESIAN_POINT('Ctrl Pts',(-0.1,4.49727346791807,-0.515785642438566));
#10955=CARTESIAN_POINT('Ctrl Pts',(0.02,4.49727346791807,-0.515785642438566));
#10956=CARTESIAN_POINT('Ctrl Pts',(-0.1,4.47896144925081,-0.520021645495694));
#10957=CARTESIAN_POINT('Ctrl Pts',(0.02,4.47896144925081,-0.520021645495694));
#10958=CARTESIAN_POINT('Ctrl Pts',(-0.1,4.45948084047865,-0.522331142749982));
#10959=CARTESIAN_POINT('Ctrl Pts',(0.02,4.45948084047865,-0.522331142749982));
#10960=CARTESIAN_POINT('Ctrl Pts',(-0.1,4.44614052501279,-0.522795563279045));
#10961=CARTESIAN_POINT('Ctrl Pts',(0.02,4.44614052501279,-0.522795563279045));
#10962=CARTESIAN_POINT('Ctrl Pts',(-0.1,4.43932408892146,-0.523032865977318));
#10963=CARTESIAN_POINT('Ctrl Pts',(0.02,4.43932408892146,-0.523032865977318));
#10964=CARTESIAN_POINT('',(-0.1,4.61881126840864,-0.333529660849113));
#10965=CARTESIAN_POINT('',(-0.1,4.61881126840864,-0.333529660849113));
#10966=CARTESIAN_POINT('Ctrl Pts',(-0.1,4.61881126840864,-0.333529660849113));
#10967=CARTESIAN_POINT('Ctrl Pts',(-0.1,4.61865163321942,-0.340480667329536));
#10968=CARTESIAN_POINT('Ctrl Pts',(-0.1,4.61833921542295,-0.354084297823052));
#10969=CARTESIAN_POINT('Ctrl Pts',(-0.1,4.6160650714733,-0.373969162561352));
#10970=CARTESIAN_POINT('Ctrl Pts',(-0.1,4.61259048690533,-0.39284639478814));
#10971=CARTESIAN_POINT('Ctrl Pts',(-0.1,4.6072781444446,-0.410670937535734));
#10972=CARTESIAN_POINT('Ctrl Pts',(-0.1,4.60058589748166,-0.427421096053409));
#10973=CARTESIAN_POINT('Ctrl Pts',(-0.1,4.59216214086554,-0.443028650644872));
#10974=CARTESIAN_POINT('Ctrl Pts',(-0.1,4.5826532432487,-0.457743543220823));
#10975=CARTESIAN_POINT('Ctrl Pts',(-0.1,4.57139542578224,-0.471102345216663));
#10976=CARTESIAN_POINT('Ctrl Pts',(-0.1,4.5589128026334,-0.483182534656221));
#10977=CARTESIAN_POINT('Ctrl Pts',(-0.1,4.54532300186798,-0.493906930585639));
#10978=CARTESIAN_POINT('Ctrl Pts',(-0.1,4.53036376874548,-0.502693961691385));
#10979=CARTESIAN_POINT('Ctrl Pts',(-0.1,4.51436402312938,-0.509950654161277));
#10980=CARTESIAN_POINT('Ctrl Pts',(-0.1,4.49727346791807,-0.515785642438566));
#10981=CARTESIAN_POINT('Ctrl Pts',(-0.1,4.47896144925081,-0.520021645495694));
#10982=CARTESIAN_POINT('Ctrl Pts',(-0.1,4.45948084047865,-0.522331142749982));
#10983=CARTESIAN_POINT('Ctrl Pts',(-0.1,4.44614052501279,-0.522795563279045));
#10984=CARTESIAN_POINT('Ctrl Pts',(-0.1,4.43932408892146,-0.523032865977318));
#10985=CARTESIAN_POINT('Ctrl Pts',(-0.1,4.45695229404967,-0.151237994182446));
#10986=CARTESIAN_POINT('Ctrl Pts',(0.0199999999999999,4.45695229404967,
-0.151237994182446));
#10987=CARTESIAN_POINT('Ctrl Pts',(-0.1,4.46257235918718,-0.151377194216598));
#10988=CARTESIAN_POINT('Ctrl Pts',(0.0199999999999999,4.46257235918718,
-0.151377194216598));
#10989=CARTESIAN_POINT('Ctrl Pts',(-0.1,4.47359862134062,-0.151650297113233));
#10990=CARTESIAN_POINT('Ctrl Pts',(0.0199999999999999,4.47359862134062,
-0.151650297113233));
#10991=CARTESIAN_POINT('Ctrl Pts',(-0.1,4.4897354870678,-0.154241483882134));
#10992=CARTESIAN_POINT('Ctrl Pts',(0.0199999999999999,4.4897354870678,-0.154241483882134));
#10993=CARTESIAN_POINT('Ctrl Pts',(-0.1,4.50527567430183,-0.157848623654942));
#10994=CARTESIAN_POINT('Ctrl Pts',(0.0199999999999999,4.50527567430183,
-0.157848623654942));
#10995=CARTESIAN_POINT('Ctrl Pts',(-0.1,4.51993942572213,-0.163680270805901));
#10996=CARTESIAN_POINT('Ctrl Pts',(0.0199999999999999,4.51993942572213,
-0.163680270805901));
#10997=CARTESIAN_POINT('Ctrl Pts',(-0.1,4.53416099187951,-0.170621686492483));
#10998=CARTESIAN_POINT('Ctrl Pts',(0.0199999999999999,4.53416099187951,
-0.170621686492483));
#10999=CARTESIAN_POINT('Ctrl Pts',(-0.1,4.54749098947647,-0.179525727537555));
#11000=CARTESIAN_POINT('Ctrl Pts',(0.0199999999999999,4.54749098947647,
-0.179525727537555));
#11001=CARTESIAN_POINT('Ctrl Pts',(-0.1,4.56026163604109,-0.189825872612822));
#11002=CARTESIAN_POINT('Ctrl Pts',(0.0199999999999999,4.56026163604109,
-0.189825872612822));
#11003=CARTESIAN_POINT('Ctrl Pts',(-0.1,4.57213622984851,-0.201618666976668));
#11004=CARTESIAN_POINT('Ctrl Pts',(0.0199999999999999,4.57213622984851,
-0.201618666976668));
#11005=CARTESIAN_POINT('Ctrl Pts',(-0.1,4.58327649463578,-0.214499160087632));
#11006=CARTESIAN_POINT('Ctrl Pts',(0.0199999999999999,4.58327649463578,
-0.214499160087632));
#11007=CARTESIAN_POINT('Ctrl Pts',(-0.1,4.59253676093039,-0.228891275574304));
#11008=CARTESIAN_POINT('Ctrl Pts',(0.0199999999999999,4.59253676093039,
-0.228891275574304));
#11009=CARTESIAN_POINT('Ctrl Pts',(-0.1,4.60087375978075,-0.243849743242505));
#11010=CARTESIAN_POINT('Ctrl Pts',(0.0199999999999999,4.60087375978075,
-0.243849743242505));
#11011=CARTESIAN_POINT('Ctrl Pts',(-0.1,4.6075771850697,-0.259890617653802));
#11012=CARTESIAN_POINT('Ctrl Pts',(0.0199999999999999,4.6075771850697,-0.259890617653802));
#11013=CARTESIAN_POINT('Ctrl Pts',(-0.1,4.61249962984495,-0.276987833221677));
#11014=CARTESIAN_POINT('Ctrl Pts',(0.0199999999999999,4.61249962984495,
-0.276987833221677));
#11015=CARTESIAN_POINT('Ctrl Pts',(-0.1,4.61607205705818,-0.295016930240227));
#11016=CARTESIAN_POINT('Ctrl Pts',(0.0199999999999999,4.61607205705818,
-0.295016930240227));
#11017=CARTESIAN_POINT('Ctrl Pts',(-0.1,4.618337167358,-0.313975047838113));
#11018=CARTESIAN_POINT('Ctrl Pts',(0.0199999999999999,4.618337167358,-0.313975047838113));
#11019=CARTESIAN_POINT('Ctrl Pts',(-0.1,4.61865083868973,-0.326912630440852));
#11020=CARTESIAN_POINT('Ctrl Pts',(0.0199999999999999,4.61865083868973,
-0.326912630440852));
#11021=CARTESIAN_POINT('Ctrl Pts',(-0.1,4.61881126840864,-0.333529660849113));
#11022=CARTESIAN_POINT('Ctrl Pts',(0.0199999999999999,4.61881126840864,
-0.333529660849113));
#11023=CARTESIAN_POINT('',(-0.1,4.45695229404967,-0.151237994182446));
#11024=CARTESIAN_POINT('',(-0.1,4.45695229404967,-0.151237994182446));
#11025=CARTESIAN_POINT('Ctrl Pts',(-0.1,4.45695229404967,-0.151237994182446));
#11026=CARTESIAN_POINT('Ctrl Pts',(-0.1,4.46257235918718,-0.151377194216598));
#11027=CARTESIAN_POINT('Ctrl Pts',(-0.1,4.47359862134062,-0.151650297113233));
#11028=CARTESIAN_POINT('Ctrl Pts',(-0.1,4.4897354870678,-0.154241483882134));
#11029=CARTESIAN_POINT('Ctrl Pts',(-0.1,4.50527567430183,-0.157848623654942));
#11030=CARTESIAN_POINT('Ctrl Pts',(-0.1,4.51993942572213,-0.163680270805901));
#11031=CARTESIAN_POINT('Ctrl Pts',(-0.1,4.53416099187951,-0.170621686492483));
#11032=CARTESIAN_POINT('Ctrl Pts',(-0.1,4.54749098947647,-0.179525727537555));
#11033=CARTESIAN_POINT('Ctrl Pts',(-0.1,4.56026163604109,-0.189825872612822));
#11034=CARTESIAN_POINT('Ctrl Pts',(-0.1,4.57213622984851,-0.201618666976668));
#11035=CARTESIAN_POINT('Ctrl Pts',(-0.1,4.58327649463578,-0.214499160087632));
#11036=CARTESIAN_POINT('Ctrl Pts',(-0.1,4.59253676093039,-0.228891275574304));
#11037=CARTESIAN_POINT('Ctrl Pts',(-0.1,4.60087375978075,-0.243849743242505));
#11038=CARTESIAN_POINT('Ctrl Pts',(-0.1,4.6075771850697,-0.259890617653802));
#11039=CARTESIAN_POINT('Ctrl Pts',(-0.1,4.61249962984495,-0.276987833221677));
#11040=CARTESIAN_POINT('Ctrl Pts',(-0.1,4.61607205705818,-0.295016930240227));
#11041=CARTESIAN_POINT('Ctrl Pts',(-0.1,4.618337167358,-0.313975047838113));
#11042=CARTESIAN_POINT('Ctrl Pts',(-0.1,4.61865083868973,-0.326912630440852));
#11043=CARTESIAN_POINT('Ctrl Pts',(-0.1,4.61881126840864,-0.333529660849113));
#11044=CARTESIAN_POINT('Ctrl Pts',(-0.1,4.10819428122915,-0.420068122387575));
#11045=CARTESIAN_POINT('Ctrl Pts',(0.0199999999999998,4.10819428122915,
-0.420068122387575));
#11046=CARTESIAN_POINT('Ctrl Pts',(-0.1,4.11902431535803,-0.407201016515984));
#11047=CARTESIAN_POINT('Ctrl Pts',(0.0199999999999998,4.11902431535803,
-0.407201016515984));
#11048=CARTESIAN_POINT('Ctrl Pts',(-0.1,4.13987823303477,-0.382424587984823));
#11049=CARTESIAN_POINT('Ctrl Pts',(0.0199999999999998,4.13987823303477,
-0.382424587984823));
#11050=CARTESIAN_POINT('Ctrl Pts',(-0.1,4.17082351411332,-0.347436388320022));
#11051=CARTESIAN_POINT('Ctrl Pts',(0.0199999999999998,4.17082351411332,
-0.347436388320022));
#11052=CARTESIAN_POINT('Ctrl Pts',(-0.1,4.19955796039341,-0.315480363085431));
#11053=CARTESIAN_POINT('Ctrl Pts',(0.0199999999999998,4.19955796039341,
-0.315480363085431));
#11054=CARTESIAN_POINT('Ctrl Pts',(-0.1,4.22658520180459,-0.287065375727705));
#11055=CARTESIAN_POINT('Ctrl Pts',(0.0199999999999998,4.22658520180459,
-0.287065375727705));
#11056=CARTESIAN_POINT('Ctrl Pts',(-0.1,4.25164309157786,-0.261959021463542));
#11057=CARTESIAN_POINT('Ctrl Pts',(0.0199999999999998,4.25164309157786,
-0.261959021463542));
#11058=CARTESIAN_POINT('Ctrl Pts',(-0.1,4.27467485777794,-0.240102350133404));
#11059=CARTESIAN_POINT('Ctrl Pts',(0.0199999999999998,4.27467485777794,
-0.240102350133404));
#11060=CARTESIAN_POINT('Ctrl Pts',(-0.1,4.295608622946,-0.22130730019063));
#11061=CARTESIAN_POINT('Ctrl Pts',(0.0199999999999998,4.295608622946,-0.22130730019063));
#11062=CARTESIAN_POINT('Ctrl Pts',(-0.1,4.31520210067594,-0.205803322354299));
#11063=CARTESIAN_POINT('Ctrl Pts',(0.0199999999999998,4.31520210067594,
-0.205803322354299));
#11064=CARTESIAN_POINT('Ctrl Pts',(-0.1,4.33370379361586,-0.192722140527333));
#11065=CARTESIAN_POINT('Ctrl Pts',(0.0199999999999998,4.33370379361586,
-0.192722140527333));
#11066=CARTESIAN_POINT('Ctrl Pts',(-0.1,4.35175105252616,-0.181636994289601));
#11067=CARTESIAN_POINT('Ctrl Pts',(0.0199999999999998,4.35175105252616,
-0.181636994289601));
#11068=CARTESIAN_POINT('Ctrl Pts',(-0.1,4.36965912349561,-0.172398995684474));
#11069=CARTESIAN_POINT('Ctrl Pts',(0.0199999999999998,4.36965912349561,
-0.172398995684474));
#11070=CARTESIAN_POINT('Ctrl Pts',(-0.1,4.38737134047226,-0.164704978914289));
#11071=CARTESIAN_POINT('Ctrl Pts',(0.0199999999999998,4.38737134047226,
-0.164704978914289));
#11072=CARTESIAN_POINT('Ctrl Pts',(-0.1,4.4049634488065,-0.158619665395761));
#11073=CARTESIAN_POINT('Ctrl Pts',(0.0199999999999998,4.4049634488065,-0.158619665395761));
#11074=CARTESIAN_POINT('Ctrl Pts',(-0.1,4.4224867023394,-0.154471658582561));
#11075=CARTESIAN_POINT('Ctrl Pts',(0.0199999999999998,4.4224867023394,-0.154471658582561));
#11076=CARTESIAN_POINT('Ctrl Pts',(-0.1,4.43976722780295,-0.151658623866475));
#11077=CARTESIAN_POINT('Ctrl Pts',(0.0199999999999998,4.43976722780295,
-0.151658623866475));
#11078=CARTESIAN_POINT('Ctrl Pts',(-0.1,4.45126588120039,-0.151377177471338));
#11079=CARTESIAN_POINT('Ctrl Pts',(0.0199999999999998,4.45126588120039,
-0.151377177471338));
#11080=CARTESIAN_POINT('Ctrl Pts',(-0.1,4.45695229404967,-0.151237994182446));
#11081=CARTESIAN_POINT('Ctrl Pts',(0.0199999999999998,4.45695229404967,
-0.151237994182446));
#11082=CARTESIAN_POINT('',(-0.1,4.10819428122916,-0.420068122387575));
#11083=CARTESIAN_POINT('',(-0.1,4.10819428122916,-0.420068122387575));
#11084=CARTESIAN_POINT('Ctrl Pts',(-0.1,4.10819428122916,-0.420068122387575));
#11085=CARTESIAN_POINT('Ctrl Pts',(-0.1,4.11902431535803,-0.407201016515984));
#11086=CARTESIAN_POINT('Ctrl Pts',(-0.1,4.13987823303477,-0.382424587984823));
#11087=CARTESIAN_POINT('Ctrl Pts',(-0.1,4.17082351411332,-0.347436388320022));
#11088=CARTESIAN_POINT('Ctrl Pts',(-0.1,4.19955796039341,-0.315480363085431));
#11089=CARTESIAN_POINT('Ctrl Pts',(-0.1,4.22658520180459,-0.287065375727705));
#11090=CARTESIAN_POINT('Ctrl Pts',(-0.1,4.25164309157786,-0.261959021463542));
#11091=CARTESIAN_POINT('Ctrl Pts',(-0.1,4.27467485777794,-0.240102350133404));
#11092=CARTESIAN_POINT('Ctrl Pts',(-0.1,4.295608622946,-0.22130730019063));
#11093=CARTESIAN_POINT('Ctrl Pts',(-0.1,4.31520210067594,-0.205803322354299));
#11094=CARTESIAN_POINT('Ctrl Pts',(-0.1,4.33370379361586,-0.192722140527333));
#11095=CARTESIAN_POINT('Ctrl Pts',(-0.1,4.35175105252616,-0.181636994289601));
#11096=CARTESIAN_POINT('Ctrl Pts',(-0.1,4.36965912349561,-0.172398995684474));
#11097=CARTESIAN_POINT('Ctrl Pts',(-0.1,4.38737134047226,-0.164704978914289));
#11098=CARTESIAN_POINT('Ctrl Pts',(-0.1,4.4049634488065,-0.158619665395761));
#11099=CARTESIAN_POINT('Ctrl Pts',(-0.1,4.4224867023394,-0.154471658582561));
#11100=CARTESIAN_POINT('Ctrl Pts',(-0.1,4.43976722780295,-0.151658623866475));
#11101=CARTESIAN_POINT('Ctrl Pts',(-0.1,4.45126588120039,-0.151377177471338));
#11102=CARTESIAN_POINT('Ctrl Pts',(-0.1,4.45695229404967,-0.151237994182446));
#11103=CARTESIAN_POINT('Ctrl Pts',(-0.1,3.82313819148556,-0.650637032643985));
#11104=CARTESIAN_POINT('Ctrl Pts',(0.02,3.82313819148556,-0.650637032643985));
#11105=CARTESIAN_POINT('Ctrl Pts',(-0.1,3.83485404557301,-0.64639445686776));
#11106=CARTESIAN_POINT('Ctrl Pts',(0.02,3.83485404557301,-0.64639445686776));
#11107=CARTESIAN_POINT('Ctrl Pts',(-0.1,3.8587094540586,-0.637755873848757));
#11108=CARTESIAN_POINT('Ctrl Pts',(0.02,3.8587094540586,-0.637755873848757));
#11109=CARTESIAN_POINT('Ctrl Pts',(-0.1,3.89312947710492,-0.620254014164424));
#11110=CARTESIAN_POINT('Ctrl Pts',(0.02,3.89312947710492,-0.620254014164424));
#11111=CARTESIAN_POINT('Ctrl Pts',(-0.1,3.92734133466242,-0.599667691214348));
#11112=CARTESIAN_POINT('Ctrl Pts',(0.02,3.92734133466242,-0.599667691214348));
#11113=CARTESIAN_POINT('Ctrl Pts',(-0.1,3.95519461692836,-0.579624008046722));
#11114=CARTESIAN_POINT('Ctrl Pts',(0.02,3.95519461692836,-0.579624008046722));
#11115=CARTESIAN_POINT('Ctrl Pts',(-0.1,3.97744744221932,-0.561268322489169));
#11116=CARTESIAN_POINT('Ctrl Pts',(0.02,3.97744744221932,-0.561268322489169));
#11117=CARTESIAN_POINT('Ctrl Pts',(-0.1,3.99485770265054,-0.545874687519113));
#11118=CARTESIAN_POINT('Ctrl Pts',(0.02,3.99485770265054,-0.545874687519113));
#11119=CARTESIAN_POINT('Ctrl Pts',(-0.1,4.01267915587322,-0.528815718102008));
#11120=CARTESIAN_POINT('Ctrl Pts',(0.02,4.01267915587322,-0.528815718102008));
#11121=CARTESIAN_POINT('Ctrl Pts',(-0.1,4.03090854651736,-0.510105075753959));
#11122=CARTESIAN_POINT('Ctrl Pts',(0.02,4.03090854651736,-0.510105075753959));
#11123=CARTESIAN_POINT('Ctrl Pts',(-0.1,4.04966393896173,-0.489922839190329));
#11124=CARTESIAN_POINT('Ctrl Pts',(0.02,4.04966393896173,-0.489922839190329));
#11125=CARTESIAN_POINT('Ctrl Pts',(-0.1,4.06900788173094,-0.468241469847029));
#11126=CARTESIAN_POINT('Ctrl Pts',(0.02,4.06900788173094,-0.468241469847029));
#11127=CARTESIAN_POINT('Ctrl Pts',(-0.1,4.08857987927464,-0.444804944811846));
#11128=CARTESIAN_POINT('Ctrl Pts',(0.02,4.08857987927464,-0.444804944811846));
#11129=CARTESIAN_POINT('Ctrl Pts',(-0.1,4.10155301357485,-0.428443797517384));
#11130=CARTESIAN_POINT('Ctrl Pts',(0.02,4.10155301357485,-0.428443797517384));
#11131=CARTESIAN_POINT('Ctrl Pts',(-0.1,4.10819428122916,-0.420068122387575));
#11132=CARTESIAN_POINT('Ctrl Pts',(0.02,4.10819428122916,-0.420068122387575));
#11133=CARTESIAN_POINT('',(-0.1,3.82313819148556,-0.650637032643985));
#11134=CARTESIAN_POINT('',(-0.1,3.82313819148556,-0.650637032643985));
#11135=CARTESIAN_POINT('Ctrl Pts',(-0.1,3.82313819148556,-0.650637032643985));
#11136=CARTESIAN_POINT('Ctrl Pts',(-0.1,3.83485404557301,-0.64639445686776));
#11137=CARTESIAN_POINT('Ctrl Pts',(-0.1,3.8587094540586,-0.637755873848757));
#11138=CARTESIAN_POINT('Ctrl Pts',(-0.1,3.89312947710492,-0.620254014164424));
#11139=CARTESIAN_POINT('Ctrl Pts',(-0.1,3.92734133466242,-0.599667691214348));
#11140=CARTESIAN_POINT('Ctrl Pts',(-0.1,3.95519461692836,-0.579624008046722));
#11141=CARTESIAN_POINT('Ctrl Pts',(-0.1,3.97744744221932,-0.561268322489169));
#11142=CARTESIAN_POINT('Ctrl Pts',(-0.1,3.99485770265054,-0.545874687519113));
#11143=CARTESIAN_POINT('Ctrl Pts',(-0.1,4.01267915587322,-0.528815718102008));
#11144=CARTESIAN_POINT('Ctrl Pts',(-0.1,4.03090854651736,-0.510105075753959));
#11145=CARTESIAN_POINT('Ctrl Pts',(-0.1,4.04966393896173,-0.489922839190329));
#11146=CARTESIAN_POINT('Ctrl Pts',(-0.1,4.06900788173094,-0.468241469847029));
#11147=CARTESIAN_POINT('Ctrl Pts',(-0.1,4.08857987927464,-0.444804944811846));
#11148=CARTESIAN_POINT('Ctrl Pts',(-0.1,4.10155301357485,-0.428443797517384));
#11149=CARTESIAN_POINT('Ctrl Pts',(-0.1,4.10819428122916,-0.420068122387575));
#11150=CARTESIAN_POINT('Ctrl Pts',(-0.1,3.73419588379326,-0.664058507002959));
#11151=CARTESIAN_POINT('Ctrl Pts',(0.02,3.73419588379326,-0.664058507002959));
#11152=CARTESIAN_POINT('Ctrl Pts',(-0.1,3.7418154749873,-0.664071892950868));
#11153=CARTESIAN_POINT('Ctrl Pts',(0.02,3.7418154749873,-0.664071892950868));
#11154=CARTESIAN_POINT('Ctrl Pts',(-0.1,3.75702911825036,-0.664098619980052));
#11155=CARTESIAN_POINT('Ctrl Pts',(0.02,3.75702911825036,-0.664098619980052));
#11156=CARTESIAN_POINT('Ctrl Pts',(-0.1,3.7795291315547,-0.661524226474718));
#11157=CARTESIAN_POINT('Ctrl Pts',(0.02,3.7795291315547,-0.661524226474718));
#11158=CARTESIAN_POINT('Ctrl Pts',(-0.1,3.80173066326569,-0.657492210824449));
#11159=CARTESIAN_POINT('Ctrl Pts',(0.02,3.80173066326569,-0.657492210824449));
#11160=CARTESIAN_POINT('Ctrl Pts',(-0.1,3.81596762259524,-0.652933212141852));
#11161=CARTESIAN_POINT('Ctrl Pts',(0.02,3.81596762259524,-0.652933212141852));
#11162=CARTESIAN_POINT('Ctrl Pts',(-0.1,3.82313819148556,-0.650637032643985));
#11163=CARTESIAN_POINT('Ctrl Pts',(0.02,3.82313819148556,-0.650637032643985));
#11164=CARTESIAN_POINT('',(-0.1,3.73419588379326,-0.664058507002959));
#11165=CARTESIAN_POINT('',(-0.1,3.73419588379326,-0.664058507002959));
#11166=CARTESIAN_POINT('Ctrl Pts',(-0.1,3.73419588379326,-0.664058507002959));
#11167=CARTESIAN_POINT('Ctrl Pts',(-0.1,3.7418154749873,-0.664071892950868));
#11168=CARTESIAN_POINT('Ctrl Pts',(-0.1,3.75702911825036,-0.664098619980052));
#11169=CARTESIAN_POINT('Ctrl Pts',(-0.1,3.7795291315547,-0.661524226474718));
#11170=CARTESIAN_POINT('Ctrl Pts',(-0.1,3.80173066326569,-0.657492210824449));
#11171=CARTESIAN_POINT('Ctrl Pts',(-0.1,3.81596762259524,-0.652933212141852));
#11172=CARTESIAN_POINT('Ctrl Pts',(-0.1,3.82313819148556,-0.650637032643985));
#11173=CARTESIAN_POINT('Origin',(-0.1,3.73419588379326,-0.0102123531568049));
#11174=CARTESIAN_POINT('',(-0.1,3.73419588379326,-0.0102123531568049));
#11175=CARTESIAN_POINT('',(-0.1,3.73419588379326,-0.0102123531568049));
#11176=CARTESIAN_POINT('',(-0.1,3.73419588379326,-0.0102123531568049));
#11177=CARTESIAN_POINT('Origin',(-0.1,3.86240101199839,-0.0102123531568049));
#11178=CARTESIAN_POINT('',(-0.1,3.86240101199839,-0.0102123531568049));
#11179=CARTESIAN_POINT('Origin',(-0.1,3.77927110346598,-0.661312715835826));
#11180=CARTESIAN_POINT('Ctrl Pts',(-0.1,3.72137537097274,0.441510403253451));
#11181=CARTESIAN_POINT('Ctrl Pts',(0.02,3.72137537097274,0.441510403253451));
#11182=CARTESIAN_POINT('Ctrl Pts',(-0.1,3.72159366470271,0.430748979334339));
#11183=CARTESIAN_POINT('Ctrl Pts',(0.02,3.72159366470271,0.430748979334339));
#11184=CARTESIAN_POINT('Ctrl Pts',(-0.1,3.7220206910567,0.409697474004552));
#11185=CARTESIAN_POINT('Ctrl Pts',(0.02,3.7220206910567,0.409697474004552));
#11186=CARTESIAN_POINT('Ctrl Pts',(-0.1,3.72573305591845,0.378874324658002));
#11187=CARTESIAN_POINT('Ctrl Pts',(0.02,3.72573305591845,0.378874324658002));
#11188=CARTESIAN_POINT('Ctrl Pts',(-0.1,3.73165296884812,0.349557864750823));
#11189=CARTESIAN_POINT('Ctrl Pts',(0.02,3.73165296884812,0.349557864750823));
#11190=CARTESIAN_POINT('Ctrl Pts',(-0.1,3.74014395658665,0.321738909915664));
#11191=CARTESIAN_POINT('Ctrl Pts',(0.02,3.74014395658665,0.321738909915664));
#11192=CARTESIAN_POINT('Ctrl Pts',(-0.1,3.75087311421581,0.295333649106582));
#11193=CARTESIAN_POINT('Ctrl Pts',(0.02,3.75087311421581,0.295333649106582));
#11194=CARTESIAN_POINT('Ctrl Pts',(-0.1,3.76450282338709,0.270649009096019));
#11195=CARTESIAN_POINT('Ctrl Pts',(0.02,3.76450282338709,0.270649009096019));
#11196=CARTESIAN_POINT('Ctrl Pts',(-0.1,3.78009436175937,0.247256614555649));
#11197=CARTESIAN_POINT('Ctrl Pts',(0.02,3.78009436175937,0.247256614555649));
#11198=CARTESIAN_POINT('Ctrl Pts',(-0.1,3.79812810175583,0.225671020206284));
#11199=CARTESIAN_POINT('Ctrl Pts',(0.02,3.79812810175583,0.225671020206284));
#11200=CARTESIAN_POINT('Ctrl Pts',(-0.1,3.81824265486318,0.206003733273465));
#11201=CARTESIAN_POINT('Ctrl Pts',(0.02,3.81824265486318,0.206003733273465));
#11202=CARTESIAN_POINT('Ctrl Pts',(-0.1,3.84001183705224,0.188381444757144));
#11203=CARTESIAN_POINT('Ctrl Pts',(0.02,3.84001183705224,0.188381444757144));
#11204=CARTESIAN_POINT('Ctrl Pts',(-0.1,3.86344984341827,0.173042632233152));
#11205=CARTESIAN_POINT('Ctrl Pts',(0.02,3.86344984341827,0.173042632233152));
#11206=CARTESIAN_POINT('Ctrl Pts',(-0.1,3.88841642612759,0.159994698956894));
#11207=CARTESIAN_POINT('Ctrl Pts',(0.02,3.88841642612759,0.159994698956894));
#11208=CARTESIAN_POINT('Ctrl Pts',(-0.1,3.91488764153352,0.149119849088342));
#11209=CARTESIAN_POINT('Ctrl Pts',(0.02,3.91488764153352,0.149119849088342));
#11210=CARTESIAN_POINT('Ctrl Pts',(-0.1,3.94304416578845,0.140800158977057));
#11211=CARTESIAN_POINT('Ctrl Pts',(0.02,3.94304416578845,0.140800158977057));
#11212=CARTESIAN_POINT('Ctrl Pts',(-0.1,3.97260974002259,0.134210272059309));
#11213=CARTESIAN_POINT('Ctrl Pts',(0.02,3.97260974002259,0.134210272059309));
#11214=CARTESIAN_POINT('Ctrl Pts',(-0.1,3.99304664101701,0.131957488674514));
#11215=CARTESIAN_POINT('Ctrl Pts',(0.02,3.99304664101701,0.131957488674514));
#11216=CARTESIAN_POINT('Ctrl Pts',(-0.1,4.00342665302403,0.130813287868836));
#11217=CARTESIAN_POINT('Ctrl Pts',(0.02,4.00342665302403,0.130813287868836));
#11218=CARTESIAN_POINT('',(-0.1,3.72137537097274,0.441510403253451));
#11219=CARTESIAN_POINT('',(-0.1,3.72137537097274,0.441510403253451));
#11220=CARTESIAN_POINT('',(-0.1,4.00342665302403,0.130813287868836));
#11221=CARTESIAN_POINT('Ctrl Pts',(-0.1,3.72137537097274,0.441510403253451));
#11222=CARTESIAN_POINT('Ctrl Pts',(-0.1,3.72159366470271,0.430748979334339));
#11223=CARTESIAN_POINT('Ctrl Pts',(-0.1,3.7220206910567,0.409697474004552));
#11224=CARTESIAN_POINT('Ctrl Pts',(-0.1,3.72573305591845,0.378874324658002));
#11225=CARTESIAN_POINT('Ctrl Pts',(-0.1,3.73165296884812,0.349557864750823));
#11226=CARTESIAN_POINT('Ctrl Pts',(-0.1,3.74014395658665,0.321738909915664));
#11227=CARTESIAN_POINT('Ctrl Pts',(-0.1,3.75087311421581,0.295333649106582));
#11228=CARTESIAN_POINT('Ctrl Pts',(-0.1,3.76450282338709,0.270649009096019));
#11229=CARTESIAN_POINT('Ctrl Pts',(-0.1,3.78009436175937,0.247256614555649));
#11230=CARTESIAN_POINT('Ctrl Pts',(-0.1,3.79812810175583,0.225671020206284));
#11231=CARTESIAN_POINT('Ctrl Pts',(-0.1,3.81824265486318,0.206003733273465));
#11232=CARTESIAN_POINT('Ctrl Pts',(-0.1,3.84001183705224,0.188381444757144));
#11233=CARTESIAN_POINT('Ctrl Pts',(-0.1,3.86344984341827,0.173042632233152));
#11234=CARTESIAN_POINT('Ctrl Pts',(-0.1,3.88841642612759,0.159994698956894));
#11235=CARTESIAN_POINT('Ctrl Pts',(-0.1,3.91488764153352,0.149119849088342));
#11236=CARTESIAN_POINT('Ctrl Pts',(-0.1,3.94304416578845,0.140800158977057));
#11237=CARTESIAN_POINT('Ctrl Pts',(-0.1,3.97260974002259,0.134210272059309));
#11238=CARTESIAN_POINT('Ctrl Pts',(-0.1,3.99304664101701,0.131957488674514));
#11239=CARTESIAN_POINT('Ctrl Pts',(-0.1,4.00342665302403,0.130813287868836));
#11240=CARTESIAN_POINT('',(-0.1,4.00342665302403,0.130813287868836));
#11241=CARTESIAN_POINT('Ctrl Pts',(-0.1,3.84276960174198,0.695316492997041));
#11242=CARTESIAN_POINT('Ctrl Pts',(0.02,3.84276960174198,0.695316492997041));
#11243=CARTESIAN_POINT('Ctrl Pts',(-0.1,3.83308410640115,0.687461180549002));
#11244=CARTESIAN_POINT('Ctrl Pts',(0.02,3.83308410640115,0.687461180549002));
#11245=CARTESIAN_POINT('Ctrl Pts',(-0.1,3.81403169719586,0.67200893758888));
#11246=CARTESIAN_POINT('Ctrl Pts',(0.02,3.81403169719586,0.67200893758888));
#11247=CARTESIAN_POINT('Ctrl Pts',(-0.1,3.78930281038267,0.645253547578385));
#11248=CARTESIAN_POINT('Ctrl Pts',(0.02,3.78930281038267,0.645253547578385));
#11249=CARTESIAN_POINT('Ctrl Pts',(-0.1,3.76828665988906,0.61649112398041));
#11250=CARTESIAN_POINT('Ctrl Pts',(0.02,3.76828665988906,0.61649112398041));
#11251=CARTESIAN_POINT('Ctrl Pts',(-0.1,3.75121256068059,0.585550498118607));
#11252=CARTESIAN_POINT('Ctrl Pts',(0.02,3.75121256068059,0.585550498118607));
#11253=CARTESIAN_POINT('Ctrl Pts',(-0.1,3.73749207614426,0.552639384427802));
#11254=CARTESIAN_POINT('Ctrl Pts',(0.02,3.73749207614426,0.552639384427802));
#11255=CARTESIAN_POINT('Ctrl Pts',(-0.1,3.72836160888404,0.5173534788981));
#11256=CARTESIAN_POINT('Ctrl Pts',(0.02,3.72836160888404,0.5173534788981));
#11257=CARTESIAN_POINT('Ctrl Pts',(-0.1,3.72223013845642,0.480119150993791));
#11258=CARTESIAN_POINT('Ctrl Pts',(0.02,3.72223013845642,0.480119150993791));
#11259=CARTESIAN_POINT('Ctrl Pts',(-0.1,3.7216642138056,0.454557062471893));
#11260=CARTESIAN_POINT('Ctrl Pts',(0.02,3.7216642138056,0.454557062471893));
#11261=CARTESIAN_POINT('Ctrl Pts',(-0.1,3.72137537097274,0.441510403253451));
#11262=CARTESIAN_POINT('Ctrl Pts',(0.02,3.72137537097274,0.441510403253451));
#11263=CARTESIAN_POINT('',(-0.1,3.84276960174198,0.695316492997041));
#11264=CARTESIAN_POINT('',(-0.1,3.84276960174198,0.695316492997041));
#11265=CARTESIAN_POINT('Ctrl Pts',(-0.1,3.84276960174198,0.695316492997041));
#11266=CARTESIAN_POINT('Ctrl Pts',(-0.1,3.83308410640115,0.687461180549002));
#11267=CARTESIAN_POINT('Ctrl Pts',(-0.1,3.81403169719586,0.67200893758888));
#11268=CARTESIAN_POINT('Ctrl Pts',(-0.1,3.78930281038267,0.645253547578385));
#11269=CARTESIAN_POINT('Ctrl Pts',(-0.1,3.76828665988906,0.61649112398041));
#11270=CARTESIAN_POINT('Ctrl Pts',(-0.1,3.75121256068059,0.585550498118607));
#11271=CARTESIAN_POINT('Ctrl Pts',(-0.1,3.73749207614426,0.552639384427802));
#11272=CARTESIAN_POINT('Ctrl Pts',(-0.1,3.72836160888404,0.5173534788981));
#11273=CARTESIAN_POINT('Ctrl Pts',(-0.1,3.72223013845642,0.480119150993791));
#11274=CARTESIAN_POINT('Ctrl Pts',(-0.1,3.7216642138056,0.454557062471893));
#11275=CARTESIAN_POINT('Ctrl Pts',(-0.1,3.72137537097274,0.441510403253451));
#11276=CARTESIAN_POINT('Ctrl Pts',(-0.1,4.07714460174198,0.771838928894477));
#11277=CARTESIAN_POINT('Ctrl Pts',(0.02,4.07714460174198,0.771838928894477));
#11278=CARTESIAN_POINT('Ctrl Pts',(-0.1,4.06605074259542,0.771611929387957));
#11279=CARTESIAN_POINT('Ctrl Pts',(0.02,4.06605074259542,0.771611929387957));
#11280=CARTESIAN_POINT('Ctrl Pts',(-0.1,4.04413720521675,0.77116354058967));
#11281=CARTESIAN_POINT('Ctrl Pts',(0.02,4.04413720521675,0.77116354058967));
#11282=CARTESIAN_POINT('Ctrl Pts',(-0.1,4.01184355688581,0.767488901650064));
#11283=CARTESIAN_POINT('Ctrl Pts',(0.02,4.01184355688581,0.767488901650064));
#11284=CARTESIAN_POINT('Ctrl Pts',(-0.1,3.98072608486694,0.761435807308628));
#11285=CARTESIAN_POINT('Ctrl Pts',(0.02,3.98072608486694,0.761435807308628));
#11286=CARTESIAN_POINT('Ctrl Pts',(-0.1,3.9506926407553,0.75333238426214));
#11287=CARTESIAN_POINT('Ctrl Pts',(0.02,3.9506926407553,0.75333238426214));
#11288=CARTESIAN_POINT('Ctrl Pts',(-0.1,3.92191379128022,0.742383572253253));
#11289=CARTESIAN_POINT('Ctrl Pts',(0.02,3.92191379128022,0.742383572253253));
#11290=CARTESIAN_POINT('Ctrl Pts',(-0.1,3.89429657842415,0.729103688095488));
#11291=CARTESIAN_POINT('Ctrl Pts',(0.02,3.89429657842415,0.729103688095488));
#11292=CARTESIAN_POINT('Ctrl Pts',(-0.1,3.86755282592288,0.713784596845248));
#11293=CARTESIAN_POINT('Ctrl Pts',(0.02,3.86755282592288,0.713784596845248));
#11294=CARTESIAN_POINT('Ctrl Pts',(-0.1,3.85106684601412,0.701499480640355));
#11295=CARTESIAN_POINT('Ctrl Pts',(0.02,3.85106684601412,0.701499480640355));
#11296=CARTESIAN_POINT('Ctrl Pts',(-0.1,3.84276960174198,0.695316492997041));
#11297=CARTESIAN_POINT('Ctrl Pts',(0.02,3.84276960174198,0.695316492997041));
#11298=CARTESIAN_POINT('',(-0.1,4.07714460174198,0.771838928894478));
#11299=CARTESIAN_POINT('',(-0.1,4.07714460174198,0.771838928894478));
#11300=CARTESIAN_POINT('Ctrl Pts',(-0.1,4.07714460174198,0.771838928894478));
#11301=CARTESIAN_POINT('Ctrl Pts',(-0.1,4.06605074259542,0.771611929387957));
#11302=CARTESIAN_POINT('Ctrl Pts',(-0.1,4.04413720521675,0.77116354058967));
#11303=CARTESIAN_POINT('Ctrl Pts',(-0.1,4.01184355688581,0.767488901650064));
#11304=CARTESIAN_POINT('Ctrl Pts',(-0.1,3.98072608486694,0.761435807308628));
#11305=CARTESIAN_POINT('Ctrl Pts',(-0.1,3.9506926407553,0.75333238426214));
#11306=CARTESIAN_POINT('Ctrl Pts',(-0.1,3.92191379128022,0.742383572253253));
#11307=CARTESIAN_POINT('Ctrl Pts',(-0.1,3.89429657842415,0.729103688095488));
#11308=CARTESIAN_POINT('Ctrl Pts',(-0.1,3.86755282592288,0.713784596845248));
#11309=CARTESIAN_POINT('Ctrl Pts',(-0.1,3.85106684601412,0.701499480640355));
#11310=CARTESIAN_POINT('Ctrl Pts',(-0.1,3.84276960174198,0.695316492997041));
#11311=CARTESIAN_POINT('Ctrl Pts',(-0.1,4.40086255045992,0.478369377612426));
#11312=CARTESIAN_POINT('Ctrl Pts',(0.02,4.40086255045992,0.478369377612426));
#11313=CARTESIAN_POINT('Ctrl Pts',(-0.1,4.40059800909589,0.48846607053405));
#11314=CARTESIAN_POINT('Ctrl Pts',(0.02,4.40059800909589,0.48846607053405));
#11315=CARTESIAN_POINT('Ctrl Pts',(-0.1,4.40007706299222,0.508348907596876));
#11316=CARTESIAN_POINT('Ctrl Pts',(0.02,4.40007706299222,0.508348907596876));
#11317=CARTESIAN_POINT('Ctrl Pts',(-0.1,4.39579683481404,0.537646956468424));
#11318=CARTESIAN_POINT('Ctrl Pts',(0.02,4.39579683481404,0.537646956468424));
#11319=CARTESIAN_POINT('Ctrl Pts',(-0.1,4.38853086373238,0.565660819652103));
#11320=CARTESIAN_POINT('Ctrl Pts',(0.02,4.38853086373238,0.565660819652103));
#11321=CARTESIAN_POINT('Ctrl Pts',(-0.1,4.37874466000046,0.59261023554757));
#11322=CARTESIAN_POINT('Ctrl Pts',(0.02,4.37874466000046,0.59261023554757));
#11323=CARTESIAN_POINT('Ctrl Pts',(-0.1,4.36577137521194,0.618139844655546));
#11324=CARTESIAN_POINT('Ctrl Pts',(0.02,4.36577137521194,0.618139844655546));
#11325=CARTESIAN_POINT('Ctrl Pts',(-0.1,4.35006348205212,0.642508243553499));
#11326=CARTESIAN_POINT('Ctrl Pts',(0.02,4.35006348205212,0.642508243553499));
#11327=CARTESIAN_POINT('Ctrl Pts',(-0.1,4.33149150475306,0.665617048584113));
#11328=CARTESIAN_POINT('Ctrl Pts',(0.02,4.33149150475306,0.665617048584113));
#11329=CARTESIAN_POINT('Ctrl Pts',(-0.1,4.31040585819907,0.687335619023989));
#11330=CARTESIAN_POINT('Ctrl Pts',(0.02,4.31040585819907,0.687335619023989));
#11331=CARTESIAN_POINT('Ctrl Pts',(-0.1,4.28699857382341,0.707035226148014));
#11332=CARTESIAN_POINT('Ctrl Pts',(0.02,4.28699857382341,0.707035226148014));
#11333=CARTESIAN_POINT('Ctrl Pts',(-0.1,4.26203304817941,0.724667017474257));
#11334=CARTESIAN_POINT('Ctrl Pts',(0.02,4.26203304817941,0.724667017474257));
#11335=CARTESIAN_POINT('Ctrl Pts',(-0.1,4.23500954014179,0.739067701532146));
#11336=CARTESIAN_POINT('Ctrl Pts',(0.02,4.23500954014179,0.739067701532146));
#11337=CARTESIAN_POINT('Ctrl Pts',(-0.1,4.20663363812322,0.75117966519139));
#11338=CARTESIAN_POINT('Ctrl Pts',(0.02,4.20663363812322,0.75117966519139));
#11339=CARTESIAN_POINT('Ctrl Pts',(-0.1,4.17643954138618,0.760314767524062));
#11340=CARTESIAN_POINT('Ctrl Pts',(0.02,4.17643954138618,0.760314767524062));
#11341=CARTESIAN_POINT('Ctrl Pts',(-0.1,4.14485576583064,0.767248629033191));
#11342=CARTESIAN_POINT('Ctrl Pts',(0.02,4.14485576583064,0.767248629033191));
#11343=CARTESIAN_POINT('Ctrl Pts',(-0.1,4.11148744215874,0.770955934589238));
#11344=CARTESIAN_POINT('Ctrl Pts',(0.02,4.11148744215874,0.770955934589238));
#11345=CARTESIAN_POINT('Ctrl Pts',(-0.1,4.08877138130663,0.771539990891119));
#11346=CARTESIAN_POINT('Ctrl Pts',(0.02,4.08877138130663,0.771539990891119));
#11347=CARTESIAN_POINT('Ctrl Pts',(-0.1,4.07714460174198,0.771838928894478));
#11348=CARTESIAN_POINT('Ctrl Pts',(0.02,4.07714460174198,0.771838928894478));
#11349=CARTESIAN_POINT('',(-0.1,4.40086255045992,0.478369377612426));
#11350=CARTESIAN_POINT('',(-0.1,4.40086255045992,0.478369377612426));
#11351=CARTESIAN_POINT('Ctrl Pts',(-0.1,4.40086255045992,0.478369377612426));
#11352=CARTESIAN_POINT('Ctrl Pts',(-0.1,4.40059800909589,0.48846607053405));
#11353=CARTESIAN_POINT('Ctrl Pts',(-0.1,4.40007706299222,0.508348907596876));
#11354=CARTESIAN_POINT('Ctrl Pts',(-0.1,4.39579683481404,0.537646956468424));
#11355=CARTESIAN_POINT('Ctrl Pts',(-0.1,4.38853086373238,0.565660819652103));
#11356=CARTESIAN_POINT('Ctrl Pts',(-0.1,4.37874466000046,0.59261023554757));
#11357=CARTESIAN_POINT('Ctrl Pts',(-0.1,4.36577137521194,0.618139844655546));
#11358=CARTESIAN_POINT('Ctrl Pts',(-0.1,4.35006348205212,0.642508243553499));
#11359=CARTESIAN_POINT('Ctrl Pts',(-0.1,4.33149150475306,0.665617048584113));
#11360=CARTESIAN_POINT('Ctrl Pts',(-0.1,4.31040585819907,0.687335619023989));
#11361=CARTESIAN_POINT('Ctrl Pts',(-0.1,4.28699857382341,0.707035226148014));
#11362=CARTESIAN_POINT('Ctrl Pts',(-0.1,4.26203304817941,0.724667017474257));
#11363=CARTESIAN_POINT('Ctrl Pts',(-0.1,4.23500954014179,0.739067701532146));
#11364=CARTESIAN_POINT('Ctrl Pts',(-0.1,4.20663363812322,0.75117966519139));
#11365=CARTESIAN_POINT('Ctrl Pts',(-0.1,4.17643954138618,0.760314767524062));
#11366=CARTESIAN_POINT('Ctrl Pts',(-0.1,4.14485576583064,0.767248629033191));
#11367=CARTESIAN_POINT('Ctrl Pts',(-0.1,4.11148744215874,0.770955934589238));
#11368=CARTESIAN_POINT('Ctrl Pts',(-0.1,4.08877138130663,0.771539990891119));
#11369=CARTESIAN_POINT('Ctrl Pts',(-0.1,4.07714460174198,0.771838928894478));
#11370=CARTESIAN_POINT('Ctrl Pts',(-0.1,4.33415581969069,0.300084121202169));
#11371=CARTESIAN_POINT('Ctrl Pts',(0.02,4.33415581969069,0.300084121202169));
#11372=CARTESIAN_POINT('Ctrl Pts',(-0.1,4.33946426017332,0.307158136834383));
#11373=CARTESIAN_POINT('Ctrl Pts',(0.02,4.33946426017332,0.307158136834383));
#11374=CARTESIAN_POINT('Ctrl Pts',(-0.1,4.34988919756862,0.321050384536978));
#11375=CARTESIAN_POINT('Ctrl Pts',(0.02,4.34988919756862,0.321050384536978));
#11376=CARTESIAN_POINT('Ctrl Pts',(-0.1,4.36353927894317,0.342719800851097));
#11377=CARTESIAN_POINT('Ctrl Pts',(0.02,4.36353927894317,0.342719800851097));
#11378=CARTESIAN_POINT('Ctrl Pts',(-0.1,4.37504538734266,0.364699067083017));
#11379=CARTESIAN_POINT('Ctrl Pts',(0.02,4.37504538734266,0.364699067083017));
#11380=CARTESIAN_POINT('Ctrl Pts',(-0.1,4.38446792256841,0.386860236326567));
#11381=CARTESIAN_POINT('Ctrl Pts',(0.02,4.38446792256841,0.386860236326567));
#11382=CARTESIAN_POINT('Ctrl Pts',(-0.1,4.391808060934,0.409379344290192));
#11383=CARTESIAN_POINT('Ctrl Pts',(0.02,4.391808060934,0.409379344290192));
#11384=CARTESIAN_POINT('Ctrl Pts',(-0.1,4.39690765012737,0.432120500252193));
#11385=CARTESIAN_POINT('Ctrl Pts',(0.02,4.39690765012737,0.432120500252193));
#11386=CARTESIAN_POINT('Ctrl Pts',(-0.1,4.40035425257279,0.45516113402684));
#11387=CARTESIAN_POINT('Ctrl Pts',(0.02,4.40035425257279,0.45516113402684));
#11388=CARTESIAN_POINT('Ctrl Pts',(-0.1,4.40069263471431,0.470611237920867));
#11389=CARTESIAN_POINT('Ctrl Pts',(0.02,4.40069263471431,0.470611237920867));
#11390=CARTESIAN_POINT('Ctrl Pts',(-0.1,4.40086255045992,0.478369377612426));
#11391=CARTESIAN_POINT('Ctrl Pts',(0.02,4.40086255045992,0.478369377612426));
#11392=CARTESIAN_POINT('',(-0.1,4.33415581969069,0.300084121202169));
#11393=CARTESIAN_POINT('',(-0.1,4.33415581969069,0.300084121202169));
#11394=CARTESIAN_POINT('Ctrl Pts',(-0.1,4.33415581969069,0.300084121202169));
#11395=CARTESIAN_POINT('Ctrl Pts',(-0.1,4.33946426017332,0.307158136834383));
#11396=CARTESIAN_POINT('Ctrl Pts',(-0.1,4.34988919756862,0.321050384536978));
#11397=CARTESIAN_POINT('Ctrl Pts',(-0.1,4.36353927894317,0.342719800851097));
#11398=CARTESIAN_POINT('Ctrl Pts',(-0.1,4.37504538734266,0.364699067083017));
#11399=CARTESIAN_POINT('Ctrl Pts',(-0.1,4.38446792256841,0.386860236326567));
#11400=CARTESIAN_POINT('Ctrl Pts',(-0.1,4.391808060934,0.409379344290192));
#11401=CARTESIAN_POINT('Ctrl Pts',(-0.1,4.39690765012737,0.432120500252193));
#11402=CARTESIAN_POINT('Ctrl Pts',(-0.1,4.40035425257279,0.45516113402684));
#11403=CARTESIAN_POINT('Ctrl Pts',(-0.1,4.40069263471431,0.470611237920867));
#11404=CARTESIAN_POINT('Ctrl Pts',(-0.1,4.40086255045992,0.478369377612426));
#11405=CARTESIAN_POINT('Origin',(-0.1,4.59317024276762,0.350965531458579));
#11406=CARTESIAN_POINT('',(-0.1,4.59317024276762,0.350965531458579));
#11407=CARTESIAN_POINT('',(-0.1,4.59317024276762,0.350965531458579));
#11408=CARTESIAN_POINT('',(-0.1,4.59317024276762,0.350965531458579));
#11409=CARTESIAN_POINT('Origin',(-0.1,4.59317024276762,0.720556877612426));
#11410=CARTESIAN_POINT('',(-0.1,4.59317024276762,0.720556877612426));
#11411=CARTESIAN_POINT('',(-0.1,4.59317024276762,0.720556877612426));
#11412=CARTESIAN_POINT('',(-0.1,4.59317024276762,0.720556877612426));
#11413=CARTESIAN_POINT('Origin',(-0.1,4.72137537097274,0.720556877612426));
#11414=CARTESIAN_POINT('',(-0.1,4.72137537097274,0.720556877612426));
#11415=CARTESIAN_POINT('',(-0.1,4.72137537097274,0.720556877612426));
#11416=CARTESIAN_POINT('',(-0.1,4.72137537097274,0.720556877612426));
#11417=CARTESIAN_POINT('Origin',(-0.1,4.72137537097274,0.246197903253451));
#11418=CARTESIAN_POINT('',(-0.1,4.72137537097274,0.246197903253451));
#11419=CARTESIAN_POINT('',(-0.1,4.72137537097274,0.246197903253451));
#11420=CARTESIAN_POINT('',(-0.1,4.72137537097274,0.246197903253451));
#11421=CARTESIAN_POINT('Origin',(-0.1,4.20855485815223,0.143633800689349));
#11422=CARTESIAN_POINT('',(-0.1,4.20855485815223,0.143633800689349));
#11423=CARTESIAN_POINT('',(-0.1,4.20855485815223,0.143633800689349));
#11424=CARTESIAN_POINT('',(-0.1,4.20855485815223,0.143633800689349));
#11425=CARTESIAN_POINT('Origin',(-0.1,4.19573434533172,0.271838928894477));
#11426=CARTESIAN_POINT('',(-0.1,4.19573434533172,0.271838928894477));
#11427=CARTESIAN_POINT('',(-0.1,4.19573434533172,0.271838928894477));
#11428=CARTESIAN_POINT('',(-0.1,4.19573434533172,0.271838928894477));
#11429=CARTESIAN_POINT('Ctrl Pts',(-0.1,4.28547793507531,0.442912646843195));
#11430=CARTESIAN_POINT('Ctrl Pts',(0.02,4.28547793507531,0.442912646843195));
#11431=CARTESIAN_POINT('Ctrl Pts',(-0.1,4.28518629509478,0.432942715450952));
#11432=CARTESIAN_POINT('Ctrl Pts',(0.02,4.28518629509478,0.432942715450952));
#11433=CARTESIAN_POINT('Ctrl Pts',(-0.1,4.28462699561159,0.413822643281632));
#11434=CARTESIAN_POINT('Ctrl Pts',(0.02,4.28462699561159,0.413822643281632));
#11435=CARTESIAN_POINT('Ctrl Pts',(-0.1,4.27992180960536,0.386349065789776));
#11436=CARTESIAN_POINT('Ctrl Pts',(0.02,4.27992180960536,0.386349065789776));
#11437=CARTESIAN_POINT('Ctrl Pts',(-0.1,4.27232118099575,0.361338873517811));
#11438=CARTESIAN_POINT('Ctrl Pts',(0.02,4.27232118099575,0.361338873517811));
#11439=CARTESIAN_POINT('Ctrl Pts',(-0.1,4.26099336874817,0.339075230988396));
#11440=CARTESIAN_POINT('Ctrl Pts',(0.02,4.26099336874817,0.339075230988396));
#11441=CARTESIAN_POINT('Ctrl Pts',(-0.1,4.24746043636085,0.319183766527571));
#11442=CARTESIAN_POINT('Ctrl Pts',(0.02,4.24746043636085,0.319183766527571));
#11443=CARTESIAN_POINT('Ctrl Pts',(-0.1,4.23214730943565,0.30125124566375));
#11444=CARTESIAN_POINT('Ctrl Pts',(0.02,4.23214730943565,0.30125124566375));
#11445=CARTESIAN_POINT('Ctrl Pts',(-0.1,4.21506434099768,0.285129796549606));
#11446=CARTESIAN_POINT('Ctrl Pts',(0.02,4.21506434099768,0.285129796549606));
#11447=CARTESIAN_POINT('Ctrl Pts',(-0.1,4.20220284858059,0.276286525370604));
#11448=CARTESIAN_POINT('Ctrl Pts',(0.02,4.20220284858059,0.276286525370604));
#11449=CARTESIAN_POINT('Ctrl Pts',(-0.1,4.19573434533172,0.271838928894477));
#11450=CARTESIAN_POINT('Ctrl Pts',(0.02,4.19573434533172,0.271838928894477));
#11451=CARTESIAN_POINT('',(-0.1,4.28547793507531,0.442912646843195));
#11452=CARTESIAN_POINT('',(-0.1,4.28547793507531,0.442912646843195));
#11453=CARTESIAN_POINT('Ctrl Pts',(-0.1,4.28547793507531,0.442912646843195));
#11454=CARTESIAN_POINT('Ctrl Pts',(-0.1,4.28518629509478,0.432942715450952));
#11455=CARTESIAN_POINT('Ctrl Pts',(-0.1,4.28462699561159,0.413822643281632));
#11456=CARTESIAN_POINT('Ctrl Pts',(-0.1,4.27992180960536,0.386349065789776));
#11457=CARTESIAN_POINT('Ctrl Pts',(-0.1,4.27232118099575,0.361338873517811));
#11458=CARTESIAN_POINT('Ctrl Pts',(-0.1,4.26099336874817,0.339075230988396));
#11459=CARTESIAN_POINT('Ctrl Pts',(-0.1,4.24746043636085,0.319183766527571));
#11460=CARTESIAN_POINT('Ctrl Pts',(-0.1,4.23214730943565,0.30125124566375));
#11461=CARTESIAN_POINT('Ctrl Pts',(-0.1,4.21506434099768,0.285129796549606));
#11462=CARTESIAN_POINT('Ctrl Pts',(-0.1,4.20220284858059,0.276286525370604));
#11463=CARTESIAN_POINT('Ctrl Pts',(-0.1,4.19573434533172,0.271838928894477));
#11464=CARTESIAN_POINT('Ctrl Pts',(-0.1,4.0695324222548,0.643633800689348));
#11465=CARTESIAN_POINT('Ctrl Pts',(0.02,4.0695324222548,0.643633800689348));
#11466=CARTESIAN_POINT('Ctrl Pts',(-0.1,4.07768445204986,0.643486627272099));
#11467=CARTESIAN_POINT('Ctrl Pts',(0.02,4.07768445204986,0.643486627272099));
#11468=CARTESIAN_POINT('Ctrl Pts',(-0.1,4.09355834473072,0.643200046495331));
#11469=CARTESIAN_POINT('Ctrl Pts',(0.02,4.09355834473072,0.643200046495331));
#11470=CARTESIAN_POINT('Ctrl Pts',(-0.1,4.11667337178131,0.640786568805911));
#11471=CARTESIAN_POINT('Ctrl Pts',(0.02,4.11667337178131,0.640786568805911));
#11472=CARTESIAN_POINT('Ctrl Pts',(-0.1,4.13840849246829,0.636714747808004));
#11473=CARTESIAN_POINT('Ctrl Pts',(0.02,4.13840849246829,0.636714747808004));
#11474=CARTESIAN_POINT('Ctrl Pts',(-0.1,4.15900326575882,0.631446192692742));
#11475=CARTESIAN_POINT('Ctrl Pts',(0.02,4.15900326575882,0.631446192692742));
#11476=CARTESIAN_POINT('Ctrl Pts',(-0.1,4.17813587295605,0.624184153988276));
#11477=CARTESIAN_POINT('Ctrl Pts',(0.02,4.17813587295605,0.624184153988276));
#11478=CARTESIAN_POINT('Ctrl Pts',(-0.1,4.19608371815798,0.615570967174073));
#11479=CARTESIAN_POINT('Ctrl Pts',(0.02,4.19608371815798,0.615570967174073));
#11480=CARTESIAN_POINT('Ctrl Pts',(-0.1,4.2124658952498,0.605019451327498));
#11481=CARTESIAN_POINT('Ctrl Pts',(0.02,4.2124658952498,0.605019451327498));
#11482=CARTESIAN_POINT('Ctrl Pts',(-0.1,4.22779248589856,0.593280193679783));
#11483=CARTESIAN_POINT('Ctrl Pts',(0.02,4.22779248589856,0.593280193679783));
#11484=CARTESIAN_POINT('Ctrl Pts',(-0.1,4.24153215684119,0.579872479368951));
#11485=CARTESIAN_POINT('Ctrl Pts',(0.02,4.24153215684119,0.579872479368951));
#11486=CARTESIAN_POINT('Ctrl Pts',(-0.1,4.25313356869482,0.564615172427654));
#11487=CARTESIAN_POINT('Ctrl Pts',(0.02,4.25313356869482,0.564615172427654));
#11488=CARTESIAN_POINT('Ctrl Pts',(-0.1,4.26328714699468,0.548106807998751));
#11489=CARTESIAN_POINT('Ctrl Pts',(0.02,4.26328714699468,0.548106807998751));
#11490=CARTESIAN_POINT('Ctrl Pts',(-0.1,4.27152106557925,0.530014890710844));
#11491=CARTESIAN_POINT('Ctrl Pts',(0.02,4.27152106557925,0.530014890710844));
#11492=CARTESIAN_POINT('Ctrl Pts',(-0.1,4.27763855768068,0.510328767165355));
#11493=CARTESIAN_POINT('Ctrl Pts',(0.02,4.27763855768068,0.510328767165355));
#11494=CARTESIAN_POINT('Ctrl Pts',(-0.1,4.28234541739339,0.489244063184566));
#11495=CARTESIAN_POINT('Ctrl Pts',(0.02,4.28234541739339,0.489244063184566));
#11496=CARTESIAN_POINT('Ctrl Pts',(-0.1,4.28482103286707,0.466541993732865));
#11497=CARTESIAN_POINT('Ctrl Pts',(0.02,4.28482103286707,0.466541993732865));
#11498=CARTESIAN_POINT('Ctrl Pts',(-0.1,4.28525503391328,0.450930596567844));
#11499=CARTESIAN_POINT('Ctrl Pts',(0.02,4.28525503391328,0.450930596567844));
#11500=CARTESIAN_POINT('Ctrl Pts',(-0.1,4.28547793507531,0.442912646843195));
#11501=CARTESIAN_POINT('Ctrl Pts',(0.02,4.28547793507531,0.442912646843195));
#11502=CARTESIAN_POINT('',(-0.1,4.0695324222548,0.643633800689348));
#11503=CARTESIAN_POINT('',(-0.1,4.0695324222548,0.643633800689348));
#11504=CARTESIAN_POINT('Ctrl Pts',(-0.1,4.0695324222548,0.643633800689348));
#11505=CARTESIAN_POINT('Ctrl Pts',(-0.1,4.07768445204986,0.643486627272099));
#11506=CARTESIAN_POINT('Ctrl Pts',(-0.1,4.09355834473072,0.643200046495331));
#11507=CARTESIAN_POINT('Ctrl Pts',(-0.1,4.11667337178131,0.640786568805911));
#11508=CARTESIAN_POINT('Ctrl Pts',(-0.1,4.13840849246829,0.636714747808004));
#11509=CARTESIAN_POINT('Ctrl Pts',(-0.1,4.15900326575882,0.631446192692742));
#11510=CARTESIAN_POINT('Ctrl Pts',(-0.1,4.17813587295605,0.624184153988276));
#11511=CARTESIAN_POINT('Ctrl Pts',(-0.1,4.19608371815798,0.615570967174073));
#11512=CARTESIAN_POINT('Ctrl Pts',(-0.1,4.2124658952498,0.605019451327498));
#11513=CARTESIAN_POINT('Ctrl Pts',(-0.1,4.22779248589856,0.593280193679783));
#11514=CARTESIAN_POINT('Ctrl Pts',(-0.1,4.24153215684119,0.579872479368951));
#11515=CARTESIAN_POINT('Ctrl Pts',(-0.1,4.25313356869482,0.564615172427654));
#11516=CARTESIAN_POINT('Ctrl Pts',(-0.1,4.26328714699468,0.548106807998751));
#11517=CARTESIAN_POINT('Ctrl Pts',(-0.1,4.27152106557925,0.530014890710844));
#11518=CARTESIAN_POINT('Ctrl Pts',(-0.1,4.27763855768068,0.510328767165355));
#11519=CARTESIAN_POINT('Ctrl Pts',(-0.1,4.28234541739339,0.489244063184566));
#11520=CARTESIAN_POINT('Ctrl Pts',(-0.1,4.28482103286707,0.466541993732865));
#11521=CARTESIAN_POINT('Ctrl Pts',(-0.1,4.28525503391328,0.450930596567844));
#11522=CARTESIAN_POINT('Ctrl Pts',(-0.1,4.28547793507531,0.442912646843195));
#11523=CARTESIAN_POINT('Ctrl Pts',(-0.1,3.83675998635736,0.442311685304733));
#11524=CARTESIAN_POINT('Ctrl Pts',(0.02,3.83675998635736,0.442311685304733));
#11525=CARTESIAN_POINT('Ctrl Pts',(-0.1,3.83694416422402,0.44993402554647));
#11526=CARTESIAN_POINT('Ctrl Pts',(0.02,3.83694416422402,0.44993402554647));
#11527=CARTESIAN_POINT('Ctrl Pts',(-0.1,3.83730433206678,0.46483984398904));
#11528=CARTESIAN_POINT('Ctrl Pts',(0.02,3.83730433206678,0.46483984398904));
#11529=CARTESIAN_POINT('Ctrl Pts',(-0.1,3.84035048697661,0.486524986221345));
#11530=CARTESIAN_POINT('Ctrl Pts',(0.02,3.84035048697661,0.486524986221345));
#11531=CARTESIAN_POINT('Ctrl Pts',(-0.1,3.84537324351889,0.507008359311451));
#11532=CARTESIAN_POINT('Ctrl Pts',(0.02,3.84537324351889,0.507008359311451));
#11533=CARTESIAN_POINT('Ctrl Pts',(-0.1,3.852402218177,0.526191953434675));
#11534=CARTESIAN_POINT('Ctrl Pts',(0.02,3.852402218177,0.526191953434675));
#11535=CARTESIAN_POINT('Ctrl Pts',(-0.1,3.861143579868,0.544300659039316));
#11536=CARTESIAN_POINT('Ctrl Pts',(0.02,3.861143579868,0.544300659039316));
#11537=CARTESIAN_POINT('Ctrl Pts',(-0.1,3.87246205092217,0.560733730854914));
#11538=CARTESIAN_POINT('Ctrl Pts',(0.02,3.87246205092217,0.560733730854914));
#11539=CARTESIAN_POINT('Ctrl Pts',(-0.1,3.88518513077753,0.57638719052432));
#11540=CARTESIAN_POINT('Ctrl Pts',(0.02,3.88518513077753,0.57638719052432));
#11541=CARTESIAN_POINT('Ctrl Pts',(-0.1,3.90035348380141,0.590253734371568));
#11542=CARTESIAN_POINT('Ctrl Pts',(0.02,3.90035348380141,0.590253734371568));
#11543=CARTESIAN_POINT('Ctrl Pts',(-0.1,3.91686676975547,0.602876185187872));
#11544=CARTESIAN_POINT('Ctrl Pts',(0.02,3.91686676975547,0.602876185187872));
#11545=CARTESIAN_POINT('Ctrl Pts',(-0.1,3.93489172381628,0.613770309194428));
#11546=CARTESIAN_POINT('Ctrl Pts',(0.02,3.93489172381628,0.613770309194428));
#11547=CARTESIAN_POINT('Ctrl Pts',(-0.1,3.95417535148915,0.622941622419287));
#11548=CARTESIAN_POINT('Ctrl Pts',(0.02,3.95417535148915,0.622941622419287));
#11549=CARTESIAN_POINT('Ctrl Pts',(-0.1,3.974713955747,0.630662865727651));
#11550=CARTESIAN_POINT('Ctrl Pts',(0.02,3.974713955747,0.630662865727651));
#11551=CARTESIAN_POINT('Ctrl Pts',(-0.1,3.99662486650874,0.636364440450275));
#11552=CARTESIAN_POINT('Ctrl Pts',(0.02,3.99662486650874,0.636364440450275));
#11553=CARTESIAN_POINT('Ctrl Pts',(-0.1,4.01979152190733,0.640558409202172));
#11554=CARTESIAN_POINT('Ctrl Pts',(0.02,4.01979152190733,0.640558409202172));
#11555=CARTESIAN_POINT('Ctrl Pts',(-0.1,4.04422867912432,0.6432507697219));
#11556=CARTESIAN_POINT('Ctrl Pts',(0.02,4.04422867912432,0.6432507697219));
#11557=CARTESIAN_POINT('Ctrl Pts',(-0.1,4.06097823415254,0.643504313169354));
#11558=CARTESIAN_POINT('Ctrl Pts',(0.02,4.06097823415254,0.643504313169354));
#11559=CARTESIAN_POINT('Ctrl Pts',(-0.1,4.0695324222548,0.643633800689348));
#11560=CARTESIAN_POINT('Ctrl Pts',(0.02,4.0695324222548,0.643633800689348));
#11561=CARTESIAN_POINT('',(-0.1,3.83675998635736,0.442311685304733));
#11562=CARTESIAN_POINT('',(-0.1,3.83675998635736,0.442311685304733));
#11563=CARTESIAN_POINT('Ctrl Pts',(-0.1,3.83675998635736,0.442311685304733));
#11564=CARTESIAN_POINT('Ctrl Pts',(-0.1,3.83694416422402,0.44993402554647));
#11565=CARTESIAN_POINT('Ctrl Pts',(-0.1,3.83730433206678,0.46483984398904));
#11566=CARTESIAN_POINT('Ctrl Pts',(-0.1,3.84035048697661,0.486524986221345));
#11567=CARTESIAN_POINT('Ctrl Pts',(-0.1,3.84537324351889,0.507008359311451));
#11568=CARTESIAN_POINT('Ctrl Pts',(-0.1,3.852402218177,0.526191953434675));
#11569=CARTESIAN_POINT('Ctrl Pts',(-0.1,3.861143579868,0.544300659039316));
#11570=CARTESIAN_POINT('Ctrl Pts',(-0.1,3.87246205092217,0.560733730854914));
#11571=CARTESIAN_POINT('Ctrl Pts',(-0.1,3.88518513077753,0.57638719052432));
#11572=CARTESIAN_POINT('Ctrl Pts',(-0.1,3.90035348380141,0.590253734371568));
#11573=CARTESIAN_POINT('Ctrl Pts',(-0.1,3.91686676975547,0.602876185187872));
#11574=CARTESIAN_POINT('Ctrl Pts',(-0.1,3.93489172381628,0.613770309194428));
#11575=CARTESIAN_POINT('Ctrl Pts',(-0.1,3.95417535148915,0.622941622419287));
#11576=CARTESIAN_POINT('Ctrl Pts',(-0.1,3.974713955747,0.630662865727651));
#11577=CARTESIAN_POINT('Ctrl Pts',(-0.1,3.99662486650874,0.636364440450275));
#11578=CARTESIAN_POINT('Ctrl Pts',(-0.1,4.01979152190733,0.640558409202172));
#11579=CARTESIAN_POINT('Ctrl Pts',(-0.1,4.04422867912432,0.6432507697219));
#11580=CARTESIAN_POINT('Ctrl Pts',(-0.1,4.06097823415254,0.643504313169354));
#11581=CARTESIAN_POINT('Ctrl Pts',(-0.1,4.0695324222548,0.643633800689348));
#11582=CARTESIAN_POINT('Ctrl Pts',(-0.1,4.01624716584454,0.259018416073964));
#11583=CARTESIAN_POINT('Ctrl Pts',(0.0199999999999999,4.01624716584454,
0.259018416073964));
#11584=CARTESIAN_POINT('Ctrl Pts',(-0.1,4.00902351048806,0.260287848117879));
#11585=CARTESIAN_POINT('Ctrl Pts',(0.0199999999999999,4.00902351048806,
0.260287848117879));
#11586=CARTESIAN_POINT('Ctrl Pts',(-0.1,3.99497237736421,0.262757090871093));
#11587=CARTESIAN_POINT('Ctrl Pts',(0.0199999999999999,3.99497237736421,
0.262757090871093));
#11588=CARTESIAN_POINT('Ctrl Pts',(-0.1,3.97463294539954,0.267462505841613));
#11589=CARTESIAN_POINT('Ctrl Pts',(0.0199999999999999,3.97463294539954,
0.267462505841613));
#11590=CARTESIAN_POINT('Ctrl Pts',(-0.1,3.95573704459175,0.273573500460475));
#11591=CARTESIAN_POINT('Ctrl Pts',(0.0199999999999999,3.95573704459175,
0.273573500460475));
#11592=CARTESIAN_POINT('Ctrl Pts',(-0.1,3.93812102564724,0.280439875696162));
#11593=CARTESIAN_POINT('Ctrl Pts',(0.0199999999999999,3.93812102564724,
0.280439875696162));
#11594=CARTESIAN_POINT('Ctrl Pts',(-0.1,3.92197115590891,0.288601721047335));
#11595=CARTESIAN_POINT('Ctrl Pts',(0.0199999999999999,3.92197115590891,
0.288601721047335));
#11596=CARTESIAN_POINT('Ctrl Pts',(-0.1,3.90703243738181,0.297445148105716));
#11597=CARTESIAN_POINT('Ctrl Pts',(0.0199999999999999,3.90703243738181,
0.297445148105716));
#11598=CARTESIAN_POINT('Ctrl Pts',(-0.1,3.89383514800438,0.307874162991153));
#11599=CARTESIAN_POINT('Ctrl Pts',(0.0199999999999999,3.89383514800438,
0.307874162991153));
#11600=CARTESIAN_POINT('Ctrl Pts',(-0.1,3.88168905709516,0.318838871877741));
#11601=CARTESIAN_POINT('Ctrl Pts',(0.0199999999999999,3.88168905709516,
0.318838871877741));
#11602=CARTESIAN_POINT('Ctrl Pts',(-0.1,3.87098620294257,0.330873477697073));
#11603=CARTESIAN_POINT('Ctrl Pts',(0.0199999999999999,3.87098620294257,
0.330873477697073));
#11604=CARTESIAN_POINT('Ctrl Pts',(-0.1,3.86196332766309,0.344094105384773));
#11605=CARTESIAN_POINT('Ctrl Pts',(0.0199999999999999,3.86196332766309,
0.344094105384773));
#11606=CARTESIAN_POINT('Ctrl Pts',(-0.1,3.8540914153526,0.358131890761396));
#11607=CARTESIAN_POINT('Ctrl Pts',(0.0199999999999999,3.8540914153526,0.358131890761396));
#11608=CARTESIAN_POINT('Ctrl Pts',(-0.1,3.84764624327862,0.373157808761001));
#11609=CARTESIAN_POINT('Ctrl Pts',(0.0199999999999999,3.84764624327862,
0.373157808761001));
#11610=CARTESIAN_POINT('Ctrl Pts',(-0.1,3.84292871675459,0.389194888353102));
#11611=CARTESIAN_POINT('Ctrl Pts',(0.0199999999999999,3.84292871675459,
0.389194888353102));
#11612=CARTESIAN_POINT('Ctrl Pts',(-0.1,3.83919796314059,0.406039020373125));
#11613=CARTESIAN_POINT('Ctrl Pts',(0.0199999999999999,3.83919796314059,
0.406039020373125));
#11614=CARTESIAN_POINT('Ctrl Pts',(-0.1,3.83731805399001,0.42390710349552));
#11615=CARTESIAN_POINT('Ctrl Pts',(0.0199999999999999,3.83731805399001,
0.42390710349552));
#11616=CARTESIAN_POINT('Ctrl Pts',(-0.1,3.83694838768044,0.436098374658003));
#11617=CARTESIAN_POINT('Ctrl Pts',(0.0199999999999999,3.83694838768044,
0.436098374658003));
#11618=CARTESIAN_POINT('Ctrl Pts',(-0.1,3.83675998635736,0.442311685304733));
#11619=CARTESIAN_POINT('Ctrl Pts',(0.0199999999999999,3.83675998635736,
0.442311685304733));
#11620=CARTESIAN_POINT('',(-0.1,4.01624716584454,0.259018416073964));
#11621=CARTESIAN_POINT('',(-0.1,4.01624716584454,0.259018416073964));
#11622=CARTESIAN_POINT('Ctrl Pts',(-0.1,4.01624716584454,0.259018416073964));
#11623=CARTESIAN_POINT('Ctrl Pts',(-0.1,4.00902351048806,0.260287848117879));
#11624=CARTESIAN_POINT('Ctrl Pts',(-0.1,3.99497237736421,0.262757090871093));
#11625=CARTESIAN_POINT('Ctrl Pts',(-0.1,3.97463294539954,0.267462505841613));
#11626=CARTESIAN_POINT('Ctrl Pts',(-0.1,3.95573704459175,0.273573500460475));
#11627=CARTESIAN_POINT('Ctrl Pts',(-0.1,3.93812102564724,0.280439875696162));
#11628=CARTESIAN_POINT('Ctrl Pts',(-0.1,3.92197115590891,0.288601721047335));
#11629=CARTESIAN_POINT('Ctrl Pts',(-0.1,3.90703243738181,0.297445148105716));
#11630=CARTESIAN_POINT('Ctrl Pts',(-0.1,3.89383514800438,0.307874162991153));
#11631=CARTESIAN_POINT('Ctrl Pts',(-0.1,3.88168905709516,0.318838871877741));
#11632=CARTESIAN_POINT('Ctrl Pts',(-0.1,3.87098620294257,0.330873477697073));
#11633=CARTESIAN_POINT('Ctrl Pts',(-0.1,3.86196332766309,0.344094105384773));
#11634=CARTESIAN_POINT('Ctrl Pts',(-0.1,3.8540914153526,0.358131890761396));
#11635=CARTESIAN_POINT('Ctrl Pts',(-0.1,3.84764624327862,0.373157808761001));
#11636=CARTESIAN_POINT('Ctrl Pts',(-0.1,3.84292871675459,0.389194888353102));
#11637=CARTESIAN_POINT('Ctrl Pts',(-0.1,3.83919796314059,0.406039020373125));
#11638=CARTESIAN_POINT('Ctrl Pts',(-0.1,3.83731805399001,0.42390710349552));
#11639=CARTESIAN_POINT('Ctrl Pts',(-0.1,3.83694838768044,0.436098374658003));
#11640=CARTESIAN_POINT('Ctrl Pts',(-0.1,3.83675998635736,0.442311685304733));
#11641=CARTESIAN_POINT('Origin',(-0.1,4.00342665302403,0.130813287868836));
#11642=CARTESIAN_POINT('',(-0.1,4.00342665302403,0.130813287868836));
#11643=CARTESIAN_POINT('Origin',(-0.1,3.79739468358265,0.227166296274805));
#11644=CARTESIAN_POINT('Origin',(-0.1,0.,0.));
#11645=CARTESIAN_POINT('',(-0.1,3.73419588379326,0.96414662120217));
#11646=CARTESIAN_POINT('',(-0.1,3.73419588379326,0.814507198125246));
#11647=CARTESIAN_POINT('',(-0.1,3.73419588379326,0.96414662120217));
#11648=CARTESIAN_POINT('',(-0.1,4.04188819148556,1.07792867248422));
#11649=CARTESIAN_POINT('',(-0.1,4.04188819148556,1.07792867248422));
#11650=CARTESIAN_POINT('',(-0.1,4.04188819148556,1.50421072376627));
#11651=CARTESIAN_POINT('',(-0.1,4.04188819148556,1.50421072376627));
#11652=CARTESIAN_POINT('',(-0.1,3.73419588379326,1.61799277504832));
#11653=CARTESIAN_POINT('',(-0.1,3.73419588379326,1.61799277504832));
#11654=CARTESIAN_POINT('',(-0.1,3.73419588379326,1.76763219812525));
#11655=CARTESIAN_POINT('',(-0.1,3.73419588379326,1.76763219812525));
#11656=CARTESIAN_POINT('',(-0.1,4.73419588379326,1.37059694171499));
#11657=CARTESIAN_POINT('',(-0.1,4.73419588379326,1.37059694171499));
#11658=CARTESIAN_POINT('',(-0.1,4.73419588379326,1.2115424545355));
#11659=CARTESIAN_POINT('',(-0.1,4.73419588379326,1.2115424545355));
#11660=CARTESIAN_POINT('',(-0.1,3.73419588379326,0.814507198125246));
#11661=CARTESIAN_POINT('',(-0.1,4.43411575558813,1.22276040325345));
#11662=CARTESIAN_POINT('',(-0.1,4.15727280687018,1.12039662120217));
#11663=CARTESIAN_POINT('',(-0.1,4.43411575558813,1.22276040325345));
#11664=CARTESIAN_POINT('',(-0.1,4.61881126840864,1.29106969812525));
#11665=CARTESIAN_POINT('Ctrl Pts',(-0.1,4.61881126840864,1.29106969812525));
#11666=CARTESIAN_POINT('Ctrl Pts',(-0.1,4.60298136669752,1.28724482643275));
#11667=CARTESIAN_POINT('Ctrl Pts',(-0.1,4.57125629163146,1.27957931190354));
#11668=CARTESIAN_POINT('Ctrl Pts',(-0.1,4.52477480068022,1.26352959080663));
#11669=CARTESIAN_POINT('Ctrl Pts',(-0.1,4.47871840394387,1.24516926730085));
#11670=CARTESIAN_POINT('Ctrl Pts',(-0.1,4.44903997628163,1.23025849686141));
#11671=CARTESIAN_POINT('Ctrl Pts',(-0.1,4.43411575558813,1.22276040325345));
#11672=CARTESIAN_POINT('',(-0.1,4.42009331969069,1.36458732633037));
#11673=CARTESIAN_POINT('Ctrl Pts',(-0.1,4.42009331969069,1.36458732633037));
#11674=CARTESIAN_POINT('Ctrl Pts',(-0.1,4.43024834614039,1.36086273329934));
#11675=CARTESIAN_POINT('Ctrl Pts',(-0.1,4.45010334026254,1.3535804506677));
#11676=CARTESIAN_POINT('Ctrl Pts',(-0.1,4.47895097061712,1.34272037330089));
#11677=CARTESIAN_POINT('Ctrl Pts',(-0.1,4.50634586443305,1.33279878162189));
#11678=CARTESIAN_POINT('Ctrl Pts',(-0.1,4.53189521817244,1.32306984624072));
#11679=CARTESIAN_POINT('Ctrl Pts',(-0.1,4.55597016187857,1.31428736249743));
#11680=CARTESIAN_POINT('Ctrl Pts',(-0.1,4.57840808021124,1.30619232211782));
#11681=CARTESIAN_POINT('Ctrl Pts',(-0.1,4.59905301889762,1.29818639548601));
#11682=CARTESIAN_POINT('Ctrl Pts',(-0.1,4.61239177650463,1.29338192629431));
#11683=CARTESIAN_POINT('Ctrl Pts',(-0.1,4.61881126840864,1.29106969812525));
#11684=CARTESIAN_POINT('',(-0.1,4.15727280687018,1.46174277504832));
#11685=CARTESIAN_POINT('',(-0.1,4.15727280687018,1.46174277504832));
#11686=CARTESIAN_POINT('',(-0.1,4.15727280687018,1.12039662120217));
#11687=CARTESIAN_POINT('Origin',(-0.1,3.73419588379326,0.96414662120217));
#11688=CARTESIAN_POINT('',(-0.1,3.73419588379326,0.96414662120217));
#11689=CARTESIAN_POINT('',(-0.1,3.73419588379326,0.814507198125246));
#11690=CARTESIAN_POINT('Origin',(-0.1,4.04188819148556,1.07792867248422));
#11691=CARTESIAN_POINT('',(-0.1,4.04188819148556,1.07792867248422));
#11692=CARTESIAN_POINT('Origin',(-0.1,4.04188819148556,1.50421072376627));
#11693=CARTESIAN_POINT('',(-0.1,4.04188819148556,1.50421072376627));
#11694=CARTESIAN_POINT('Origin',(-0.1,3.73419588379326,1.61799277504832));
#11695=CARTESIAN_POINT('',(-0.1,3.73419588379326,1.61799277504832));
#11696=CARTESIAN_POINT('Origin',(-0.1,3.73419588379326,1.76763219812525));
#11697=CARTESIAN_POINT('',(-0.1,3.73419588379326,1.76763219812525));
#11698=CARTESIAN_POINT('Origin',(-0.1,4.73419588379326,1.37059694171499));
#11699=CARTESIAN_POINT('',(-0.1,4.73419588379326,1.37059694171499));
#11700=CARTESIAN_POINT('Origin',(-0.1,4.73419588379326,1.2115424545355));
#11701=CARTESIAN_POINT('',(-0.1,4.73419588379326,1.2115424545355));
#11702=CARTESIAN_POINT('Origin',(-0.1,3.73419588379326,0.814507198125246));
#11703=CARTESIAN_POINT('Origin',(-0.1,4.43411575558813,1.22276040325345));
#11704=CARTESIAN_POINT('',(1.35525271560688E-17,4.43411575558813,1.22276040325345));
#11705=CARTESIAN_POINT('',(0.,4.15727280687018,1.12039662120217));
#11706=CARTESIAN_POINT('',(0.,4.43411575558813,1.22276040325345));
#11707=CARTESIAN_POINT('',(-0.1,4.43411575558813,1.22276040325345));
#11708=CARTESIAN_POINT('',(-0.1,4.15727280687018,1.12039662120217));
#11709=CARTESIAN_POINT('Origin',(-0.1,4.15727280687018,1.12039662120217));
#11710=CARTESIAN_POINT('',(0.,4.15727280687018,1.46174277504832));
#11711=CARTESIAN_POINT('',(0.,4.15727280687018,1.12039662120217));
#11712=CARTESIAN_POINT('',(-0.1,4.15727280687018,1.46174277504832));
#11713=CARTESIAN_POINT('Origin',(-0.1,4.15727280687018,1.46174277504832));
#11714=CARTESIAN_POINT('',(0.,4.42009331969069,1.36458732633037));
#11715=CARTESIAN_POINT('',(0.,4.15727280687018,1.46174277504832));
#11716=CARTESIAN_POINT('',(-0.1,4.42009331969069,1.36458732633037));
#11717=CARTESIAN_POINT('Ctrl Pts',(-0.1,4.42009331969069,1.36458732633037));
#11718=CARTESIAN_POINT('Ctrl Pts',(0.02,4.42009331969069,1.36458732633037));
#11719=CARTESIAN_POINT('Ctrl Pts',(-0.1,4.43024834614039,1.36086273329934));
#11720=CARTESIAN_POINT('Ctrl Pts',(0.02,4.43024834614039,1.36086273329934));
#11721=CARTESIAN_POINT('Ctrl Pts',(-0.1,4.45010334026254,1.3535804506677));
#11722=CARTESIAN_POINT('Ctrl Pts',(0.02,4.45010334026254,1.3535804506677));
#11723=CARTESIAN_POINT('Ctrl Pts',(-0.1,4.47895097061712,1.34272037330089));
#11724=CARTESIAN_POINT('Ctrl Pts',(0.02,4.47895097061712,1.34272037330089));
#11725=CARTESIAN_POINT('Ctrl Pts',(-0.1,4.50634586443305,1.33279878162189));
#11726=CARTESIAN_POINT('Ctrl Pts',(0.02,4.50634586443305,1.33279878162189));
#11727=CARTESIAN_POINT('Ctrl Pts',(-0.1,4.53189521817244,1.32306984624072));
#11728=CARTESIAN_POINT('Ctrl Pts',(0.02,4.53189521817244,1.32306984624072));
#11729=CARTESIAN_POINT('Ctrl Pts',(-0.1,4.55597016187857,1.31428736249743));
#11730=CARTESIAN_POINT('Ctrl Pts',(0.02,4.55597016187857,1.31428736249743));
#11731=CARTESIAN_POINT('Ctrl Pts',(-0.1,4.57840808021124,1.30619232211782));
#11732=CARTESIAN_POINT('Ctrl Pts',(0.02,4.57840808021124,1.30619232211782));
#11733=CARTESIAN_POINT('Ctrl Pts',(-0.1,4.59905301889762,1.29818639548601));
#11734=CARTESIAN_POINT('Ctrl Pts',(0.02,4.59905301889762,1.29818639548601));
#11735=CARTESIAN_POINT('Ctrl Pts',(-0.1,4.61239177650463,1.29338192629431));
#11736=CARTESIAN_POINT('Ctrl Pts',(0.02,4.61239177650463,1.29338192629431));
#11737=CARTESIAN_POINT('Ctrl Pts',(-0.1,4.61881126840864,1.29106969812525));
#11738=CARTESIAN_POINT('Ctrl Pts',(0.02,4.61881126840864,1.29106969812525));
#11739=CARTESIAN_POINT('',(0.,4.61881126840864,1.29106969812525));
#11740=CARTESIAN_POINT('Ctrl Pts',(0.,4.42009331969069,1.36458732633037));
#11741=CARTESIAN_POINT('Ctrl Pts',(0.,4.43024834614039,1.36086273329934));
#11742=CARTESIAN_POINT('Ctrl Pts',(0.,4.45010334026254,1.3535804506677));
#11743=CARTESIAN_POINT('Ctrl Pts',(0.,4.47895097061712,1.34272037330089));
#11744=CARTESIAN_POINT('Ctrl Pts',(0.,4.50634586443305,1.33279878162189));
#11745=CARTESIAN_POINT('Ctrl Pts',(0.,4.53189521817244,1.32306984624072));
#11746=CARTESIAN_POINT('Ctrl Pts',(0.,4.55597016187857,1.31428736249743));
#11747=CARTESIAN_POINT('Ctrl Pts',(0.,4.57840808021124,1.30619232211782));
#11748=CARTESIAN_POINT('Ctrl Pts',(0.,4.59905301889762,1.29818639548601));
#11749=CARTESIAN_POINT('Ctrl Pts',(0.,4.61239177650463,1.29338192629431));
#11750=CARTESIAN_POINT('Ctrl Pts',(0.,4.61881126840864,1.29106969812525));
#11751=CARTESIAN_POINT('',(-0.1,4.61881126840864,1.29106969812525));
#11752=CARTESIAN_POINT('Ctrl Pts',(-0.1,4.61881126840864,1.29106969812525));
#11753=CARTESIAN_POINT('Ctrl Pts',(0.02,4.61881126840864,1.29106969812525));
#11754=CARTESIAN_POINT('Ctrl Pts',(-0.1,4.60298136669752,1.28724482643275));
#11755=CARTESIAN_POINT('Ctrl Pts',(0.02,4.60298136669752,1.28724482643275));
#11756=CARTESIAN_POINT('Ctrl Pts',(-0.1,4.57125629163146,1.27957931190354));
#11757=CARTESIAN_POINT('Ctrl Pts',(0.02,4.57125629163146,1.27957931190354));
#11758=CARTESIAN_POINT('Ctrl Pts',(-0.1,4.52477480068022,1.26352959080663));
#11759=CARTESIAN_POINT('Ctrl Pts',(0.02,4.52477480068022,1.26352959080663));
#11760=CARTESIAN_POINT('Ctrl Pts',(-0.1,4.47871840394387,1.24516926730085));
#11761=CARTESIAN_POINT('Ctrl Pts',(0.02,4.47871840394387,1.24516926730085));
#11762=CARTESIAN_POINT('Ctrl Pts',(-0.1,4.44903997628163,1.23025849686141));
#11763=CARTESIAN_POINT('Ctrl Pts',(0.02,4.44903997628163,1.23025849686141));
#11764=CARTESIAN_POINT('Ctrl Pts',(-0.1,4.43411575558813,1.22276040325345));
#11765=CARTESIAN_POINT('Ctrl Pts',(0.02,4.43411575558813,1.22276040325345));
#11766=CARTESIAN_POINT('Ctrl Pts',(0.,4.61881126840864,1.29106969812525));
#11767=CARTESIAN_POINT('Ctrl Pts',(0.,4.60298136669752,1.28724482643275));
#11768=CARTESIAN_POINT('Ctrl Pts',(0.,4.57125629163146,1.27957931190354));
#11769=CARTESIAN_POINT('Ctrl Pts',(0.,4.52477480068022,1.26352959080663));
#11770=CARTESIAN_POINT('Ctrl Pts',(0.,4.47871840394387,1.24516926730085));
#11771=CARTESIAN_POINT('Ctrl Pts',(0.,4.44903997628163,1.23025849686141));
#11772=CARTESIAN_POINT('Ctrl Pts',(1.35525271560688E-17,4.43411575558813,
1.22276040325345));
#11773=CARTESIAN_POINT('Origin',(0.,0.,0.));
#11774=CARTESIAN_POINT('Origin',(-0.1,3.73419588379326,2.3032892494073));
#11775=CARTESIAN_POINT('',(-0.1,3.73419588379326,2.3032892494073));
#11776=CARTESIAN_POINT('',(-0.1,3.73419588379326,2.3032892494073));
#11777=CARTESIAN_POINT('',(-0.1,3.73419588379326,2.15044469812525));
#11778=CARTESIAN_POINT('',(-0.1,3.73419588379326,2.3032892494073));
#11779=CARTESIAN_POINT('',(-0.1,3.73419588379326,2.15044469812525));
#11780=CARTESIAN_POINT('Origin',(-0.1,4.73419588379326,2.70673476222781));
#11781=CARTESIAN_POINT('',(-0.1,4.73419588379326,2.70673476222781));
#11782=CARTESIAN_POINT('',(-0.1,4.73419588379326,2.70673476222781));
#11783=CARTESIAN_POINT('',(-0.1,4.73419588379326,2.70673476222781));
#11784=CARTESIAN_POINT('Origin',(-0.1,4.73419588379326,2.55389021094576));
#11785=CARTESIAN_POINT('',(-0.1,4.73419588379326,2.55389021094576));
#11786=CARTESIAN_POINT('',(-0.1,4.73419588379326,2.55389021094576));
#11787=CARTESIAN_POINT('',(-0.1,4.73419588379326,2.55389021094576));
#11788=CARTESIAN_POINT('Origin',(-0.1,4.01744908892146,2.28125399299704));
#11789=CARTESIAN_POINT('',(-0.1,4.01744908892146,2.28125399299704));
#11790=CARTESIAN_POINT('',(-0.1,4.01744908892146,2.28125399299704));
#11791=CARTESIAN_POINT('',(-0.1,4.01744908892146,2.28125399299704));
#11792=CARTESIAN_POINT('Ctrl Pts',(-0.1,3.85599075558813,2.22696713402268));
#11793=CARTESIAN_POINT('Ctrl Pts',(0.02,3.85599075558813,2.22696713402268));
#11794=CARTESIAN_POINT('Ctrl Pts',(-0.1,3.88299489265439,2.23509964958797));
#11795=CARTESIAN_POINT('Ctrl Pts',(0.02,3.88299489265439,2.23509964958797));
#11796=CARTESIAN_POINT('Ctrl Pts',(-0.1,3.93739034074223,2.25148128130498));
#11797=CARTESIAN_POINT('Ctrl Pts',(0.02,3.93739034074223,2.25148128130498));
#11798=CARTESIAN_POINT('Ctrl Pts',(-0.1,3.9906365083124,2.27128277498091));
#11799=CARTESIAN_POINT('Ctrl Pts',(0.02,3.9906365083124,2.27128277498091));
#11800=CARTESIAN_POINT('Ctrl Pts',(-0.1,4.01744908892146,2.28125399299704));
#11801=CARTESIAN_POINT('Ctrl Pts',(0.02,4.01744908892146,2.28125399299704));
#11802=CARTESIAN_POINT('',(-0.1,3.85599075558813,2.22696713402268));
#11803=CARTESIAN_POINT('',(-0.1,3.85599075558813,2.22696713402268));
#11804=CARTESIAN_POINT('Ctrl Pts',(-0.1,3.85599075558813,2.22696713402268));
#11805=CARTESIAN_POINT('Ctrl Pts',(-0.1,3.88299489265439,2.23509964958797));
#11806=CARTESIAN_POINT('Ctrl Pts',(-0.1,3.93739034074223,2.25148128130498));
#11807=CARTESIAN_POINT('Ctrl Pts',(-0.1,3.9906365083124,2.27128277498091));
#11808=CARTESIAN_POINT('Ctrl Pts',(-0.1,4.01744908892146,2.28125399299704));
#11809=CARTESIAN_POINT('Ctrl Pts',(-0.1,4.01744908892146,2.17207931350986));
#11810=CARTESIAN_POINT('Ctrl Pts',(0.02,4.01744908892146,2.17207931350986));
#11811=CARTESIAN_POINT('Ctrl Pts',(-0.1,4.00331095080297,2.17740277383145));
#11812=CARTESIAN_POINT('Ctrl Pts',(0.02,4.00331095080297,2.17740277383145));
#11813=CARTESIAN_POINT('Ctrl Pts',(-0.1,3.97565383681717,2.18781656012207));
#11814=CARTESIAN_POINT('Ctrl Pts',(0.02,3.97565383681717,2.18781656012207));
#11815=CARTESIAN_POINT('Ctrl Pts',(-0.1,3.93461257585057,2.20233859338653));
#11816=CARTESIAN_POINT('Ctrl Pts',(0.02,3.93461257585057,2.20233859338653));
#11817=CARTESIAN_POINT('Ctrl Pts',(-0.1,3.89492358456606,2.21532041687159));
#11818=CARTESIAN_POINT('Ctrl Pts',(0.02,3.89492358456606,2.21532041687159));
#11819=CARTESIAN_POINT('Ctrl Pts',(-0.1,3.86876078010863,2.22314699386058));
#11820=CARTESIAN_POINT('Ctrl Pts',(0.02,3.86876078010863,2.22314699386058));
#11821=CARTESIAN_POINT('Ctrl Pts',(-0.1,3.85599075558813,2.22696713402268));
#11822=CARTESIAN_POINT('Ctrl Pts',(0.02,3.85599075558813,2.22696713402268));
#11823=CARTESIAN_POINT('',(-0.1,4.01744908892146,2.17207931350986));
#11824=CARTESIAN_POINT('',(-0.1,4.01744908892146,2.17207931350986));
#11825=CARTESIAN_POINT('Ctrl Pts',(-0.1,4.01744908892146,2.17207931350986));
#11826=CARTESIAN_POINT('Ctrl Pts',(-0.1,4.00331095080297,2.17740277383145));
#11827=CARTESIAN_POINT('Ctrl Pts',(-0.1,3.97565383681717,2.18781656012207));
#11828=CARTESIAN_POINT('Ctrl Pts',(-0.1,3.93461257585057,2.20233859338653));
#11829=CARTESIAN_POINT('Ctrl Pts',(-0.1,3.89492358456606,2.21532041687159));
#11830=CARTESIAN_POINT('Ctrl Pts',(-0.1,3.86876078010863,2.22314699386058));
#11831=CARTESIAN_POINT('Ctrl Pts',(-0.1,3.85599075558813,2.22696713402268));
#11832=CARTESIAN_POINT('Origin',(-0.1,4.73419588379326,1.90004405709961));
#11833=CARTESIAN_POINT('',(-0.1,4.73419588379326,1.90004405709961));
#11834=CARTESIAN_POINT('',(-0.1,4.73419588379326,1.90004405709961));
#11835=CARTESIAN_POINT('',(-0.1,4.73419588379326,1.90004405709961));
#11836=CARTESIAN_POINT('Origin',(-0.1,4.73419588379326,1.74719950581755));
#11837=CARTESIAN_POINT('',(-0.1,4.73419588379326,1.74719950581755));
#11838=CARTESIAN_POINT('',(-0.1,4.73419588379326,1.74719950581755));
#11839=CARTESIAN_POINT('',(-0.1,4.73419588379326,1.74719950581755));
#11840=CARTESIAN_POINT('Origin',(-0.1,3.73419588379326,2.15044469812525));
#11841=CARTESIAN_POINT('',(-0.1,3.73419588379326,2.15044469812525));
#11842=CARTESIAN_POINT('Origin',(-0.1,3.93730236300754,2.20124030984886));
#11843=CARTESIAN_POINT('Origin',(-0.1,0.,0.));
#11844=CARTESIAN_POINT('',(-0.1,3.73419588379326,3.1949158519714));
#11845=CARTESIAN_POINT('',(-0.1,3.73419588379326,3.04527642889448));
#11846=CARTESIAN_POINT('',(-0.1,3.73419588379326,3.1949158519714));
#11847=CARTESIAN_POINT('',(-0.1,4.04188819148556,3.30869790325345));
#11848=CARTESIAN_POINT('',(-0.1,4.04188819148556,3.30869790325345));
#11849=CARTESIAN_POINT('',(-0.1,4.04188819148556,3.7349799545355));
#11850=CARTESIAN_POINT('',(-0.1,4.04188819148556,3.7349799545355));
#11851=CARTESIAN_POINT('',(-0.1,3.73419588379326,3.84876200581755));
#11852=CARTESIAN_POINT('',(-0.1,3.73419588379326,3.84876200581755));
#11853=CARTESIAN_POINT('',(-0.1,3.73419588379326,3.99840142889448));
#11854=CARTESIAN_POINT('',(-0.1,3.73419588379326,3.99840142889448));
#11855=CARTESIAN_POINT('',(-0.1,4.73419588379326,3.60136617248422));
#11856=CARTESIAN_POINT('',(-0.1,4.73419588379326,3.60136617248422));
#11857=CARTESIAN_POINT('',(-0.1,4.73419588379326,3.44231168530473));
#11858=CARTESIAN_POINT('',(-0.1,4.73419588379326,3.44231168530473));
#11859=CARTESIAN_POINT('',(-0.1,3.73419588379326,3.04527642889448));
#11860=CARTESIAN_POINT('',(-0.1,4.43411575558813,3.45352963402268));
#11861=CARTESIAN_POINT('',(-0.1,4.15727280687018,3.3511658519714));
#11862=CARTESIAN_POINT('',(-0.1,4.43411575558813,3.45352963402268));
#11863=CARTESIAN_POINT('',(-0.1,4.61881126840864,3.52183892889448));
#11864=CARTESIAN_POINT('Ctrl Pts',(-0.1,4.61881126840864,3.52183892889448));
#11865=CARTESIAN_POINT('Ctrl Pts',(-0.1,4.60298136669751,3.51801405720198));
#11866=CARTESIAN_POINT('Ctrl Pts',(-0.1,4.57125629163146,3.51034854267277));
#11867=CARTESIAN_POINT('Ctrl Pts',(-0.1,4.52477480068022,3.49429882157586));
#11868=CARTESIAN_POINT('Ctrl Pts',(-0.1,4.47871840394388,3.47593849807008));
#11869=CARTESIAN_POINT('Ctrl Pts',(-0.1,4.44903997628164,3.46102772763064));
#11870=CARTESIAN_POINT('Ctrl Pts',(-0.1,4.43411575558813,3.45352963402268));
#11871=CARTESIAN_POINT('',(-0.1,4.42009331969069,3.59535655709961));
#11872=CARTESIAN_POINT('Ctrl Pts',(-0.1,4.42009331969069,3.59535655709961));
#11873=CARTESIAN_POINT('Ctrl Pts',(-0.1,4.43024834614039,3.59163196406857));
#11874=CARTESIAN_POINT('Ctrl Pts',(-0.1,4.45010334026254,3.58434968143693));
#11875=CARTESIAN_POINT('Ctrl Pts',(-0.1,4.47895097061712,3.57348960407012));
#11876=CARTESIAN_POINT('Ctrl Pts',(-0.1,4.50634586443305,3.56356801239112));
#11877=CARTESIAN_POINT('Ctrl Pts',(-0.1,4.53189521817244,3.55383907700995));
#11878=CARTESIAN_POINT('Ctrl Pts',(-0.1,4.55597016187857,3.54505659326666));
#11879=CARTESIAN_POINT('Ctrl Pts',(-0.1,4.57840808021124,3.53696155288705));
#11880=CARTESIAN_POINT('Ctrl Pts',(-0.1,4.59905301889762,3.52895562625524));
#11881=CARTESIAN_POINT('Ctrl Pts',(-0.1,4.61239177650463,3.52415115706354));
#11882=CARTESIAN_POINT('Ctrl Pts',(-0.1,4.61881126840864,3.52183892889448));
#11883=CARTESIAN_POINT('',(-0.1,4.15727280687018,3.69251200581755));
#11884=CARTESIAN_POINT('',(-0.1,4.15727280687018,3.69251200581755));
#11885=CARTESIAN_POINT('',(-0.1,4.15727280687018,3.3511658519714));
#11886=CARTESIAN_POINT('Origin',(-0.1,3.73419588379326,3.1949158519714));
#11887=CARTESIAN_POINT('',(-0.1,3.73419588379326,3.1949158519714));
#11888=CARTESIAN_POINT('',(-0.1,3.73419588379326,3.04527642889448));
#11889=CARTESIAN_POINT('Origin',(-0.1,4.04188819148556,3.30869790325345));
#11890=CARTESIAN_POINT('',(-0.1,4.04188819148556,3.30869790325345));
#11891=CARTESIAN_POINT('Origin',(-0.1,4.04188819148556,3.7349799545355));
#11892=CARTESIAN_POINT('',(-0.1,4.04188819148556,3.7349799545355));
#11893=CARTESIAN_POINT('Origin',(-0.1,3.73419588379326,3.84876200581755));
#11894=CARTESIAN_POINT('',(-0.1,3.73419588379326,3.84876200581755));
#11895=CARTESIAN_POINT('Origin',(-0.1,3.73419588379326,3.99840142889448));
#11896=CARTESIAN_POINT('',(-0.1,3.73419588379326,3.99840142889448));
#11897=CARTESIAN_POINT('Origin',(-0.1,4.73419588379326,3.60136617248422));
#11898=CARTESIAN_POINT('',(-0.1,4.73419588379326,3.60136617248422));
#11899=CARTESIAN_POINT('Origin',(-0.1,4.73419588379326,3.44231168530473));
#11900=CARTESIAN_POINT('',(-0.1,4.73419588379326,3.44231168530473));
#11901=CARTESIAN_POINT('Origin',(-0.1,3.73419588379326,3.04527642889448));
#11902=CARTESIAN_POINT('Origin',(-0.1,4.43411575558813,3.45352963402268));
#11903=CARTESIAN_POINT('',(1.35525271560688E-17,4.43411575558813,3.45352963402268));
#11904=CARTESIAN_POINT('',(0.,4.15727280687018,3.3511658519714));
#11905=CARTESIAN_POINT('',(0.,4.43411575558813,3.45352963402268));
#11906=CARTESIAN_POINT('',(-0.1,4.43411575558813,3.45352963402268));
#11907=CARTESIAN_POINT('',(-0.1,4.15727280687018,3.3511658519714));
#11908=CARTESIAN_POINT('Origin',(-0.1,4.15727280687018,3.3511658519714));
#11909=CARTESIAN_POINT('',(0.,4.15727280687018,3.69251200581755));
#11910=CARTESIAN_POINT('',(0.,4.15727280687018,3.3511658519714));
#11911=CARTESIAN_POINT('',(-0.1,4.15727280687018,3.69251200581755));
#11912=CARTESIAN_POINT('Origin',(-0.1,4.15727280687018,3.69251200581755));
#11913=CARTESIAN_POINT('',(0.,4.42009331969069,3.59535655709961));
#11914=CARTESIAN_POINT('',(0.,4.15727280687018,3.69251200581755));
#11915=CARTESIAN_POINT('',(-0.1,4.42009331969069,3.59535655709961));
#11916=CARTESIAN_POINT('Ctrl Pts',(-0.1,4.42009331969069,3.59535655709961));
#11917=CARTESIAN_POINT('Ctrl Pts',(0.02,4.42009331969069,3.59535655709961));
#11918=CARTESIAN_POINT('Ctrl Pts',(-0.1,4.43024834614039,3.59163196406857));
#11919=CARTESIAN_POINT('Ctrl Pts',(0.02,4.43024834614039,3.59163196406857));
#11920=CARTESIAN_POINT('Ctrl Pts',(-0.1,4.45010334026254,3.58434968143693));
#11921=CARTESIAN_POINT('Ctrl Pts',(0.02,4.45010334026254,3.58434968143693));
#11922=CARTESIAN_POINT('Ctrl Pts',(-0.1,4.47895097061712,3.57348960407012));
#11923=CARTESIAN_POINT('Ctrl Pts',(0.02,4.47895097061712,3.57348960407012));
#11924=CARTESIAN_POINT('Ctrl Pts',(-0.1,4.50634586443305,3.56356801239112));
#11925=CARTESIAN_POINT('Ctrl Pts',(0.02,4.50634586443305,3.56356801239112));
#11926=CARTESIAN_POINT('Ctrl Pts',(-0.1,4.53189521817244,3.55383907700995));
#11927=CARTESIAN_POINT('Ctrl Pts',(0.02,4.53189521817244,3.55383907700995));
#11928=CARTESIAN_POINT('Ctrl Pts',(-0.1,4.55597016187857,3.54505659326666));
#11929=CARTESIAN_POINT('Ctrl Pts',(0.02,4.55597016187857,3.54505659326666));
#11930=CARTESIAN_POINT('Ctrl Pts',(-0.1,4.57840808021124,3.53696155288705));
#11931=CARTESIAN_POINT('Ctrl Pts',(0.02,4.57840808021124,3.53696155288705));
#11932=CARTESIAN_POINT('Ctrl Pts',(-0.1,4.59905301889762,3.52895562625524));
#11933=CARTESIAN_POINT('Ctrl Pts',(0.02,4.59905301889762,3.52895562625524));
#11934=CARTESIAN_POINT('Ctrl Pts',(-0.1,4.61239177650463,3.52415115706354));
#11935=CARTESIAN_POINT('Ctrl Pts',(0.02,4.61239177650463,3.52415115706354));
#11936=CARTESIAN_POINT('Ctrl Pts',(-0.1,4.61881126840864,3.52183892889448));
#11937=CARTESIAN_POINT('Ctrl Pts',(0.02,4.61881126840864,3.52183892889448));
#11938=CARTESIAN_POINT('',(0.,4.61881126840864,3.52183892889448));
#11939=CARTESIAN_POINT('Ctrl Pts',(0.,4.42009331969069,3.59535655709961));
#11940=CARTESIAN_POINT('Ctrl Pts',(0.,4.43024834614039,3.59163196406857));
#11941=CARTESIAN_POINT('Ctrl Pts',(0.,4.45010334026254,3.58434968143693));
#11942=CARTESIAN_POINT('Ctrl Pts',(0.,4.47895097061712,3.57348960407012));
#11943=CARTESIAN_POINT('Ctrl Pts',(0.,4.50634586443305,3.56356801239112));
#11944=CARTESIAN_POINT('Ctrl Pts',(0.,4.53189521817244,3.55383907700995));
#11945=CARTESIAN_POINT('Ctrl Pts',(0.,4.55597016187857,3.54505659326666));
#11946=CARTESIAN_POINT('Ctrl Pts',(0.,4.57840808021124,3.53696155288705));
#11947=CARTESIAN_POINT('Ctrl Pts',(0.,4.59905301889762,3.52895562625524));
#11948=CARTESIAN_POINT('Ctrl Pts',(0.,4.61239177650463,3.52415115706354));
#11949=CARTESIAN_POINT('Ctrl Pts',(0.,4.61881126840864,3.52183892889448));
#11950=CARTESIAN_POINT('',(-0.1,4.61881126840864,3.52183892889448));
#11951=CARTESIAN_POINT('Ctrl Pts',(-0.1,4.61881126840864,3.52183892889448));
#11952=CARTESIAN_POINT('Ctrl Pts',(0.02,4.61881126840864,3.52183892889448));
#11953=CARTESIAN_POINT('Ctrl Pts',(-0.1,4.60298136669751,3.51801405720198));
#11954=CARTESIAN_POINT('Ctrl Pts',(0.02,4.60298136669751,3.51801405720198));
#11955=CARTESIAN_POINT('Ctrl Pts',(-0.1,4.57125629163146,3.51034854267277));
#11956=CARTESIAN_POINT('Ctrl Pts',(0.02,4.57125629163146,3.51034854267277));
#11957=CARTESIAN_POINT('Ctrl Pts',(-0.1,4.52477480068022,3.49429882157586));
#11958=CARTESIAN_POINT('Ctrl Pts',(0.02,4.52477480068022,3.49429882157586));
#11959=CARTESIAN_POINT('Ctrl Pts',(-0.1,4.47871840394388,3.47593849807008));
#11960=CARTESIAN_POINT('Ctrl Pts',(0.02,4.47871840394388,3.47593849807008));
#11961=CARTESIAN_POINT('Ctrl Pts',(-0.1,4.44903997628164,3.46102772763064));
#11962=CARTESIAN_POINT('Ctrl Pts',(0.02,4.44903997628164,3.46102772763064));
#11963=CARTESIAN_POINT('Ctrl Pts',(-0.1,4.43411575558813,3.45352963402268));
#11964=CARTESIAN_POINT('Ctrl Pts',(0.02,4.43411575558813,3.45352963402268));
#11965=CARTESIAN_POINT('Ctrl Pts',(0.,4.61881126840864,3.52183892889448));
#11966=CARTESIAN_POINT('Ctrl Pts',(0.,4.60298136669751,3.51801405720198));
#11967=CARTESIAN_POINT('Ctrl Pts',(0.,4.57125629163146,3.51034854267277));
#11968=CARTESIAN_POINT('Ctrl Pts',(0.,4.52477480068022,3.49429882157586));
#11969=CARTESIAN_POINT('Ctrl Pts',(0.,4.47871840394388,3.47593849807008));
#11970=CARTESIAN_POINT('Ctrl Pts',(0.,4.44903997628164,3.46102772763064));
#11971=CARTESIAN_POINT('Ctrl Pts',(1.35525271560688E-17,4.43411575558813,
3.45352963402268));
#11972=CARTESIAN_POINT('Origin',(0.,0.,0.));
#11973=CARTESIAN_POINT('Ctrl Pts',(-0.1,3.83675998635736,4.50421072376627));
#11974=CARTESIAN_POINT('Ctrl Pts',(0.02,3.83675998635736,4.50421072376627));
#11975=CARTESIAN_POINT('Ctrl Pts',(-0.1,3.83694224571541,4.51290128543554));
#11976=CARTESIAN_POINT('Ctrl Pts',(0.02,3.83694224571541,4.51290128543554));
#11977=CARTESIAN_POINT('Ctrl Pts',(-0.1,3.83730227239243,4.53006821761831));
#11978=CARTESIAN_POINT('Ctrl Pts',(0.02,3.83730227239243,4.53006821761831));
#11979=CARTESIAN_POINT('Ctrl Pts',(-0.1,3.84045360614707,4.55523711998586));
#11980=CARTESIAN_POINT('Ctrl Pts',(0.02,3.84045360614707,4.55523711998586));
#11981=CARTESIAN_POINT('Ctrl Pts',(-0.1,3.8450975086319,4.57949959489491));
#11982=CARTESIAN_POINT('Ctrl Pts',(0.02,3.8450975086319,4.57949959489491));
#11983=CARTESIAN_POINT('Ctrl Pts',(-0.1,3.85226351909939,4.60256170585325));
#11984=CARTESIAN_POINT('Ctrl Pts',(0.02,3.85226351909939,4.60256170585325));
#11985=CARTESIAN_POINT('Ctrl Pts',(-0.1,3.86103745932788,4.6247336643244));
#11986=CARTESIAN_POINT('Ctrl Pts',(0.02,3.86103745932788,4.6247336643244));
#11987=CARTESIAN_POINT('Ctrl Pts',(-0.1,3.87185726210373,4.64583380908901));
#11988=CARTESIAN_POINT('Ctrl Pts',(0.02,3.87185726210373,4.64583380908901));
#11989=CARTESIAN_POINT('Ctrl Pts',(-0.1,3.88487032689217,4.66579578346015));
#11990=CARTESIAN_POINT('Ctrl Pts',(0.02,3.88487032689217,4.66579578346015));
#11991=CARTESIAN_POINT('Ctrl Pts',(-0.1,3.89964543963575,4.68485438413281));
#11992=CARTESIAN_POINT('Ctrl Pts',(0.02,3.89964543963575,4.68485438413281));
#11993=CARTESIAN_POINT('Ctrl Pts',(-0.1,3.91645699307712,4.70265815367096));
#11994=CARTESIAN_POINT('Ctrl Pts',(0.02,3.91645699307712,4.70265815367096));
#11995=CARTESIAN_POINT('Ctrl Pts',(-0.1,3.93516954518049,4.71897435132652));
#11996=CARTESIAN_POINT('Ctrl Pts',(0.02,3.93516954518049,4.71897435132652));
#11997=CARTESIAN_POINT('Ctrl Pts',(-0.1,3.95586840373074,4.73361182409428));
#11998=CARTESIAN_POINT('Ctrl Pts',(0.02,3.95586840373074,4.73361182409428));
#11999=CARTESIAN_POINT('Ctrl Pts',(-0.1,3.9782213822644,4.74718444479095));
#12000=CARTESIAN_POINT('Ctrl Pts',(0.02,3.9782213822644,4.74718444479095));
#12001=CARTESIAN_POINT('Ctrl Pts',(-0.1,4.00289624681315,4.75858794069322));
#12002=CARTESIAN_POINT('Ctrl Pts',(0.02,4.00289624681315,4.75858794069322));
#12003=CARTESIAN_POINT('Ctrl Pts',(-0.1,4.02915754828177,4.76915027048121));
#12004=CARTESIAN_POINT('Ctrl Pts',(0.02,4.02915754828177,4.76915027048121));
#12005=CARTESIAN_POINT('Ctrl Pts',(-0.1,4.05743691449442,4.77795156666478));
#12006=CARTESIAN_POINT('Ctrl Pts',(0.02,4.05743691449442,4.77795156666478));
#12007=CARTESIAN_POINT('Ctrl Pts',(-0.1,4.07711039466843,4.78239136351333));
#12008=CARTESIAN_POINT('Ctrl Pts',(0.02,4.07711039466843,4.78239136351333));
#12009=CARTESIAN_POINT('Ctrl Pts',(-0.1,4.087160627383,4.78465944171499));
#12010=CARTESIAN_POINT('Ctrl Pts',(0.02,4.087160627383,4.78465944171499));
#12011=CARTESIAN_POINT('',(-0.1,3.83675998635736,4.50421072376627));
#12012=CARTESIAN_POINT('',(-0.1,3.83675998635736,4.50421072376627));
#12013=CARTESIAN_POINT('',(-0.1,4.087160627383,4.78465944171499));
#12014=CARTESIAN_POINT('Ctrl Pts',(-0.1,3.83675998635736,4.50421072376627));
#12015=CARTESIAN_POINT('Ctrl Pts',(-0.1,3.83694224571541,4.51290128543554));
#12016=CARTESIAN_POINT('Ctrl Pts',(-0.1,3.83730227239243,4.53006821761831));
#12017=CARTESIAN_POINT('Ctrl Pts',(-0.1,3.84045360614707,4.55523711998586));
#12018=CARTESIAN_POINT('Ctrl Pts',(-0.1,3.8450975086319,4.57949959489491));
#12019=CARTESIAN_POINT('Ctrl Pts',(-0.1,3.85226351909939,4.60256170585325));
#12020=CARTESIAN_POINT('Ctrl Pts',(-0.1,3.86103745932788,4.6247336643244));
#12021=CARTESIAN_POINT('Ctrl Pts',(-0.1,3.87185726210373,4.64583380908901));
#12022=CARTESIAN_POINT('Ctrl Pts',(-0.1,3.88487032689217,4.66579578346015));
#12023=CARTESIAN_POINT('Ctrl Pts',(-0.1,3.89964543963575,4.68485438413281));
#12024=CARTESIAN_POINT('Ctrl Pts',(-0.1,3.91645699307712,4.70265815367096));
#12025=CARTESIAN_POINT('Ctrl Pts',(-0.1,3.93516954518049,4.71897435132652));
#12026=CARTESIAN_POINT('Ctrl Pts',(-0.1,3.95586840373074,4.73361182409428));
#12027=CARTESIAN_POINT('Ctrl Pts',(-0.1,3.9782213822644,4.74718444479095));
#12028=CARTESIAN_POINT('Ctrl Pts',(-0.1,4.00289624681315,4.75858794069322));
#12029=CARTESIAN_POINT('Ctrl Pts',(-0.1,4.02915754828177,4.76915027048121));
#12030=CARTESIAN_POINT('Ctrl Pts',(-0.1,4.05743691449442,4.77795156666478));
#12031=CARTESIAN_POINT('Ctrl Pts',(-0.1,4.07711039466843,4.78239136351333));
#12032=CARTESIAN_POINT('Ctrl Pts',(-0.1,4.087160627383,4.78465944171499));
#12033=CARTESIAN_POINT('',(-0.1,4.087160627383,4.78465944171499));
#12034=CARTESIAN_POINT('Ctrl Pts',(-0.1,4.24220870430608,4.1949158519714));
#12035=CARTESIAN_POINT('Ctrl Pts',(0.02,4.24220870430608,4.1949158519714));
#12036=CARTESIAN_POINT('Ctrl Pts',(-0.1,4.22195420986132,4.19528483175423));
#12037=CARTESIAN_POINT('Ctrl Pts',(0.02,4.22195420986132,4.19528483175423));
#12038=CARTESIAN_POINT('Ctrl Pts',(-0.1,4.18265865640247,4.19600068594753));
#12039=CARTESIAN_POINT('Ctrl Pts',(0.02,4.18265865640247,4.19600068594753));
#12040=CARTESIAN_POINT('Ctrl Pts',(-0.1,4.1257129086095,4.20306440733566));
#12041=CARTESIAN_POINT('Ctrl Pts',(0.02,4.1257129086095,4.20306440733566));
#12042=CARTESIAN_POINT('Ctrl Pts',(-0.1,4.07259785403369,4.21383401923705));
#12043=CARTESIAN_POINT('Ctrl Pts',(0.02,4.07259785403369,4.21383401923705));
#12044=CARTESIAN_POINT('Ctrl Pts',(-0.1,4.03115752833408,4.22683138921018));
#12045=CARTESIAN_POINT('Ctrl Pts',(0.02,4.03115752833408,4.22683138921018));
#12046=CARTESIAN_POINT('Ctrl Pts',(-0.1,4.00059036385056,4.23986905719258));
#12047=CARTESIAN_POINT('Ctrl Pts',(0.02,4.00059036385056,4.23986905719258));
#12048=CARTESIAN_POINT('Ctrl Pts',(-0.1,3.97918373773093,4.25041326797593));
#12049=CARTESIAN_POINT('Ctrl Pts',(0.02,3.97918373773093,4.25041326797593));
#12050=CARTESIAN_POINT('Ctrl Pts',(-0.1,3.95937508441545,4.26244906393383));
#12051=CARTESIAN_POINT('Ctrl Pts',(0.02,3.95937508441545,4.26244906393383));
#12052=CARTESIAN_POINT('Ctrl Pts',(-0.1,3.94105190815087,4.27567707095335));
#12053=CARTESIAN_POINT('Ctrl Pts',(0.02,3.94105190815087,4.27567707095335));
#12054=CARTESIAN_POINT('Ctrl Pts',(-0.1,3.92426765710217,4.29026767964891));
#12055=CARTESIAN_POINT('Ctrl Pts',(0.02,3.92426765710217,4.29026767964891));
#12056=CARTESIAN_POINT('Ctrl Pts',(-0.1,3.90893317214822,4.30601761330237));
#12057=CARTESIAN_POINT('Ctrl Pts',(0.02,3.90893317214822,4.30601761330237));
#12058=CARTESIAN_POINT('Ctrl Pts',(-0.1,3.89490089944175,4.32293039001938));
#12059=CARTESIAN_POINT('Ctrl Pts',(0.02,3.89490089944175,4.32293039001938));
#12060=CARTESIAN_POINT('Ctrl Pts',(-0.1,3.88282771516866,4.34120641050072));
#12061=CARTESIAN_POINT('Ctrl Pts',(0.02,3.88282771516866,4.34120641050072));
#12062=CARTESIAN_POINT('Ctrl Pts',(-0.1,3.8721077802964,4.36014220774221));
#12063=CARTESIAN_POINT('Ctrl Pts',(0.02,3.8721077802964,4.36014220774221));
#12064=CARTESIAN_POINT('Ctrl Pts',(-0.1,3.86257540949292,4.37949882723994));
#12065=CARTESIAN_POINT('Ctrl Pts',(0.02,3.86257540949292,4.37949882723994));
#12066=CARTESIAN_POINT('Ctrl Pts',(-0.1,3.85451335216163,4.39928845613387));
#12067=CARTESIAN_POINT('Ctrl Pts',(0.02,3.85451335216163,4.39928845613387));
#12068=CARTESIAN_POINT('Ctrl Pts',(-0.1,3.84825058229256,4.41959093721847));
#12069=CARTESIAN_POINT('Ctrl Pts',(0.02,3.84825058229256,4.41959093721847));
#12070=CARTESIAN_POINT('Ctrl Pts',(-0.1,3.84283867843595,4.44012116934923));
#12071=CARTESIAN_POINT('Ctrl Pts',(0.02,3.84283867843595,4.44012116934923));
#12072=CARTESIAN_POINT('Ctrl Pts',(-0.1,3.83930336883514,4.46110527187515));
#12073=CARTESIAN_POINT('Ctrl Pts',(0.02,3.83930336883514,4.46110527187515));
#12074=CARTESIAN_POINT('Ctrl Pts',(-0.1,3.83730815147995,4.4825372609459));
#12075=CARTESIAN_POINT('Ctrl Pts',(0.02,3.83730815147995,4.4825372609459));
#12076=CARTESIAN_POINT('Ctrl Pts',(-0.1,3.83694417309057,4.49692831167975));
#12077=CARTESIAN_POINT('Ctrl Pts',(0.02,3.83694417309057,4.49692831167975));
#12078=CARTESIAN_POINT('Ctrl Pts',(-0.1,3.83675998635736,4.50421072376627));
#12079=CARTESIAN_POINT('Ctrl Pts',(0.02,3.83675998635736,4.50421072376627));
#12080=CARTESIAN_POINT('',(-0.1,4.24220870430608,4.1949158519714));
#12081=CARTESIAN_POINT('',(-0.1,4.24220870430608,4.1949158519714));
#12082=CARTESIAN_POINT('Ctrl Pts',(-0.1,4.24220870430608,4.1949158519714));
#12083=CARTESIAN_POINT('Ctrl Pts',(-0.1,4.22195420986132,4.19528483175423));
#12084=CARTESIAN_POINT('Ctrl Pts',(-0.1,4.18265865640247,4.19600068594753));
#12085=CARTESIAN_POINT('Ctrl Pts',(-0.1,4.1257129086095,4.20306440733566));
#12086=CARTESIAN_POINT('Ctrl Pts',(-0.1,4.07259785403369,4.21383401923705));
#12087=CARTESIAN_POINT('Ctrl Pts',(-0.1,4.03115752833408,4.22683138921018));
#12088=CARTESIAN_POINT('Ctrl Pts',(-0.1,4.00059036385056,4.23986905719258));
#12089=CARTESIAN_POINT('Ctrl Pts',(-0.1,3.97918373773093,4.25041326797593));
#12090=CARTESIAN_POINT('Ctrl Pts',(-0.1,3.95937508441545,4.26244906393383));
#12091=CARTESIAN_POINT('Ctrl Pts',(-0.1,3.94105190815087,4.27567707095335));
#12092=CARTESIAN_POINT('Ctrl Pts',(-0.1,3.92426765710217,4.29026767964891));
#12093=CARTESIAN_POINT('Ctrl Pts',(-0.1,3.90893317214822,4.30601761330237));
#12094=CARTESIAN_POINT('Ctrl Pts',(-0.1,3.89490089944175,4.32293039001938));
#12095=CARTESIAN_POINT('Ctrl Pts',(-0.1,3.88282771516866,4.34120641050072));
#12096=CARTESIAN_POINT('Ctrl Pts',(-0.1,3.8721077802964,4.36014220774221));
#12097=CARTESIAN_POINT('Ctrl Pts',(-0.1,3.86257540949292,4.37949882723994));
#12098=CARTESIAN_POINT('Ctrl Pts',(-0.1,3.85451335216163,4.39928845613387));
#12099=CARTESIAN_POINT('Ctrl Pts',(-0.1,3.84825058229256,4.41959093721847));
#12100=CARTESIAN_POINT('Ctrl Pts',(-0.1,3.84283867843595,4.44012116934923));
#12101=CARTESIAN_POINT('Ctrl Pts',(-0.1,3.83930336883514,4.46110527187515));
#12102=CARTESIAN_POINT('Ctrl Pts',(-0.1,3.83730815147995,4.4825372609459));
#12103=CARTESIAN_POINT('Ctrl Pts',(-0.1,3.83694417309057,4.49692831167975));
#12104=CARTESIAN_POINT('Ctrl Pts',(-0.1,3.83675998635736,4.50421072376627));
#12105=CARTESIAN_POINT('Ctrl Pts',(-0.1,4.63163178122916,4.50781649299704));
#12106=CARTESIAN_POINT('Ctrl Pts',(0.02,4.63163178122916,4.50781649299704));
#12107=CARTESIAN_POINT('Ctrl Pts',(-0.1,4.63150378692546,4.49899477930056));
#12108=CARTESIAN_POINT('Ctrl Pts',(0.02,4.63150378692546,4.49899477930056));
#12109=CARTESIAN_POINT('Ctrl Pts',(-0.1,4.63125205990221,4.481645071816));
#12110=CARTESIAN_POINT('Ctrl Pts',(0.02,4.63125205990221,4.481645071816));
#12111=CARTESIAN_POINT('Ctrl Pts',(-0.1,4.62849693555841,4.45615626437935));
#12112=CARTESIAN_POINT('Ctrl Pts',(0.02,4.62849693555841,4.45615626437935));
#12113=CARTESIAN_POINT('Ctrl Pts',(-0.1,4.62443890624698,4.43167814384353));
#12114=CARTESIAN_POINT('Ctrl Pts',(0.02,4.62443890624698,4.43167814384353));
#12115=CARTESIAN_POINT('Ctrl Pts',(-0.1,4.61835354244631,4.40839314480366));
#12116=CARTESIAN_POINT('Ctrl Pts',(0.02,4.61835354244631,4.40839314480366));
#12117=CARTESIAN_POINT('Ctrl Pts',(-0.1,4.61076667625114,4.38617385008218));
#12118=CARTESIAN_POINT('Ctrl Pts',(0.02,4.61076667625114,4.38617385008218));
#12119=CARTESIAN_POINT('Ctrl Pts',(-0.1,4.60131968543789,4.36515211287526));
#12120=CARTESIAN_POINT('Ctrl Pts',(0.02,4.60131968543789,4.36515211287526));
#12121=CARTESIAN_POINT('Ctrl Pts',(-0.1,4.59024670407471,4.34514911291507));
#12122=CARTESIAN_POINT('Ctrl Pts',(0.02,4.59024670407471,4.34514911291507));
#12123=CARTESIAN_POINT('Ctrl Pts',(-0.1,4.57748123756138,4.32638809387196));
#12124=CARTESIAN_POINT('Ctrl Pts',(0.02,4.57748123756138,4.32638809387196));
#12125=CARTESIAN_POINT('Ctrl Pts',(-0.1,4.56313039646304,4.30902672514704));
#12126=CARTESIAN_POINT('Ctrl Pts',(0.02,4.56313039646304,4.30902672514704));
#12127=CARTESIAN_POINT('Ctrl Pts',(-0.1,4.54795931204089,4.29259386944363));
#12128=CARTESIAN_POINT('Ctrl Pts',(0.02,4.54795931204089,4.29259386944363));
#12129=CARTESIAN_POINT('Ctrl Pts',(-0.1,4.53126043956434,4.27787848615112));
#12130=CARTESIAN_POINT('Ctrl Pts',(0.02,4.53126043956434,4.27787848615112));
#12131=CARTESIAN_POINT('Ctrl Pts',(-0.1,4.51358440699927,4.26431943363707));
#12132=CARTESIAN_POINT('Ctrl Pts',(0.02,4.51358440699927,4.26431943363707));
#12133=CARTESIAN_POINT('Ctrl Pts',(-0.1,4.49461886604966,4.25231155104253));
#12134=CARTESIAN_POINT('Ctrl Pts',(0.02,4.49461886604966,4.25231155104253));
#12135=CARTESIAN_POINT('Ctrl Pts',(-0.1,4.47462215034258,4.24150244518684));
#12136=CARTESIAN_POINT('Ctrl Pts',(0.02,4.47462215034258,4.24150244518684));
#12137=CARTESIAN_POINT('Ctrl Pts',(-0.1,4.45343037109832,4.23196101587815));
#12138=CARTESIAN_POINT('Ctrl Pts',(0.02,4.45343037109832,4.23196101587815));
#12139=CARTESIAN_POINT('Ctrl Pts',(-0.1,4.42360454692266,4.22156021002725));
#12140=CARTESIAN_POINT('Ctrl Pts',(0.02,4.42360454692266,4.22156021002725));
#12141=CARTESIAN_POINT('Ctrl Pts',(-0.1,4.38518957516948,4.2109551944386));
#12142=CARTESIAN_POINT('Ctrl Pts',(0.02,4.38518957516948,4.2109551944386));
#12143=CARTESIAN_POINT('Ctrl Pts',(-0.1,4.33818210073114,4.20175533033743));
#12144=CARTESIAN_POINT('Ctrl Pts',(0.02,4.33818210073114,4.20175533033743));
#12145=CARTESIAN_POINT('Ctrl Pts',(-0.1,4.29043402674541,4.19589523380528));
#12146=CARTESIAN_POINT('Ctrl Pts',(0.02,4.29043402674541,4.19589523380528));
#12147=CARTESIAN_POINT('Ctrl Pts',(-0.1,4.25831780196181,4.19524300287068));
#12148=CARTESIAN_POINT('Ctrl Pts',(0.02,4.25831780196181,4.19524300287068));
#12149=CARTESIAN_POINT('Ctrl Pts',(-0.1,4.24220870430608,4.1949158519714));
#12150=CARTESIAN_POINT('Ctrl Pts',(0.02,4.24220870430608,4.1949158519714));
#12151=CARTESIAN_POINT('',(-0.1,4.63163178122915,4.50781649299704));
#12152=CARTESIAN_POINT('',(-0.1,4.63163178122915,4.50781649299704));
#12153=CARTESIAN_POINT('Ctrl Pts',(-0.1,4.63163178122915,4.50781649299704));
#12154=CARTESIAN_POINT('Ctrl Pts',(-0.1,4.63150378692546,4.49899477930056));
#12155=CARTESIAN_POINT('Ctrl Pts',(-0.1,4.63125205990221,4.481645071816));
#12156=CARTESIAN_POINT('Ctrl Pts',(-0.1,4.62849693555841,4.45615626437935));
#12157=CARTESIAN_POINT('Ctrl Pts',(-0.1,4.62443890624698,4.43167814384353));
#12158=CARTESIAN_POINT('Ctrl Pts',(-0.1,4.61835354244631,4.40839314480366));
#12159=CARTESIAN_POINT('Ctrl Pts',(-0.1,4.61076667625114,4.38617385008218));
#12160=CARTESIAN_POINT('Ctrl Pts',(-0.1,4.60131968543789,4.36515211287526));
#12161=CARTESIAN_POINT('Ctrl Pts',(-0.1,4.59024670407471,4.34514911291507));
#12162=CARTESIAN_POINT('Ctrl Pts',(-0.1,4.57748123756138,4.32638809387196));
#12163=CARTESIAN_POINT('Ctrl Pts',(-0.1,4.56313039646304,4.30902672514704));
#12164=CARTESIAN_POINT('Ctrl Pts',(-0.1,4.54795931204089,4.29259386944363));
#12165=CARTESIAN_POINT('Ctrl Pts',(-0.1,4.53126043956434,4.27787848615112));
#12166=CARTESIAN_POINT('Ctrl Pts',(-0.1,4.51358440699927,4.26431943363707));
#12167=CARTESIAN_POINT('Ctrl Pts',(-0.1,4.49461886604966,4.25231155104253));
#12168=CARTESIAN_POINT('Ctrl Pts',(-0.1,4.47462215034258,4.24150244518684));
#12169=CARTESIAN_POINT('Ctrl Pts',(-0.1,4.45343037109832,4.23196101587815));
#12170=CARTESIAN_POINT('Ctrl Pts',(-0.1,4.42360454692266,4.22156021002725));
#12171=CARTESIAN_POINT('Ctrl Pts',(-0.1,4.38518957516948,4.2109551944386));
#12172=CARTESIAN_POINT('Ctrl Pts',(-0.1,4.33818210073114,4.20175533033743));
#12173=CARTESIAN_POINT('Ctrl Pts',(-0.1,4.29043402674541,4.19589523380528));
#12174=CARTESIAN_POINT('Ctrl Pts',(-0.1,4.25831780196181,4.19524300287068));
#12175=CARTESIAN_POINT('Ctrl Pts',(-0.1,4.24220870430608,4.1949158519714));
#12176=CARTESIAN_POINT('Ctrl Pts',(-0.1,4.42610293507531,4.75901841607396));
#12177=CARTESIAN_POINT('Ctrl Pts',(0.02,4.42610293507531,4.75901841607396));
#12178=CARTESIAN_POINT('Ctrl Pts',(-0.1,4.43475239399788,4.75624889261618));
#12179=CARTESIAN_POINT('Ctrl Pts',(0.02,4.43475239399788,4.75624889261618));
#12180=CARTESIAN_POINT('Ctrl Pts',(-0.1,4.45168206139788,4.75082807827201));
#12181=CARTESIAN_POINT('Ctrl Pts',(0.02,4.45168206139788,4.75082807827201));
#12182=CARTESIAN_POINT('Ctrl Pts',(-0.1,4.47580984616141,4.74120289214158));
#12183=CARTESIAN_POINT('Ctrl Pts',(0.02,4.47580984616141,4.74120289214158));
#12184=CARTESIAN_POINT('Ctrl Pts',(-0.1,4.49820831340145,4.7308080120409));
#12185=CARTESIAN_POINT('Ctrl Pts',(0.02,4.49820831340145,4.7308080120409));
#12186=CARTESIAN_POINT('Ctrl Pts',(-0.1,4.5187252084088,4.719395823383));
#12187=CARTESIAN_POINT('Ctrl Pts',(0.02,4.5187252084088,4.719395823383));
#12188=CARTESIAN_POINT('Ctrl Pts',(-0.1,4.53736544558721,4.70694159356707));
#12189=CARTESIAN_POINT('Ctrl Pts',(0.02,4.53736544558721,4.70694159356707));
#12190=CARTESIAN_POINT('Ctrl Pts',(-0.1,4.55435556931045,4.69373211042047));
#12191=CARTESIAN_POINT('Ctrl Pts',(0.02,4.55435556931045,4.69373211042047));
#12192=CARTESIAN_POINT('Ctrl Pts',(-0.1,4.56937845631836,4.67945088796408));
#12193=CARTESIAN_POINT('Ctrl Pts',(0.02,4.56937845631836,4.67945088796408));
#12194=CARTESIAN_POINT('Ctrl Pts',(-0.1,4.58278049702916,4.66438841819709));
#12195=CARTESIAN_POINT('Ctrl Pts',(0.02,4.58278049702916,4.66438841819709));
#12196=CARTESIAN_POINT('Ctrl Pts',(-0.1,4.59419775318876,4.64815574392865));
#12197=CARTESIAN_POINT('Ctrl Pts',(0.02,4.59419775318876,4.64815574392865));
#12198=CARTESIAN_POINT('Ctrl Pts',(-0.1,4.60431532105442,4.63113342953612));
#12199=CARTESIAN_POINT('Ctrl Pts',(0.02,4.60431532105442,4.63113342953612));
#12200=CARTESIAN_POINT('Ctrl Pts',(-0.1,4.61268606561877,4.61296255972414));
#12201=CARTESIAN_POINT('Ctrl Pts',(0.02,4.61268606561877,4.61296255972414));
#12202=CARTESIAN_POINT('Ctrl Pts',(-0.1,4.61976598628047,4.59390453583899));
#12203=CARTESIAN_POINT('Ctrl Pts',(0.02,4.61976598628047,4.59390453583899));
#12204=CARTESIAN_POINT('Ctrl Pts',(-0.1,4.62515456878377,4.57378122455431));
#12205=CARTESIAN_POINT('Ctrl Pts',(0.02,4.62515456878377,4.57378122455431));
#12206=CARTESIAN_POINT('Ctrl Pts',(-0.1,4.62894564914215,4.5526745706758));
#12207=CARTESIAN_POINT('Ctrl Pts',(0.02,4.62894564914215,4.5526745706758));
#12208=CARTESIAN_POINT('Ctrl Pts',(-0.1,4.63113974071865,4.53056602939887));
#12209=CARTESIAN_POINT('Ctrl Pts',(0.02,4.63113974071865,4.53056602939887));
#12210=CARTESIAN_POINT('Ctrl Pts',(-0.1,4.63146559127305,4.51550030027562));
#12211=CARTESIAN_POINT('Ctrl Pts',(0.02,4.63146559127305,4.51550030027562));
#12212=CARTESIAN_POINT('Ctrl Pts',(-0.1,4.63163178122915,4.50781649299704));
#12213=CARTESIAN_POINT('Ctrl Pts',(0.02,4.63163178122915,4.50781649299704));
#12214=CARTESIAN_POINT('',(-0.1,4.42610293507531,4.75901841607396));
#12215=CARTESIAN_POINT('',(-0.1,4.42610293507531,4.75901841607396));
#12216=CARTESIAN_POINT('Ctrl Pts',(-0.1,4.42610293507531,4.75901841607396));
#12217=CARTESIAN_POINT('Ctrl Pts',(-0.1,4.43475239399788,4.75624889261618));
#12218=CARTESIAN_POINT('Ctrl Pts',(-0.1,4.45168206139788,4.75082807827201));
#12219=CARTESIAN_POINT('Ctrl Pts',(-0.1,4.47580984616141,4.74120289214158));
#12220=CARTESIAN_POINT('Ctrl Pts',(-0.1,4.49820831340145,4.7308080120409));
#12221=CARTESIAN_POINT('Ctrl Pts',(-0.1,4.5187252084088,4.719395823383));
#12222=CARTESIAN_POINT('Ctrl Pts',(-0.1,4.53736544558721,4.70694159356707));
#12223=CARTESIAN_POINT('Ctrl Pts',(-0.1,4.55435556931045,4.69373211042047));
#12224=CARTESIAN_POINT('Ctrl Pts',(-0.1,4.56937845631836,4.67945088796408));
#12225=CARTESIAN_POINT('Ctrl Pts',(-0.1,4.58278049702916,4.66438841819709));
#12226=CARTESIAN_POINT('Ctrl Pts',(-0.1,4.59419775318876,4.64815574392865));
#12227=CARTESIAN_POINT('Ctrl Pts',(-0.1,4.60431532105442,4.63113342953612));
#12228=CARTESIAN_POINT('Ctrl Pts',(-0.1,4.61268606561877,4.61296255972414));
#12229=CARTESIAN_POINT('Ctrl Pts',(-0.1,4.61976598628047,4.59390453583899));
#12230=CARTESIAN_POINT('Ctrl Pts',(-0.1,4.62515456878377,4.57378122455431));
#12231=CARTESIAN_POINT('Ctrl Pts',(-0.1,4.62894564914215,4.5526745706758));
#12232=CARTESIAN_POINT('Ctrl Pts',(-0.1,4.63113974071865,4.53056602939887));
#12233=CARTESIAN_POINT('Ctrl Pts',(-0.1,4.63146559127305,4.51550030027562));
#12234=CARTESIAN_POINT('Ctrl Pts',(-0.1,4.63163178122915,4.50781649299704));
#12235=CARTESIAN_POINT('Origin',(-0.1,4.45635133251121,4.90004405709961));
#12236=CARTESIAN_POINT('',(-0.1,4.45635133251121,4.90004405709961));
#12237=CARTESIAN_POINT('',(-0.1,4.45635133251121,4.90004405709961));
#12238=CARTESIAN_POINT('',(-0.1,4.45635133251121,4.90004405709961));
#12239=CARTESIAN_POINT('Ctrl Pts',(-0.1,4.74701639661377,4.51462739043294));
#12240=CARTESIAN_POINT('Ctrl Pts',(0.02,4.74701639661377,4.51462739043294));
#12241=CARTESIAN_POINT('Ctrl Pts',(-0.1,4.74679093616076,4.52658847111675));
#12242=CARTESIAN_POINT('Ctrl Pts',(0.02,4.74679093616076,4.52658847111675));
#12243=CARTESIAN_POINT('Ctrl Pts',(-0.1,4.74634777131649,4.55009915952317));
#12244=CARTESIAN_POINT('Ctrl Pts',(0.02,4.74634777131649,4.55009915952317));
#12245=CARTESIAN_POINT('Ctrl Pts',(-0.1,4.74270265305414,4.58459690596647));
#12246=CARTESIAN_POINT('Ctrl Pts',(0.02,4.74270265305414,4.58459690596647));
#12247=CARTESIAN_POINT('Ctrl Pts',(-0.1,4.73659747925918,4.6176367398941));
#12248=CARTESIAN_POINT('Ctrl Pts',(0.02,4.73659747925918,4.6176367398941));
#12249=CARTESIAN_POINT('Ctrl Pts',(-0.1,4.72858806859721,4.6493618288519));
#12250=CARTESIAN_POINT('Ctrl Pts',(0.02,4.72858806859721,4.6493618288519));
#12251=CARTESIAN_POINT('Ctrl Pts',(-0.1,4.71762151813278,4.67944233302017));
#12252=CARTESIAN_POINT('Ctrl Pts',(0.02,4.71762151813278,4.67944233302017));
#12253=CARTESIAN_POINT('Ctrl Pts',(-0.1,4.70458355003723,4.70820482820007));
#12254=CARTESIAN_POINT('Ctrl Pts',(0.02,4.70458355003723,4.70820482820007));
#12255=CARTESIAN_POINT('Ctrl Pts',(-0.1,4.68892001070124,4.73536318452224));
#12256=CARTESIAN_POINT('Ctrl Pts',(0.02,4.68892001070124,4.73536318452224));
#12257=CARTESIAN_POINT('Ctrl Pts',(-0.1,4.67106136251357,4.76112871717109));
#12258=CARTESIAN_POINT('Ctrl Pts',(0.02,4.67106136251357,4.76112871717109));
#12259=CARTESIAN_POINT('Ctrl Pts',(-0.1,4.65097466995228,4.78508200283528));
#12260=CARTESIAN_POINT('Ctrl Pts',(0.02,4.65097466995228,4.78508200283528));
#12261=CARTESIAN_POINT('Ctrl Pts',(-0.1,4.62913979860727,4.80755824229461));
#12262=CARTESIAN_POINT('Ctrl Pts',(0.02,4.62913979860727,4.80755824229461));
#12263=CARTESIAN_POINT('Ctrl Pts',(-0.1,4.60501103597551,4.82764097257679));
#12264=CARTESIAN_POINT('Ctrl Pts',(0.02,4.60501103597551,4.82764097257679));
#12265=CARTESIAN_POINT('Ctrl Pts',(-0.1,4.57917234110721,4.84612559188749));
#12266=CARTESIAN_POINT('Ctrl Pts',(0.02,4.57917234110721,4.84612559188749));
#12267=CARTESIAN_POINT('Ctrl Pts',(-0.1,4.5512654194813,4.86243051246313));
#12268=CARTESIAN_POINT('Ctrl Pts',(0.02,4.5512654194813,4.86243051246313));
#12269=CARTESIAN_POINT('Ctrl Pts',(-0.1,4.52153358948921,4.87715557583976));
#12270=CARTESIAN_POINT('Ctrl Pts',(0.02,4.52153358948921,4.87715557583976));
#12271=CARTESIAN_POINT('Ctrl Pts',(-0.1,4.48975582896897,4.88981870177548));
#12272=CARTESIAN_POINT('Ctrl Pts',(0.02,4.48975582896897,4.88981870177548));
#12273=CARTESIAN_POINT('Ctrl Pts',(-0.1,4.46762173979589,4.89659410480713));
#12274=CARTESIAN_POINT('Ctrl Pts',(0.02,4.46762173979589,4.89659410480713));
#12275=CARTESIAN_POINT('Ctrl Pts',(-0.1,4.45635133251121,4.90004405709961));
#12276=CARTESIAN_POINT('Ctrl Pts',(0.02,4.45635133251121,4.90004405709961));
#12277=CARTESIAN_POINT('',(-0.1,4.74701639661377,4.51462739043294));
#12278=CARTESIAN_POINT('',(-0.1,4.74701639661377,4.51462739043294));
#12279=CARTESIAN_POINT('Ctrl Pts',(-0.1,4.74701639661377,4.51462739043294));
#12280=CARTESIAN_POINT('Ctrl Pts',(-0.1,4.74679093616076,4.52658847111675));
#12281=CARTESIAN_POINT('Ctrl Pts',(-0.1,4.74634777131649,4.55009915952317));
#12282=CARTESIAN_POINT('Ctrl Pts',(-0.1,4.74270265305414,4.58459690596647));
#12283=CARTESIAN_POINT('Ctrl Pts',(-0.1,4.73659747925918,4.6176367398941));
#12284=CARTESIAN_POINT('Ctrl Pts',(-0.1,4.72858806859721,4.6493618288519));
#12285=CARTESIAN_POINT('Ctrl Pts',(-0.1,4.71762151813278,4.67944233302017));
#12286=CARTESIAN_POINT('Ctrl Pts',(-0.1,4.70458355003723,4.70820482820007));
#12287=CARTESIAN_POINT('Ctrl Pts',(-0.1,4.68892001070124,4.73536318452224));
#12288=CARTESIAN_POINT('Ctrl Pts',(-0.1,4.67106136251357,4.76112871717109));
#12289=CARTESIAN_POINT('Ctrl Pts',(-0.1,4.65097466995228,4.78508200283528));
#12290=CARTESIAN_POINT('Ctrl Pts',(-0.1,4.62913979860727,4.80755824229461));
#12291=CARTESIAN_POINT('Ctrl Pts',(-0.1,4.60501103597551,4.82764097257679));
#12292=CARTESIAN_POINT('Ctrl Pts',(-0.1,4.57917234110721,4.84612559188749));
#12293=CARTESIAN_POINT('Ctrl Pts',(-0.1,4.5512654194813,4.86243051246313));
#12294=CARTESIAN_POINT('Ctrl Pts',(-0.1,4.52153358948921,4.87715557583976));
#12295=CARTESIAN_POINT('Ctrl Pts',(-0.1,4.48975582896897,4.88981870177548));
#12296=CARTESIAN_POINT('Ctrl Pts',(-0.1,4.46762173979589,4.89659410480713));
#12297=CARTESIAN_POINT('Ctrl Pts',(-0.1,4.45635133251121,4.90004405709961));
#12298=CARTESIAN_POINT('Ctrl Pts',(-0.1,4.24160774276762,4.05389021094576));
#12299=CARTESIAN_POINT('Ctrl Pts',(0.02,4.24160774276762,4.05389021094576));
#12300=CARTESIAN_POINT('Ctrl Pts',(-0.1,4.25429821218213,4.05411645738908));
#12301=CARTESIAN_POINT('Ctrl Pts',(0.02,4.25429821218213,4.05411645738908));
#12302=CARTESIAN_POINT('Ctrl Pts',(-0.1,4.27937137449925,4.05456346321777));
#12303=CARTESIAN_POINT('Ctrl Pts',(0.02,4.27937137449925,4.05456346321777));
#12304=CARTESIAN_POINT('Ctrl Pts',(-0.1,4.31636755330251,4.05708680387083));
#12305=CARTESIAN_POINT('Ctrl Pts',(0.02,4.31636755330251,4.05708680387083));
#12306=CARTESIAN_POINT('Ctrl Pts',(-0.1,4.35207339175935,4.06172126601319));
#12307=CARTESIAN_POINT('Ctrl Pts',(0.02,4.35207339175935,4.06172126601319));
#12308=CARTESIAN_POINT('Ctrl Pts',(-0.1,4.38651237640512,4.06815718591901));
#12309=CARTESIAN_POINT('Ctrl Pts',(0.02,4.38651237640512,4.06815718591901));
#12310=CARTESIAN_POINT('Ctrl Pts',(-0.1,4.41971239786932,4.07630119932984));
#12311=CARTESIAN_POINT('Ctrl Pts',(0.02,4.41971239786932,4.07630119932984));
#12312=CARTESIAN_POINT('Ctrl Pts',(-0.1,4.45168963105959,4.08635407097994));
#12313=CARTESIAN_POINT('Ctrl Pts',(0.02,4.45168963105959,4.08635407097994));
#12314=CARTESIAN_POINT('Ctrl Pts',(-0.1,4.48240316144831,4.09818863246673));
#12315=CARTESIAN_POINT('Ctrl Pts',(0.02,4.48240316144831,4.09818863246673));
#12316=CARTESIAN_POINT('Ctrl Pts',(-0.1,4.51188685685722,4.11176880422321));
#12317=CARTESIAN_POINT('Ctrl Pts',(0.02,4.51188685685722,4.11176880422321));
#12318=CARTESIAN_POINT('Ctrl Pts',(-0.1,4.53981160149619,4.12718481049827));
#12319=CARTESIAN_POINT('Ctrl Pts',(0.02,4.53981160149619,4.12718481049827));
#12320=CARTESIAN_POINT('Ctrl Pts',(-0.1,4.56621709265175,4.14397654657936));
#12321=CARTESIAN_POINT('Ctrl Pts',(0.02,4.56621709265175,4.14397654657936));
#12322=CARTESIAN_POINT('Ctrl Pts',(-0.1,4.59066976390511,4.16254455985422));
#12323=CARTESIAN_POINT('Ctrl Pts',(0.02,4.59066976390511,4.16254455985422));
#12324=CARTESIAN_POINT('Ctrl Pts',(-0.1,4.61363679027472,4.18233833634872));
#12325=CARTESIAN_POINT('Ctrl Pts',(0.02,4.61363679027472,4.18233833634872));
#12326=CARTESIAN_POINT('Ctrl Pts',(-0.1,4.63473574499395,4.20385223889584));
#12327=CARTESIAN_POINT('Ctrl Pts',(0.02,4.63473574499395,4.20385223889584));
#12328=CARTESIAN_POINT('Ctrl Pts',(-0.1,4.65401442213595,4.22702057349346));
#12329=CARTESIAN_POINT('Ctrl Pts',(0.02,4.65401442213595,4.22702057349346));
#12330=CARTESIAN_POINT('Ctrl Pts',(-0.1,4.67164866766893,4.25164345361336));
#12331=CARTESIAN_POINT('Ctrl Pts',(0.02,4.67164866766893,4.25164345361336));
#12332=CARTESIAN_POINT('Ctrl Pts',(-0.1,4.68747477236532,4.27771728524394));
#12333=CARTESIAN_POINT('Ctrl Pts',(0.02,4.68747477236532,4.27771728524394));
#12334=CARTESIAN_POINT('Ctrl Pts',(-0.1,4.70136135119744,4.30490125304341));
#12335=CARTESIAN_POINT('Ctrl Pts',(0.02,4.70136135119744,4.30490125304341));
#12336=CARTESIAN_POINT('Ctrl Pts',(-0.1,4.71373024796635,4.33279158760233));
#12337=CARTESIAN_POINT('Ctrl Pts',(0.02,4.71373024796635,4.33279158760233));
#12338=CARTESIAN_POINT('Ctrl Pts',(-0.1,4.72386824020684,4.3614992206385));
#12339=CARTESIAN_POINT('Ctrl Pts',(0.02,4.72386824020684,4.3614992206385));
#12340=CARTESIAN_POINT('Ctrl Pts',(-0.1,4.73229757321484,4.39079654992847));
#12341=CARTESIAN_POINT('Ctrl Pts',(0.02,4.73229757321484,4.39079654992847));
#12342=CARTESIAN_POINT('Ctrl Pts',(-0.1,4.73900810533702,4.42074664996367));
#12343=CARTESIAN_POINT('Ctrl Pts',(0.02,4.73900810533702,4.42074664996367));
#12344=CARTESIAN_POINT('Ctrl Pts',(-0.1,4.7434954590959,4.45141950240277));
#12345=CARTESIAN_POINT('Ctrl Pts',(0.02,4.7434954590959,4.45141950240277));
#12346=CARTESIAN_POINT('Ctrl Pts',(-0.1,4.74641976647874,4.48278676503288));
#12347=CARTESIAN_POINT('Ctrl Pts',(0.02,4.74641976647874,4.48278676503288));
#12348=CARTESIAN_POINT('Ctrl Pts',(-0.1,4.74681608034731,4.5039370232734));
#12349=CARTESIAN_POINT('Ctrl Pts',(0.02,4.74681608034731,4.5039370232734));
#12350=CARTESIAN_POINT('Ctrl Pts',(-0.1,4.74701639661377,4.51462739043294));
#12351=CARTESIAN_POINT('Ctrl Pts',(0.02,4.74701639661377,4.51462739043294));
#12352=CARTESIAN_POINT('',(-0.1,4.24160774276762,4.05389021094576));
#12353=CARTESIAN_POINT('',(-0.1,4.24160774276762,4.05389021094576));
#12354=CARTESIAN_POINT('Ctrl Pts',(-0.1,4.24160774276762,4.05389021094576));
#12355=CARTESIAN_POINT('Ctrl Pts',(-0.1,4.25429821218213,4.05411645738908));
#12356=CARTESIAN_POINT('Ctrl Pts',(-0.1,4.27937137449925,4.05456346321777));
#12357=CARTESIAN_POINT('Ctrl Pts',(-0.1,4.31636755330251,4.05708680387083));
#12358=CARTESIAN_POINT('Ctrl Pts',(-0.1,4.35207339175935,4.06172126601319));
#12359=CARTESIAN_POINT('Ctrl Pts',(-0.1,4.38651237640512,4.06815718591901));
#12360=CARTESIAN_POINT('Ctrl Pts',(-0.1,4.41971239786932,4.07630119932984));
#12361=CARTESIAN_POINT('Ctrl Pts',(-0.1,4.45168963105959,4.08635407097994));
#12362=CARTESIAN_POINT('Ctrl Pts',(-0.1,4.48240316144831,4.09818863246673));
#12363=CARTESIAN_POINT('Ctrl Pts',(-0.1,4.51188685685722,4.11176880422321));
#12364=CARTESIAN_POINT('Ctrl Pts',(-0.1,4.53981160149619,4.12718481049827));
#12365=CARTESIAN_POINT('Ctrl Pts',(-0.1,4.56621709265175,4.14397654657936));
#12366=CARTESIAN_POINT('Ctrl Pts',(-0.1,4.59066976390511,4.16254455985422));
#12367=CARTESIAN_POINT('Ctrl Pts',(-0.1,4.61363679027472,4.18233833634872));
#12368=CARTESIAN_POINT('Ctrl Pts',(-0.1,4.63473574499395,4.20385223889584));
#12369=CARTESIAN_POINT('Ctrl Pts',(-0.1,4.65401442213595,4.22702057349346));
#12370=CARTESIAN_POINT('Ctrl Pts',(-0.1,4.67164866766893,4.25164345361336));
#12371=CARTESIAN_POINT('Ctrl Pts',(-0.1,4.68747477236532,4.27771728524394));
#12372=CARTESIAN_POINT('Ctrl Pts',(-0.1,4.70136135119744,4.30490125304341));
#12373=CARTESIAN_POINT('Ctrl Pts',(-0.1,4.71373024796635,4.33279158760233));
#12374=CARTESIAN_POINT('Ctrl Pts',(-0.1,4.72386824020684,4.3614992206385));
#12375=CARTESIAN_POINT('Ctrl Pts',(-0.1,4.73229757321484,4.39079654992847));
#12376=CARTESIAN_POINT('Ctrl Pts',(-0.1,4.73900810533702,4.42074664996367));
#12377=CARTESIAN_POINT('Ctrl Pts',(-0.1,4.7434954590959,4.45141950240277));
#12378=CARTESIAN_POINT('Ctrl Pts',(-0.1,4.74641976647874,4.48278676503288));
#12379=CARTESIAN_POINT('Ctrl Pts',(-0.1,4.74681608034731,4.5039370232734));
#12380=CARTESIAN_POINT('Ctrl Pts',(-0.1,4.74701639661377,4.51462739043294));
#12381=CARTESIAN_POINT('Ctrl Pts',(-0.1,3.72137537097274,4.51743187761243));
#12382=CARTESIAN_POINT('Ctrl Pts',(0.02,3.72137537097274,4.51743187761243));
#12383=CARTESIAN_POINT('Ctrl Pts',(-0.1,3.72156364986785,4.50447233427673));
#12384=CARTESIAN_POINT('Ctrl Pts',(0.02,3.72156364986785,4.50447233427673));
#12385=CARTESIAN_POINT('Ctrl Pts',(-0.1,3.72193200248046,4.47911802335777));
#12386=CARTESIAN_POINT('Ctrl Pts',(0.02,3.72193200248046,4.47911802335777));
#12387=CARTESIAN_POINT('Ctrl Pts',(-0.1,3.72492808476445,4.44197541960525));
#12388=CARTESIAN_POINT('Ctrl Pts',(0.02,3.72492808476445,4.44197541960525));
#12389=CARTESIAN_POINT('Ctrl Pts',(-0.1,3.73012432322788,4.40664915621157));
#12390=CARTESIAN_POINT('Ctrl Pts',(0.02,3.73012432322788,4.40664915621157));
#12391=CARTESIAN_POINT('Ctrl Pts',(-0.1,3.73734375290263,4.37320520416937));
#12392=CARTESIAN_POINT('Ctrl Pts',(0.02,3.73734375290263,4.37320520416937));
#12393=CARTESIAN_POINT('Ctrl Pts',(-0.1,3.74627012888988,4.3415309951159));
#12394=CARTESIAN_POINT('Ctrl Pts',(0.02,3.74627012888988,4.3415309951159));
#12395=CARTESIAN_POINT('Ctrl Pts',(-0.1,3.75750030086024,4.31175787336264));
#12396=CARTESIAN_POINT('Ctrl Pts',(0.02,3.75750030086024,4.31175787336264));
#12397=CARTESIAN_POINT('Ctrl Pts',(-0.1,3.7709532389725,4.28393798755754));
#12398=CARTESIAN_POINT('Ctrl Pts',(0.02,3.7709532389725,4.28393798755754));
#12399=CARTESIAN_POINT('Ctrl Pts',(-0.1,3.78625270640167,4.25783928288644));
#12400=CARTESIAN_POINT('Ctrl Pts',(0.02,3.78625270640167,4.25783928288644));
#12401=CARTESIAN_POINT('Ctrl Pts',(-0.1,3.8036335903516,4.23357260944803));
#12402=CARTESIAN_POINT('Ctrl Pts',(0.02,3.8036335903516,4.23357260944803));
#12403=CARTESIAN_POINT('Ctrl Pts',(-0.1,3.82262682800367,4.21058613461303));
#12404=CARTESIAN_POINT('Ctrl Pts',(0.02,3.82262682800367,4.21058613461303));
#12405=CARTESIAN_POINT('Ctrl Pts',(-0.1,3.84375528220723,4.18943789356168));
#12406=CARTESIAN_POINT('Ctrl Pts',(0.02,3.84375528220723,4.18943789356168));
#12407=CARTESIAN_POINT('Ctrl Pts',(-0.1,3.86652009056459,4.16959910027926));
#12408=CARTESIAN_POINT('Ctrl Pts',(0.02,3.86652009056459,4.16959910027926));
#12409=CARTESIAN_POINT('Ctrl Pts',(-0.1,3.89122155252496,4.15150185089951));
#12410=CARTESIAN_POINT('Ctrl Pts',(0.02,3.89122155252496,4.15150185089951));
#12411=CARTESIAN_POINT('Ctrl Pts',(-0.1,3.91752408835249,4.13448034366141));
#12412=CARTESIAN_POINT('Ctrl Pts',(0.02,3.91752408835249,4.13448034366141));
#12413=CARTESIAN_POINT('Ctrl Pts',(-0.1,3.94589114762135,4.11936538852644));
#12414=CARTESIAN_POINT('Ctrl Pts',(0.02,3.94589114762135,4.11936538852644));
#12415=CARTESIAN_POINT('Ctrl Pts',(-0.1,3.97579680432929,4.10559683693551));
#12416=CARTESIAN_POINT('Ctrl Pts',(0.02,3.97579680432929,4.10559683693551));
#12417=CARTESIAN_POINT('Ctrl Pts',(-0.1,4.00695151799129,4.09351188491436));
#12418=CARTESIAN_POINT('Ctrl Pts',(0.02,4.00695151799129,4.09351188491436));
#12419=CARTESIAN_POINT('Ctrl Pts',(-0.1,4.03873989695579,4.08282092946153));
#12420=CARTESIAN_POINT('Ctrl Pts',(0.02,4.03873989695579,4.08282092946153));
#12421=CARTESIAN_POINT('Ctrl Pts',(-0.1,4.07122528299756,4.07408048891844));
#12422=CARTESIAN_POINT('Ctrl Pts',(0.02,4.07122528299756,4.07408048891844));
#12423=CARTESIAN_POINT('Ctrl Pts',(-0.1,4.10413431724146,4.06655553363629));
#12424=CARTESIAN_POINT('Ctrl Pts',(0.02,4.10413431724146,4.06655553363629));
#12425=CARTESIAN_POINT('Ctrl Pts',(-0.1,4.13774390658723,4.06108901824175));
#12426=CARTESIAN_POINT('Ctrl Pts',(0.02,4.13774390658723,4.06108901824175));
#12427=CARTESIAN_POINT('Ctrl Pts',(-0.1,4.17180187626035,4.05674877426626));
#12428=CARTESIAN_POINT('Ctrl Pts',(0.02,4.17180187626035,4.05674877426626));
#12429=CARTESIAN_POINT('Ctrl Pts',(-0.1,4.20651703107872,4.0543624208681));
#12430=CARTESIAN_POINT('Ctrl Pts',(0.02,4.20651703107872,4.0543624208681));
#12431=CARTESIAN_POINT('Ctrl Pts',(-0.1,4.22985230471134,4.05404840193775));
#12432=CARTESIAN_POINT('Ctrl Pts',(0.02,4.22985230471134,4.05404840193775));
#12433=CARTESIAN_POINT('Ctrl Pts',(-0.1,4.24160774276762,4.05389021094576));
#12434=CARTESIAN_POINT('Ctrl Pts',(0.02,4.24160774276762,4.05389021094576));
#12435=CARTESIAN_POINT('',(-0.1,3.72137537097274,4.51743187761243));
#12436=CARTESIAN_POINT('',(-0.1,3.72137537097274,4.51743187761243));
#12437=CARTESIAN_POINT('Ctrl Pts',(-0.1,3.72137537097274,4.51743187761243));
#12438=CARTESIAN_POINT('Ctrl Pts',(-0.1,3.72156364986785,4.50447233427673));
#12439=CARTESIAN_POINT('Ctrl Pts',(-0.1,3.72193200248046,4.47911802335777));
#12440=CARTESIAN_POINT('Ctrl Pts',(-0.1,3.72492808476445,4.44197541960525));
#12441=CARTESIAN_POINT('Ctrl Pts',(-0.1,3.73012432322788,4.40664915621157));
#12442=CARTESIAN_POINT('Ctrl Pts',(-0.1,3.73734375290263,4.37320520416937));
#12443=CARTESIAN_POINT('Ctrl Pts',(-0.1,3.74627012888988,4.3415309951159));
#12444=CARTESIAN_POINT('Ctrl Pts',(-0.1,3.75750030086024,4.31175787336264));
#12445=CARTESIAN_POINT('Ctrl Pts',(-0.1,3.7709532389725,4.28393798755754));
#12446=CARTESIAN_POINT('Ctrl Pts',(-0.1,3.78625270640167,4.25783928288644));
#12447=CARTESIAN_POINT('Ctrl Pts',(-0.1,3.8036335903516,4.23357260944803));
#12448=CARTESIAN_POINT('Ctrl Pts',(-0.1,3.82262682800367,4.21058613461303));
#12449=CARTESIAN_POINT('Ctrl Pts',(-0.1,3.84375528220723,4.18943789356168));
#12450=CARTESIAN_POINT('Ctrl Pts',(-0.1,3.86652009056459,4.16959910027926));
#12451=CARTESIAN_POINT('Ctrl Pts',(-0.1,3.89122155252496,4.15150185089951));
#12452=CARTESIAN_POINT('Ctrl Pts',(-0.1,3.91752408835249,4.13448034366141));
#12453=CARTESIAN_POINT('Ctrl Pts',(-0.1,3.94589114762135,4.11936538852644));
#12454=CARTESIAN_POINT('Ctrl Pts',(-0.1,3.97579680432929,4.10559683693551));
#12455=CARTESIAN_POINT('Ctrl Pts',(-0.1,4.00695151799129,4.09351188491436));
#12456=CARTESIAN_POINT('Ctrl Pts',(-0.1,4.03873989695579,4.08282092946153));
#12457=CARTESIAN_POINT('Ctrl Pts',(-0.1,4.07122528299756,4.07408048891844));
#12458=CARTESIAN_POINT('Ctrl Pts',(-0.1,4.10413431724146,4.06655553363629));
#12459=CARTESIAN_POINT('Ctrl Pts',(-0.1,4.13774390658723,4.06108901824175));
#12460=CARTESIAN_POINT('Ctrl Pts',(-0.1,4.17180187626035,4.05674877426626));
#12461=CARTESIAN_POINT('Ctrl Pts',(-0.1,4.20651703107872,4.0543624208681));
#12462=CARTESIAN_POINT('Ctrl Pts',(-0.1,4.22985230471134,4.05404840193775));
#12463=CARTESIAN_POINT('Ctrl Pts',(-0.1,4.24160774276762,4.05389021094576));
#12464=CARTESIAN_POINT('Ctrl Pts',(-0.1,4.05430806328044,4.92568508274063));
#12465=CARTESIAN_POINT('Ctrl Pts',(0.02,4.05430806328044,4.92568508274063));
#12466=CARTESIAN_POINT('Ctrl Pts',(-0.1,4.04109012170933,4.92215199676734));
#12467=CARTESIAN_POINT('Ctrl Pts',(0.02,4.04109012170933,4.92215199676734));
#12468=CARTESIAN_POINT('Ctrl Pts',(-0.1,4.01523418745888,4.9152408420966));
#12469=CARTESIAN_POINT('Ctrl Pts',(0.02,4.01523418745888,4.9152408420966));
#12470=CARTESIAN_POINT('Ctrl Pts',(-0.1,3.97823148346233,4.90157664980033));
#12471=CARTESIAN_POINT('Ctrl Pts',(0.02,3.97823148346233,4.90157664980033));
#12472=CARTESIAN_POINT('Ctrl Pts',(-0.1,3.94350602412062,4.88624026969988));
#12473=CARTESIAN_POINT('Ctrl Pts',(0.02,3.94350602412062,4.88624026969988));
#12474=CARTESIAN_POINT('Ctrl Pts',(-0.1,3.91114928245763,4.86885957176786));
#12475=CARTESIAN_POINT('Ctrl Pts',(0.02,3.91114928245763,4.86885957176786));
#12476=CARTESIAN_POINT('Ctrl Pts',(-0.1,3.88134728964387,4.84924432586519));
#12477=CARTESIAN_POINT('Ctrl Pts',(0.02,3.88134728964387,4.84924432586519));
#12478=CARTESIAN_POINT('Ctrl Pts',(-0.1,3.8537170325814,4.82791425676348));
#12479=CARTESIAN_POINT('Ctrl Pts',(0.02,3.8537170325814,4.82791425676348));
#12480=CARTESIAN_POINT('Ctrl Pts',(-0.1,3.82883794390374,4.80402451045498));
#12481=CARTESIAN_POINT('Ctrl Pts',(0.02,3.82883794390374,4.80402451045498));
#12482=CARTESIAN_POINT('Ctrl Pts',(-0.1,3.80613582723156,4.77845163027134));
#12483=CARTESIAN_POINT('Ctrl Pts',(0.02,3.80613582723156,4.77845163027134));
#12484=CARTESIAN_POINT('Ctrl Pts',(-0.1,3.7861126209037,4.75099650342639));
#12485=CARTESIAN_POINT('Ctrl Pts',(0.02,3.7861126209037,4.75099650342639));
#12486=CARTESIAN_POINT('Ctrl Pts',(-0.1,3.76882221490985,4.72199014468369));
#12487=CARTESIAN_POINT('Ctrl Pts',(0.02,3.76882221490985,4.72199014468369));
#12488=CARTESIAN_POINT('Ctrl Pts',(-0.1,3.75411158920604,4.6915727645445));
#12489=CARTESIAN_POINT('Ctrl Pts',(0.02,3.75411158920604,4.6915727645445));
#12490=CARTESIAN_POINT('Ctrl Pts',(-0.1,3.74201447389755,4.65962142544063));
#12491=CARTESIAN_POINT('Ctrl Pts',(0.02,3.74201447389755,4.65962142544063));
#12492=CARTESIAN_POINT('Ctrl Pts',(-0.1,3.73291035745046,4.62611541304019));
#12493=CARTESIAN_POINT('Ctrl Pts',(0.02,3.73291035745046,4.62611541304019));
#12494=CARTESIAN_POINT('Ctrl Pts',(-0.1,3.72627474401434,4.59122725034618));
#12495=CARTESIAN_POINT('Ctrl Pts',(0.02,3.72627474401434,4.59122725034618));
#12496=CARTESIAN_POINT('Ctrl Pts',(-0.1,3.72218759261095,4.55485520578181));
#12497=CARTESIAN_POINT('Ctrl Pts',(0.02,3.72218759261095,4.55485520578181));
#12498=CARTESIAN_POINT('Ctrl Pts',(-0.1,3.72164950710818,4.53006277301951));
#12499=CARTESIAN_POINT('Ctrl Pts',(0.02,3.72164950710818,4.53006277301951));
#12500=CARTESIAN_POINT('Ctrl Pts',(-0.1,3.72137537097274,4.51743187761243));
#12501=CARTESIAN_POINT('Ctrl Pts',(0.02,3.72137537097274,4.51743187761243));
#12502=CARTESIAN_POINT('',(-0.1,4.05430806328044,4.92568508274063));
#12503=CARTESIAN_POINT('',(-0.1,4.05430806328044,4.92568508274063));
#12504=CARTESIAN_POINT('Ctrl Pts',(-0.1,4.05430806328044,4.92568508274063));
#12505=CARTESIAN_POINT('Ctrl Pts',(-0.1,4.04109012170933,4.92215199676734));
#12506=CARTESIAN_POINT('Ctrl Pts',(-0.1,4.01523418745888,4.9152408420966));
#12507=CARTESIAN_POINT('Ctrl Pts',(-0.1,3.97823148346233,4.90157664980033));
#12508=CARTESIAN_POINT('Ctrl Pts',(-0.1,3.94350602412062,4.88624026969988));
#12509=CARTESIAN_POINT('Ctrl Pts',(-0.1,3.91114928245763,4.86885957176786));
#12510=CARTESIAN_POINT('Ctrl Pts',(-0.1,3.88134728964387,4.84924432586519));
#12511=CARTESIAN_POINT('Ctrl Pts',(-0.1,3.8537170325814,4.82791425676348));
#12512=CARTESIAN_POINT('Ctrl Pts',(-0.1,3.82883794390374,4.80402451045498));
#12513=CARTESIAN_POINT('Ctrl Pts',(-0.1,3.80613582723156,4.77845163027134));
#12514=CARTESIAN_POINT('Ctrl Pts',(-0.1,3.7861126209037,4.75099650342639));
#12515=CARTESIAN_POINT('Ctrl Pts',(-0.1,3.76882221490985,4.72199014468369));
#12516=CARTESIAN_POINT('Ctrl Pts',(-0.1,3.75411158920604,4.6915727645445));
#12517=CARTESIAN_POINT('Ctrl Pts',(-0.1,3.74201447389755,4.65962142544063));
#12518=CARTESIAN_POINT('Ctrl Pts',(-0.1,3.73291035745046,4.62611541304019));
#12519=CARTESIAN_POINT('Ctrl Pts',(-0.1,3.72627474401434,4.59122725034618));
#12520=CARTESIAN_POINT('Ctrl Pts',(-0.1,3.72218759261095,4.55485520578181));
#12521=CARTESIAN_POINT('Ctrl Pts',(-0.1,3.72164950710818,4.53006277301951));
#12522=CARTESIAN_POINT('Ctrl Pts',(-0.1,3.72137537097274,4.51743187761243));
#12523=CARTESIAN_POINT('Origin',(-0.1,4.087160627383,4.78465944171499));
#12524=CARTESIAN_POINT('',(-0.1,4.087160627383,4.78465944171499));
#12525=CARTESIAN_POINT('Origin',(-0.1,3.90688112759493,4.69236333821738));
#12526=CARTESIAN_POINT('Origin',(0.,3.85,0.));
#12527=CARTESIAN_POINT('',(0.,0.,0.));
#12528=CARTESIAN_POINT('Origin',(1.05,6.05,-1.35));
#12529=CARTESIAN_POINT('',(4.65,5.35,-1.35));
#12530=CARTESIAN_POINT('',(4.65,4.85,-1.35));
#12531=CARTESIAN_POINT('',(4.65,6.05,-1.35));
#12532=CARTESIAN_POINT('',(1.05,5.35,-1.35));
#12533=CARTESIAN_POINT('',(1.05,5.35,-1.35));
#12534=CARTESIAN_POINT('',(1.05,4.85,-1.35));
#12535=CARTESIAN_POINT('',(1.05,6.05,-1.35));
#12536=CARTESIAN_POINT('',(1.05,4.85,-1.35));
#12537=CARTESIAN_POINT('Origin',(4.65,6.05,-1.35));
#12538=CARTESIAN_POINT('',(4.65,5.35,-2.55));
#12539=CARTESIAN_POINT('',(4.65,6.04282032302755,-1.95));
#12540=CARTESIAN_POINT('Origin',(4.65,5.35,-1.85));
#12541=CARTESIAN_POINT('Origin',(4.65,5.35,-2.05));
#12542=CARTESIAN_POINT('',(4.65,4.85,-2.55));
#12543=CARTESIAN_POINT('',(4.65,4.85,-1.35));
#12544=CARTESIAN_POINT('',(4.65,6.05,-2.55));
#12545=CARTESIAN_POINT('Origin',(4.65,6.05,-2.55));
#12546=CARTESIAN_POINT('',(1.05,5.35,-2.55));
#12547=CARTESIAN_POINT('',(1.05,4.85,-2.55));
#12548=CARTESIAN_POINT('',(1.05,6.05,-2.55));
#12549=CARTESIAN_POINT('',(4.65,5.35,-2.55));
#12550=CARTESIAN_POINT('',(4.65,4.85,-2.55));
#12551=CARTESIAN_POINT('Origin',(1.05,6.05,-2.55));
#12552=CARTESIAN_POINT('',(1.05,6.04282032302755,-1.95));
#12553=CARTESIAN_POINT('Origin',(1.05,5.35,-2.05));
#12554=CARTESIAN_POINT('Origin',(1.05,5.35,-1.85));
#12555=CARTESIAN_POINT('',(1.05,4.85,-2.55));
#12556=CARTESIAN_POINT('Origin',(0.,4.85,0.));
#12557=CARTESIAN_POINT('Origin',(0.,5.35,-1.85));
#12558=CARTESIAN_POINT('',(2.85,6.04282032302755,-1.95));
#12559=CARTESIAN_POINT('Origin',(0.,5.35,-2.05));
#12560=CARTESIAN_POINT('',(0.,0.,0.));
#12561=CARTESIAN_POINT('Origin',(-3.5,-1.16697015505413,3.));
#12562=CARTESIAN_POINT('',(-3.52904726426677,-1.07128182536542,0.));
#12563=CARTESIAN_POINT('',(-3.6,-1.16697015505413,0.));
#12564=CARTESIAN_POINT('Origin',(-3.5,-1.16697015505413,0.));
#12565=CARTESIAN_POINT('',(-3.52904726426677,-1.07128182536542,3.));
#12566=CARTESIAN_POINT('',(-3.52904726426677,-1.07128182536542,3.));
#12567=CARTESIAN_POINT('',(-3.6,-1.16697015505413,3.));
#12568=CARTESIAN_POINT('Origin',(-3.5,-1.16697015505413,3.));
#12569=CARTESIAN_POINT('',(-3.6,-1.16697015505413,3.));
#12570=CARTESIAN_POINT('Origin',(-3.52904726426677,-1.07128182536542,3.));
#12571=CARTESIAN_POINT('',(9.46289427549357,2.87256754970012,0.));
#12572=CARTESIAN_POINT('',(-3.52904726426677,-1.07128182536542,0.));
#12573=CARTESIAN_POINT('',(9.46289427549357,2.87256754970012,3.));
#12574=CARTESIAN_POINT('',(9.46289427549357,2.87256754970012,3.));
#12575=CARTESIAN_POINT('',(0.,0.,3.));
#12576=CARTESIAN_POINT('',(-2.47700444977993,-0.751922445263662,2.));
#12577=CARTESIAN_POINT('',(8.21894598954028,2.49495311423206,2.));
#12578=CARTESIAN_POINT('',(-3.52904726426677,-1.07128182536542,2.));
#12579=CARTESIAN_POINT('',(8.50601097860642,2.58209490703238,1.7));
#12580=CARTESIAN_POINT('Origin',(8.21894598954028,2.49495311423206,1.7));
#12581=CARTESIAN_POINT('',(8.50601097860643,2.58209490703238,1.3));
#12582=CARTESIAN_POINT('',(8.50601097860643,2.58209490703238,3.));
#12583=CARTESIAN_POINT('',(8.21894598954028,2.49495311423206,1.));
#12584=CARTESIAN_POINT('Origin',(8.21894598954028,2.49495311423206,1.3));
#12585=CARTESIAN_POINT('',(-2.47700444977993,-0.751922445263662,1.));
#12586=CARTESIAN_POINT('',(-3.52904726426677,-1.07128182536542,1.));
#12587=CARTESIAN_POINT('',(-2.76406943884608,-0.839064238063986,1.3));
#12588=CARTESIAN_POINT('Origin',(-2.47700444977993,-0.751922445263663,1.3));
#12589=CARTESIAN_POINT('',(-2.76406943884608,-0.839064238063986,1.7));
#12590=CARTESIAN_POINT('',(-2.76406943884608,-0.839064238063986,3.));
#12591=CARTESIAN_POINT('Origin',(-2.47700444977993,-0.751922445263663,1.7));
#12592=CARTESIAN_POINT('Origin',(9.44837064336018,2.92041171454448,3.));
#12593=CARTESIAN_POINT('',(9.49621480820454,2.93493534667787,0.));
#12594=CARTESIAN_POINT('Origin',(9.44837064336018,2.92041171454448,0.));
#12595=CARTESIAN_POINT('',(9.49621480820454,2.93493534667787,3.));
#12596=CARTESIAN_POINT('',(9.49621480820454,2.93493534667787,3.));
#12597=CARTESIAN_POINT('Origin',(9.44837064336018,2.92041171454448,3.));
#12598=CARTESIAN_POINT('Origin',(9.49621480820454,2.93493534667787,3.));
#12599=CARTESIAN_POINT('',(9.46716754393776,3.03062367636658,0.));
#12600=CARTESIAN_POINT('',(9.49621480820454,2.93493534667787,0.));
#12601=CARTESIAN_POINT('',(9.46716754393776,3.03062367636658,3.));
#12602=CARTESIAN_POINT('',(9.46716754393776,3.03062367636658,3.));
#12603=CARTESIAN_POINT('',(9.49621480820454,2.93493534667787,3.));
#12604=CARTESIAN_POINT('Origin',(9.41932337909341,3.01610004423319,3.));
#12605=CARTESIAN_POINT('',(9.40479974696002,3.06394420907755,0.));
#12606=CARTESIAN_POINT('Origin',(9.41932337909341,3.01610004423319,0.));
#12607=CARTESIAN_POINT('',(9.40479974696002,3.06394420907755,3.));
#12608=CARTESIAN_POINT('',(9.40479974696002,3.06394420907755,3.));
#12609=CARTESIAN_POINT('Origin',(9.41932337909341,3.01610004423319,3.));
#12610=CARTESIAN_POINT('Origin',(-0.0580945285335493,0.191376659377429,
3.));
#12611=CARTESIAN_POINT('',(-3.77904726426677,-0.938160221354301,0.));
#12612=CARTESIAN_POINT('',(-0.0580945285335493,0.191376659377429,0.));
#12613=CARTESIAN_POINT('',(-3.77904726426677,-0.938160221354301,3.));
#12614=CARTESIAN_POINT('',(-3.77904726426677,-0.938160221354301,3.));
#12615=CARTESIAN_POINT('',(-3.77904726426677,-0.938160221354301,3.));
#12616=CARTESIAN_POINT('',(8.16085146100673,2.68632977360948,2.));
#12617=CARTESIAN_POINT('',(8.44791645007288,2.77347156640981,1.7));
#12618=CARTESIAN_POINT('Origin',(8.16085146100673,2.68632977360948,1.7));
#12619=CARTESIAN_POINT('',(-2.53509897831348,-0.560545785886233,2.));
#12620=CARTESIAN_POINT('',(-2.53509897831348,-0.560545785886233,2.));
#12621=CARTESIAN_POINT('',(-2.82216396737963,-0.647687578686557,1.7));
#12622=CARTESIAN_POINT('Origin',(-2.53509897831348,-0.560545785886234,1.7));
#12623=CARTESIAN_POINT('',(-2.82216396737963,-0.647687578686557,1.3));
#12624=CARTESIAN_POINT('',(-2.82216396737963,-0.647687578686557,1.3));
#12625=CARTESIAN_POINT('',(-2.53509897831348,-0.560545785886233,1.));
#12626=CARTESIAN_POINT('Origin',(-2.53509897831348,-0.560545785886234,1.3));
#12627=CARTESIAN_POINT('',(8.16085146100673,2.68632977360948,1.));
#12628=CARTESIAN_POINT('',(8.16085146100673,2.68632977360948,1.));
#12629=CARTESIAN_POINT('',(8.44791645007287,2.77347156640981,1.3));
#12630=CARTESIAN_POINT('Origin',(8.16085146100673,2.68632977360948,1.3));
#12631=CARTESIAN_POINT('',(8.44791645007287,2.77347156640981,1.7));
#12632=CARTESIAN_POINT('Origin',(-3.75,-1.03384855104302,3.));
#12633=CARTESIAN_POINT('',(-3.85,-1.03384855104302,0.));
#12634=CARTESIAN_POINT('Origin',(-3.75,-1.03384855104302,0.));
#12635=CARTESIAN_POINT('',(-3.85,-1.03384855104302,3.));
#12636=CARTESIAN_POINT('',(-3.85,-1.03384855104302,3.));
#12637=CARTESIAN_POINT('Origin',(-3.75,-1.03384855104302,3.));
#12638=CARTESIAN_POINT('Origin',(-3.85,-1.03384855104302,3.));
#12639=CARTESIAN_POINT('',(-3.85,-2.19282032302755,0.));
#12640=CARTESIAN_POINT('',(-3.85,-1.03384855104302,0.));
#12641=CARTESIAN_POINT('',(-3.85,-2.19282032302755,3.));
#12642=CARTESIAN_POINT('',(-3.85,-2.19282032302755,3.));
#12643=CARTESIAN_POINT('',(-3.85,-1.03384855104302,3.));
#12644=CARTESIAN_POINT('Origin',(-3.85,-2.19282032302755,3.));
#12645=CARTESIAN_POINT('',(-3.6,-2.19282032302755,0.));
#12646=CARTESIAN_POINT('',(-3.85,-2.19282032302755,0.));
#12647=CARTESIAN_POINT('',(-3.6,-2.19282032302755,3.));
#12648=CARTESIAN_POINT('',(-3.6,-2.19282032302755,3.));
#12649=CARTESIAN_POINT('',(-3.85,-2.19282032302755,3.));
#12650=CARTESIAN_POINT('Origin',(-3.6,-1.16697015505413,3.));
#12651=CARTESIAN_POINT('',(-3.6,-1.16697015505413,0.));
#12652=CARTESIAN_POINT('',(-3.6,-1.16697015505413,3.));
#12653=CARTESIAN_POINT('Origin',(-3.5,-1.16697015505413,3.));
#12654=CARTESIAN_POINT('Origin',(-3.5,-1.16697015505413,0.));
#12655=CARTESIAN_POINT('Origin',(9.20655297461061,-0.758450095184247,1.7));
#12656=CARTESIAN_POINT('',(9.20655297461061,-0.758450095184247,2.));
#12657=CARTESIAN_POINT('',(9.49361796367675,-0.671308302383923,1.7));
#12658=CARTESIAN_POINT('Origin',(-1.4893974647096,-4.00532565467996,2.));
#12659=CARTESIAN_POINT('',(-1.4893974647096,-4.00532565467996,2.));
#12660=CARTESIAN_POINT('Origin',(-1.4893974647096,-4.00532565467996,1.7));
#12661=CARTESIAN_POINT('',(-1.77646245377575,-4.09246744748029,1.7));
#12662=CARTESIAN_POINT('Origin',(-1.77646245377575,-4.09246744748029,1.3));
#12663=CARTESIAN_POINT('',(-1.77646245377575,-4.09246744748029,1.3));
#12664=CARTESIAN_POINT('Origin',(-1.4893974647096,-4.00532565467996,1.3));
#12665=CARTESIAN_POINT('',(-1.4893974647096,-4.00532565467996,1.));
#12666=CARTESIAN_POINT('Origin',(9.20655297461061,-0.758450095184247,1.));
#12667=CARTESIAN_POINT('',(9.20655297461061,-0.758450095184247,1.));
#12668=CARTESIAN_POINT('Origin',(9.20655297461061,-0.758450095184247,1.3));
#12669=CARTESIAN_POINT('',(9.49361796367675,-0.671308302383924,1.3));
#12670=CARTESIAN_POINT('Origin',(9.49361796367675,-0.671308302383923,1.7));
#12671=CARTESIAN_POINT('',(0.,0.,0.));
#12672=CARTESIAN_POINT('',(0.,0.,0.));
#12673=CARTESIAN_POINT('',(0.,0.,0.));
#12674=CARTESIAN_POINT('',(4.35,6.24282032302755,-1.95));
#12675=UNCERTAINTY_MEASURE_WITH_UNIT(LENGTH_MEASURE(0.01),#12687,
'DISTANCE_ACCURACY_VALUE',
'Maximum model space distance between geometric entities at asserted c
onnectivities');
#12676=UNCERTAINTY_MEASURE_WITH_UNIT(LENGTH_MEASURE(0.01),#12687,
'DISTANCE_ACCURACY_VALUE',
'Maximum model space distance between geometric entities at asserted c
onnectivities');
#12677=UNCERTAINTY_MEASURE_WITH_UNIT(LENGTH_MEASURE(0.01),#12687,
'DISTANCE_ACCURACY_VALUE',
'Maximum model space distance between geometric entities at asserted c
onnectivities');
#12678=UNCERTAINTY_MEASURE_WITH_UNIT(LENGTH_MEASURE(0.01),#12687,
'DISTANCE_ACCURACY_VALUE',
'Maximum model space distance between geometric entities at asserted c
onnectivities');
#12679=UNCERTAINTY_MEASURE_WITH_UNIT(LENGTH_MEASURE(0.01),#12687,
'DISTANCE_ACCURACY_VALUE',
'Maximum model space distance between geometric entities at asserted c
onnectivities');
#12680=UNCERTAINTY_MEASURE_WITH_UNIT(LENGTH_MEASURE(0.01),#12687,
'DISTANCE_ACCURACY_VALUE',
'Maximum model space distance between geometric entities at asserted c
onnectivities');
#12681=(
GEOMETRIC_REPRESENTATION_CONTEXT(3)
GLOBAL_UNCERTAINTY_ASSIGNED_CONTEXT((#12675))
GLOBAL_UNIT_ASSIGNED_CONTEXT((#12687,#12689,#12690))
REPRESENTATION_CONTEXT('','3D')
);
#12682=(
GEOMETRIC_REPRESENTATION_CONTEXT(3)
GLOBAL_UNCERTAINTY_ASSIGNED_CONTEXT((#12676))
GLOBAL_UNIT_ASSIGNED_CONTEXT((#12687,#12689,#12690))
REPRESENTATION_CONTEXT('','3D')
);
#12683=(
GEOMETRIC_REPRESENTATION_CONTEXT(3)
GLOBAL_UNCERTAINTY_ASSIGNED_CONTEXT((#12677))
GLOBAL_UNIT_ASSIGNED_CONTEXT((#12687,#12689,#12690))
REPRESENTATION_CONTEXT('','3D')
);
#12684=(
GEOMETRIC_REPRESENTATION_CONTEXT(3)
GLOBAL_UNCERTAINTY_ASSIGNED_CONTEXT((#12678))
GLOBAL_UNIT_ASSIGNED_CONTEXT((#12687,#12689,#12690))
REPRESENTATION_CONTEXT('','3D')
);
#12685=(
GEOMETRIC_REPRESENTATION_CONTEXT(3)
GLOBAL_UNCERTAINTY_ASSIGNED_CONTEXT((#12679))
GLOBAL_UNIT_ASSIGNED_CONTEXT((#12687,#12689,#12690))
REPRESENTATION_CONTEXT('','3D')
);
#12686=(
GEOMETRIC_REPRESENTATION_CONTEXT(3)
GLOBAL_UNCERTAINTY_ASSIGNED_CONTEXT((#12680))
GLOBAL_UNIT_ASSIGNED_CONTEXT((#12687,#12689,#12690))
REPRESENTATION_CONTEXT('','3D')
);
#12687=(
LENGTH_UNIT()
NAMED_UNIT(*)
SI_UNIT(.MILLI.,.METRE.)
);
#12688=(
LENGTH_UNIT()
NAMED_UNIT(*)
SI_UNIT($,.METRE.)
);
#12689=(
NAMED_UNIT(*)
PLANE_ANGLE_UNIT()
SI_UNIT($,.RADIAN.)
);
#12690=(
NAMED_UNIT(*)
SI_UNIT($,.STERADIAN.)
SOLID_ANGLE_UNIT()
);
#12691=SHAPE_DEFINITION_REPRESENTATION(#12696,#12705);
#12692=SHAPE_DEFINITION_REPRESENTATION(#12697,#12706);
#12693=SHAPE_DEFINITION_REPRESENTATION(#12698,#12707);
#12694=SHAPE_DEFINITION_REPRESENTATION(#12699,#12708);
#12695=SHAPE_DEFINITION_REPRESENTATION(#12700,#12709);
#12696=PRODUCT_DEFINITION_SHAPE('',$,#12711);
#12697=PRODUCT_DEFINITION_SHAPE('',$,#12712);
#12698=PRODUCT_DEFINITION_SHAPE('',$,#12713);
#12699=PRODUCT_DEFINITION_SHAPE('',$,#12714);
#12700=PRODUCT_DEFINITION_SHAPE('',$,#12715);
#12701=PRODUCT_DEFINITION_SHAPE($,$,#23);
#12702=PRODUCT_DEFINITION_SHAPE($,$,#24);
#12703=PRODUCT_DEFINITION_SHAPE($,$,#25);
#12704=PRODUCT_DEFINITION_SHAPE($,$,#26);
#12705=SHAPE_REPRESENTATION('',(#5451,#5721,#5722,#5723,#5724),#12681);
#12706=SHAPE_REPRESENTATION('',(#5452),#12682);
#12707=SHAPE_REPRESENTATION('',(#5537),#12683);
#12708=SHAPE_REPRESENTATION('',(#5672),#12684);
#12709=SHAPE_REPRESENTATION('',(#5684),#12685);
#12710=PRODUCT_DEFINITION_CONTEXT('part definition',#12727,'design');
#12711=PRODUCT_DEFINITION('WK320_ENDSWITCH','WK320_ENDSWITCH v1',#12716,
#12710);
#12712=PRODUCT_DEFINITION('PINS___ _________','PINS___ _________',#12717,
#12710);
#12713=PRODUCT_DEFINITION('High_Part___ _________',
'High_Part___ _________',#12718,#12710);
#12714=PRODUCT_DEFINITION('Button___ _________','Button___ _________',#12719,
#12710);
#12715=PRODUCT_DEFINITION('Plate','Plate',#12720,#12710);
#12716=PRODUCT_DEFINITION_FORMATION('',$,#12729);
#12717=PRODUCT_DEFINITION_FORMATION('',$,#12730);
#12718=PRODUCT_DEFINITION_FORMATION('',$,#12731);
#12719=PRODUCT_DEFINITION_FORMATION('',$,#12732);
#12720=PRODUCT_DEFINITION_FORMATION('',$,#12733);
#12721=PRODUCT_RELATED_PRODUCT_CATEGORY('WK320_ENDSWITCH v1',
'WK320_ENDSWITCH v1',(#12729));
#12722=PRODUCT_RELATED_PRODUCT_CATEGORY('PINS___ _________',
'PINS___ _________',(#12730));
#12723=PRODUCT_RELATED_PRODUCT_CATEGORY('High_Part___ _________',
'High_Part___ _________',(#12731));
#12724=PRODUCT_RELATED_PRODUCT_CATEGORY('Button___ _________',
'Button___ _________',(#12732));
#12725=PRODUCT_RELATED_PRODUCT_CATEGORY('Plate','Plate',(#12733));
#12726=APPLICATION_PROTOCOL_DEFINITION('international standard',
'automotive_design',2009,#12727);
#12727=APPLICATION_CONTEXT(
'Core Data for Automotive Mechanical Design Process');
#12728=PRODUCT_CONTEXT('part definition',#12727,'mechanical');
#12729=PRODUCT('WK320_ENDSWITCH','WK320_ENDSWITCH v1',$,(#12728));
#12730=PRODUCT('PINS___ _________','PINS___ _________',$,(#12728));
#12731=PRODUCT('High_Part___ _________','High_Part___ _________',$,(#12728));
#12732=PRODUCT('Button___ _________','Button___ _________',$,(#12728));
#12733=PRODUCT('Plate','Plate',$,(#12728));
#12734=PRESENTATION_STYLE_ASSIGNMENT((#12739));
#12735=PRESENTATION_STYLE_ASSIGNMENT((#12740));
#12736=PRESENTATION_STYLE_ASSIGNMENT((#12741));
#12737=PRESENTATION_STYLE_ASSIGNMENT((#12742));
#12738=PRESENTATION_STYLE_ASSIGNMENT((#12743));
#12739=SURFACE_STYLE_USAGE(.BOTH.,#12744);
#12740=SURFACE_STYLE_USAGE(.BOTH.,#12745);
#12741=SURFACE_STYLE_USAGE(.BOTH.,#12746);
#12742=SURFACE_STYLE_USAGE(.BOTH.,#12747);
#12743=SURFACE_STYLE_USAGE(.BOTH.,#12748);
#12744=SURFACE_SIDE_STYLE('',(#12749));
#12745=SURFACE_SIDE_STYLE('',(#12750));
#12746=SURFACE_SIDE_STYLE('',(#12751));
#12747=SURFACE_SIDE_STYLE('',(#12752));
#12748=SURFACE_SIDE_STYLE('',(#12753));
#12749=SURFACE_STYLE_FILL_AREA(#12754);
#12750=SURFACE_STYLE_FILL_AREA(#12755);
#12751=SURFACE_STYLE_FILL_AREA(#12756);
#12752=SURFACE_STYLE_FILL_AREA(#12757);
#12753=SURFACE_STYLE_FILL_AREA(#12758);
#12754=FILL_AREA_STYLE('Steel - Satin',(#12759));
#12755=FILL_AREA_STYLE('ABS (White)',(#12760));
#12756=FILL_AREA_STYLE('Steel - Satin',(#12761));
#12757=FILL_AREA_STYLE('ABS (White) (1)',(#12762));
#12758=FILL_AREA_STYLE('ABS (White)',(#12763));
#12759=FILL_AREA_STYLE_COLOUR('Steel - Satin',#12764);
#12760=FILL_AREA_STYLE_COLOUR('ABS (White)',#12765);
#12761=FILL_AREA_STYLE_COLOUR('Steel - Satin',#12766);
#12762=FILL_AREA_STYLE_COLOUR('ABS (White) (1)',#12767);
#12763=FILL_AREA_STYLE_COLOUR('ABS (White)',#12768);
#12764=COLOUR_RGB('Steel - Satin',0.627450980392157,0.627450980392157,0.627450980392157);
#12765=COLOUR_RGB('ABS (White)',1.,1.,1.);
#12766=COLOUR_RGB('Steel - Satin',1.,1.,1.);
#12767=COLOUR_RGB('ABS (White) (1)',0.,0.,0.);
#12768=COLOUR_RGB('ABS (White)',1.,0.,0.);
ENDSEC;
END-ISO-10303-21;
